item_id,order_id,drug_id,quantity,unit_price,line_total
1,1,15,1,54.54,54.54
2,1,34,4,34.82,139.28
3,1,50,3,15.92,47.76
4,2,18,3,69.38,208.14
5,2,14,3,36.29,108.87
6,3,33,1,45.93,45.93
7,4,45,3,74.76,224.28000000000003
8,4,7,1,16.16,16.16
9,5,6,2,23.52,47.04
10,5,19,1,17.62,17.62
11,5,36,4,26.95,107.8
12,5,26,1,19.62,19.62
13,6,49,1,25.98,25.98
14,6,11,1,43.47,43.47
15,7,32,2,18.47,36.94
16,7,53,4,44.1,176.4
17,7,28,2,62.55,125.1
18,7,21,2,89.87,179.74
19,7,7,2,15.82,31.64
20,8,38,1,72.37,72.37
21,8,31,4,191.22,764.88
22,8,26,1,18.88,18.88
23,9,55,4,30.18,120.72
24,9,26,3,18.85,56.550000000000004
25,9,52,2,21.46,42.92
26,9,31,3,173.46,520.38
27,9,40,2,19.54,39.08
28,10,27,4,21.38,85.52
29,10,49,3,26.48,79.44
30,10,5,3,41.11,123.33
31,10,30,3,100.37,301.11
32,11,52,3,23.27,69.81
33,11,15,4,53.26,213.04
34,11,23,2,103.06,206.12
35,12,27,4,22.2,88.8
36,13,39,4,30.82,123.28
37,13,40,4,19.63,78.52
38,13,2,1,93.31,93.31
39,14,27,4,22.25,89.0
40,14,6,3,22.66,67.98
41,14,22,2,229.16,458.32
42,14,17,1,152.85,152.85
43,15,34,2,31.58,63.16
44,16,31,4,175.0,700.0
45,16,44,4,72.38,289.52
46,17,16,4,377.95,1511.8
47,18,15,4,56.99,227.96
48,18,55,4,31.52,126.08
49,18,38,4,75.75,303.0
50,18,34,4,30.85,123.4
51,19,48,2,94.57,189.14
52,19,8,3,119.33,357.99
53,20,12,3,69.96,209.88
54,20,54,1,22.95,22.95
55,20,10,3,17.87,53.61
56,21,20,3,14.23,42.69
57,21,13,1,51.13,51.13
58,21,27,4,21.01,84.04
59,21,28,1,63.23,63.23
60,21,17,1,159.04,159.04
61,22,19,3,18.01,54.03
62,22,45,1,65.11,65.11
63,22,54,3,23.47,70.41
64,23,38,3,72.77,218.31
65,23,21,4,86.04,344.16
66,23,37,2,56.06,112.12
67,23,2,1,91.16,91.16
68,24,33,3,48.66,145.98
69,25,43,1,90.25,90.25
70,25,11,2,42.28,84.56
71,26,21,4,84.4,337.6
72,26,23,2,102.35,204.7
73,26,2,3,92.85,278.54999999999995
74,27,39,2,30.71,61.42
75,28,48,1,97.33,97.33
76,28,47,4,48.9,195.6
77,28,9,3,59.53,178.59
78,28,20,2,14.85,29.7
79,29,29,2,33.32,66.64
80,29,9,3,54.59,163.77
81,30,20,4,14.14,56.56
82,30,51,2,36.95,73.9
83,30,27,1,23.38,23.38
84,30,25,2,28.97,57.94
85,30,49,2,24.74,49.48
86,31,38,1,71.88,71.88
87,31,18,4,72.41,289.64
88,32,13,4,51.91,207.64
89,32,42,2,65.42,130.84
90,32,54,2,21.12,42.24
91,32,21,2,82.39,164.78
92,32,16,4,379.48,1517.92
93,33,47,3,44.72,134.16
94,33,7,2,15.0,30.0
95,34,13,2,47.84,95.68
96,35,47,3,46.95,140.85000000000002
97,35,8,3,116.62,349.86
98,36,54,1,23.73,23.73
99,36,19,3,17.7,53.099999999999994
100,37,25,3,29.86,89.58
101,37,45,2,66.02,132.04
102,37,40,4,19.31,77.24
103,37,15,2,54.98,109.96
104,38,27,2,20.97,41.94
105,39,36,1,30.3,30.3
106,39,21,1,89.89,89.89
107,39,54,1,23.02,23.02
108,40,5,4,36.15,144.6
109,41,42,3,67.82,203.45999999999998
110,42,52,4,23.4,93.6
111,43,47,3,44.33,132.99
112,43,4,2,44.52,89.04
113,43,46,3,53.1,159.3
114,44,52,1,22.7,22.7
115,44,19,3,18.98,56.94
116,44,21,3,87.42,262.26
117,44,39,1,34.21,34.21
118,44,32,2,17.94,35.88
119,45,33,4,43.52,174.08
120,45,11,4,40.26,161.04
121,45,26,1,17.13,17.13
122,45,10,4,18.15,72.6
123,45,14,2,37.93,75.86
124,46,44,3,73.3,219.89999999999998
125,46,18,2,69.44,138.88
126,46,2,4,88.39,353.56
127,46,47,3,43.13,129.39000000000001
128,47,46,1,58.52,58.52
129,47,13,3,50.1,150.3
130,47,50,4,15.36,61.44
131,48,30,2,99.43,198.86
132,48,46,2,59.12,118.24
133,49,50,2,14.88,29.76
134,49,33,1,43.74,43.74
135,49,3,3,27.23,81.69
136,50,38,2,69.1,138.2
137,50,1,3,12.41,37.230000000000004
138,51,51,4,40.53,162.12
139,51,41,1,46.93,46.93
140,51,34,3,31.93,95.78999999999999
141,52,6,1,21.74,21.74
142,53,45,2,64.8,129.6
143,53,32,4,17.9,71.6
144,53,44,3,73.53,220.59
145,53,27,3,21.65,64.94999999999999
146,54,21,2,88.08,176.16
147,55,1,4,12.36,49.44
148,56,32,4,17.37,69.48
149,56,53,1,41.43,41.43
150,56,7,2,15.06,30.12
151,56,10,1,17.84,17.84
152,57,4,3,48.7,146.10000000000002
153,57,45,2,68.54,137.08
154,57,14,4,35.41,141.64
155,58,9,2,54.01,108.02
156,58,28,4,61.1,244.4
157,58,27,4,23.57,94.28
158,59,34,2,31.68,63.36
159,59,16,2,407.76,815.52
160,60,26,3,18.63,55.89
161,60,53,4,44.4,177.6
162,60,23,1,97.3,97.3
163,60,29,3,34.47,103.41
164,60,31,2,174.83,349.66
165,61,19,4,19.33,77.32
166,62,27,3,21.98,65.94
167,62,10,2,17.27,34.54
168,63,13,4,46.16,184.64
169,64,16,1,392.15,392.15
170,64,27,1,22.98,22.98
171,65,35,4,16.37,65.48
172,66,35,1,16.29,16.29
173,67,2,1,84.01,84.01
174,68,23,1,93.2,93.2
175,69,28,2,60.33,120.66
176,69,52,2,21.21,42.42
177,69,20,4,13.67,54.68
178,70,22,2,229.75,459.5
179,70,42,1,66.04,66.04
180,71,43,3,86.99,260.96999999999997
181,71,22,1,216.46,216.46
182,72,16,1,383.29,383.29
183,73,9,4,58.85,235.4
184,73,37,4,60.13,240.52
185,73,1,1,11.97,11.97
186,73,47,4,46.83,187.32
187,74,43,2,88.59,177.18
188,74,55,3,30.04,90.12
189,74,41,4,48.03,192.12
190,75,30,3,101.09,303.27
191,76,53,4,39.92,159.68
192,76,47,1,45.26,45.26
193,77,26,3,18.85,56.550000000000004
194,77,36,4,27.0,108.0
195,78,14,1,36.53,36.53
196,78,39,2,30.41,60.82
197,78,42,2,71.22,142.44
198,79,15,1,53.36,53.36
199,79,24,4,21.93,87.72
200,80,48,3,96.0,288.0
201,81,54,2,21.38,42.76
202,81,35,3,14.3,42.900000000000006
203,82,55,2,32.42,64.84
204,82,49,4,25.5,102.0
205,82,15,1,50.79,50.79
206,82,48,4,98.88,395.52
207,83,49,4,25.83,103.32
208,83,45,3,69.8,209.39999999999998
209,83,17,4,145.11,580.44
210,83,7,4,16.24,64.96
211,83,27,1,24.01,24.01
212,84,21,3,91.05,273.15
213,84,15,2,50.25,100.5
214,84,12,1,66.7,66.7
215,84,2,3,83.64,250.92000000000002
216,85,54,2,23.17,46.34
217,86,27,2,21.6,43.2
218,86,30,4,95.38,381.52
219,87,40,4,19.7,78.8
220,87,42,3,62.17,186.51
221,87,14,4,35.54,142.16
222,87,13,4,50.19,200.76
223,88,14,4,36.45,145.8
224,88,52,2,21.3,42.6
225,89,17,2,137.85,275.7
226,90,24,2,20.74,41.48
227,90,48,1,93.5,93.5
228,90,4,4,43.46,173.84
229,91,20,4,14.71,58.84
230,92,19,2,17.5,35.0
231,92,30,4,96.18,384.72
232,93,31,3,190.49,571.47
233,93,34,3,33.67,101.01
234,93,2,3,85.15,255.45000000000002
235,93,8,3,126.96,380.88
236,93,40,3,17.35,52.050000000000004
237,94,8,1,117.94,117.94
238,95,22,4,212.65,850.6
239,95,4,3,42.79,128.37
240,95,19,4,18.48,73.92
241,96,40,2,18.82,37.64
242,97,55,3,31.49,94.47
243,97,29,1,34.62,34.62
244,97,19,4,19.38,77.52
245,97,15,1,53.65,53.65
246,98,4,4,48.87,195.48
247,98,18,4,72.44,289.76
248,99,51,3,40.03,120.09
249,100,2,1,93.46,93.46
250,100,45,1,65.2,65.2
251,101,35,3,15.85,47.55
252,101,23,3,101.01,303.03000000000003
253,101,41,4,46.02,184.08
254,102,25,3,27.76,83.28
255,103,13,3,51.99,155.97
256,103,52,1,23.06,23.06
257,103,39,1,31.88,31.88
258,103,54,1,21.34,21.34
259,104,26,4,18.55,74.2
260,104,53,1,41.18,41.18
261,104,29,1,35.93,35.93
262,104,39,1,32.2,32.2
263,104,4,1,45.62,45.62
264,105,2,1,83.32,83.32
265,105,7,3,15.51,46.53
266,105,22,2,240.83,481.66
267,106,27,3,21.39,64.17
268,107,32,3,18.94,56.82000000000001
269,107,14,1,37.57,37.57
270,108,47,4,48.47,193.88
271,108,30,1,91.31,91.31
272,108,3,3,30.66,91.98
273,108,16,4,413.8,1655.2
274,109,40,1,18.5,18.5
275,109,10,3,19.5,58.5
276,109,17,3,151.49,454.47
277,110,3,4,29.03,116.12
278,110,17,4,158.9,635.6
279,111,39,3,33.8,101.39999999999999
280,111,34,4,34.09,136.36
281,111,10,4,17.85,71.4
282,112,31,3,183.34,550.02
283,113,42,2,64.47,128.94
284,113,5,3,39.88,119.64000000000001
285,113,7,4,14.78,59.12
286,114,52,4,21.66,86.64
287,114,2,4,81.41,325.64
288,115,50,4,15.35,61.4
289,115,38,1,76.24,76.24
290,115,54,2,21.63,43.26
291,115,30,1,90.71,90.71
292,115,12,2,68.29,136.58
293,116,44,4,73.13,292.52
294,117,22,3,230.76,692.28
295,117,32,3,17.72,53.16
296,118,34,2,34.65,69.3
297,119,15,2,49.7,99.4
298,120,50,3,14.84,44.519999999999996
299,120,47,2,42.8,85.6
300,121,32,4,19.39,77.56
301,121,39,3,33.75,101.25
302,121,45,2,74.44,148.88
303,121,23,1,97.85,97.85
304,122,39,3,34.93,104.78999999999999
305,122,9,2,53.0,106.0
306,123,38,4,76.08,304.32
307,123,7,4,16.16,64.64
308,124,16,1,381.33,381.33
309,124,4,2,43.34,86.68
310,125,53,4,44.59,178.36
311,125,39,2,34.15,68.3
312,125,43,2,85.73,171.46
313,125,33,3,45.45,136.35000000000002
314,126,23,2,98.3,196.6
315,126,1,2,12.07,24.14
316,127,39,3,31.33,93.99
317,128,24,2,20.04,40.08
318,129,50,1,15.61,15.61
319,130,51,3,36.32,108.96000000000001
320,130,25,4,29.95,119.8
321,130,33,2,43.14,86.28
322,131,55,1,32.63,32.63
323,131,3,1,26.78,26.78
324,132,23,2,90.41,180.82
325,133,42,3,68.73,206.19
326,133,6,1,21.0,21.0
327,133,5,1,40.21,40.21
328,133,24,4,21.51,86.04
329,134,5,1,36.97,36.97
330,134,26,1,17.91,17.91
331,134,47,3,46.06,138.18
332,134,53,3,41.34,124.02000000000001
333,135,18,4,78.08,312.32
334,136,53,4,46.03,184.12
335,136,2,1,90.02,90.02
336,136,35,2,14.77,29.54
337,136,41,3,47.09,141.27
338,136,7,1,15.08,15.08
339,137,1,3,12.74,38.22
340,137,41,3,49.33,147.99
341,137,4,1,46.46,46.46
342,138,55,2,32.21,64.42
343,138,3,3,29.03,87.09
344,138,14,3,35.06,105.18
345,139,11,4,40.96,163.84
346,139,12,4,62.98,251.92
347,139,29,2,36.12,72.24
348,140,47,2,47.75,95.5
349,140,5,1,41.56,41.56
350,140,45,2,69.37,138.74
351,140,41,3,52.75,158.25
352,141,4,1,47.83,47.83
353,141,51,1,40.93,40.93
354,142,47,2,48.64,97.28
355,143,44,4,75.04,300.16
356,144,11,1,40.26,40.26
357,145,13,2,51.64,103.28
358,145,3,3,30.78,92.34
359,145,21,2,88.0,176.0
360,146,55,3,30.09,90.27
361,146,43,2,85.1,170.2
362,146,11,4,42.56,170.24
363,147,7,4,15.8,63.2
364,147,22,1,210.88,210.88
365,147,40,2,17.44,34.88
366,147,10,2,18.16,36.32
367,147,46,3,55.54,166.62
368,148,8,1,127.52,127.52
369,149,16,1,400.72,400.72
370,149,49,4,24.07,96.28
371,149,50,4,14.85,59.4
372,150,3,2,27.66,55.32
373,150,22,1,226.49,226.49
374,151,3,1,27.73,27.73
375,151,18,3,78.38,235.14
376,151,54,2,22.88,45.76
377,151,15,2,50.37,100.74
378,151,35,3,15.03,45.089999999999996
379,152,43,3,85.15,255.45000000000002
380,152,50,4,15.19,60.76
381,153,16,1,413.13,413.13
382,154,52,1,24.05,24.05
383,154,55,2,30.05,60.1
384,154,7,1,15.45,15.45
385,155,33,3,47.81,143.43
386,155,1,1,11.87,11.87
387,155,28,2,60.31,120.62
388,156,46,2,54.34,108.68
389,156,43,3,88.97,266.90999999999997
390,156,5,2,40.64,81.28
391,156,52,1,23.77,23.77
392,157,13,3,50.99,152.97
393,158,17,1,148.81,148.81
394,158,40,1,17.93,17.93
395,158,36,2,27.32,54.64
396,159,1,2,12.88,25.76
397,160,11,2,44.16,88.32
398,160,40,4,18.96,75.84
399,161,39,4,32.84,131.36
400,161,2,4,86.56,346.24
401,161,50,2,14.61,29.22
402,161,29,1,35.37,35.37
403,161,12,2,64.23,128.46
404,162,23,2,94.67,189.34
405,162,24,2,20.86,41.72
406,162,37,4,56.08,224.32
407,163,42,1,64.41,64.41
408,163,32,4,19.27,77.08
409,164,54,1,22.3,22.3
410,164,40,4,18.51,74.04
411,165,53,1,43.69,43.69
412,166,7,3,14.55,43.650000000000006
413,166,12,2,63.68,127.36
414,166,5,4,40.09,160.36
415,166,9,4,55.91,223.64
416,166,25,3,28.2,84.6
417,167,5,2,38.74,77.48
418,167,45,4,73.37,293.48
419,167,53,3,43.95,131.85000000000002
420,168,14,2,38.17,76.34
421,168,51,2,38.95,77.9
422,168,40,3,17.74,53.22
423,169,55,2,32.24,64.48
424,169,38,2,77.29,154.58
425,170,15,3,50.45,151.35000000000002
426,171,35,2,15.36,30.72
427,172,24,1,20.61,20.61
428,172,12,1,68.67,68.67
429,172,54,2,23.0,46.0
430,172,47,2,48.58,97.16
431,173,25,4,26.85,107.4
432,174,24,3,19.8,59.400000000000006
433,174,36,1,28.91,28.91
434,175,36,3,27.71,83.13
435,175,39,4,32.15,128.6
436,176,20,1,14.52,14.52
437,176,12,4,70.04,280.16
438,177,5,3,41.34,124.02000000000001
439,177,30,1,93.37,93.37
440,177,43,2,92.67,185.34
441,177,37,2,56.51,113.02
442,178,31,4,181.81,727.24
443,179,54,4,23.05,92.2
444,179,29,2,38.05,76.1
445,180,16,3,417.18,1251.54
446,180,51,4,37.43,149.72
447,180,50,4,15.95,63.8
448,181,41,2,47.15,94.3
449,181,26,4,18.96,75.84
450,181,28,3,63.25,189.75
451,182,8,3,119.02,357.06
452,182,51,2,37.58,75.16
453,183,8,4,130.4,521.6
454,183,15,4,50.28,201.12
455,184,13,1,49.83,49.83
456,185,19,2,17.14,34.28
457,186,49,2,27.4,54.8
458,186,13,2,47.36,94.72
459,187,24,3,19.04,57.12
460,187,34,4,30.68,122.72
461,187,33,3,47.18,141.54
462,188,18,1,69.0,69.0
463,188,54,2,21.03,42.06
464,188,14,1,37.17,37.17
465,188,8,2,118.93,237.86
466,188,5,1,41.25,41.25
467,189,52,1,21.42,21.42
468,189,43,2,95.37,190.74
469,189,15,2,55.27,110.54
470,190,40,2,19.08,38.16
471,190,21,1,86.45,86.45
472,191,22,2,224.83,449.66
473,192,20,3,15.06,45.18
474,192,14,1,33.81,33.81
475,192,47,4,47.78,191.12
476,193,17,3,146.2,438.59999999999997
477,194,17,2,149.32,298.64
478,194,14,1,33.6,33.6
479,194,44,4,77.33,309.32
480,195,14,3,34.82,104.46000000000001
481,196,45,3,73.65,220.95000000000002
482,197,45,4,68.59,274.36
483,197,43,4,85.77,343.08
484,198,1,4,11.9,47.6
485,198,32,2,17.58,35.16
486,198,48,3,99.15,297.45000000000005
487,199,27,3,22.17,66.51
488,199,26,2,19.36,38.72
489,200,51,3,36.4,109.19999999999999
490,200,22,1,235.31,235.31
491,201,14,2,34.26,68.52
492,201,35,4,15.64,62.56
493,202,8,2,114.2,228.4
494,203,8,3,119.31,357.93
495,203,55,4,29.89,119.56
496,203,31,2,182.74,365.48
497,203,2,1,88.69,88.69
498,204,23,1,100.61,100.61
499,204,2,4,84.06,336.24
500,204,22,1,236.83,236.83
501,204,20,4,14.9,59.6
502,205,55,3,32.24,96.72
503,205,29,4,38.43,153.72
504,206,37,3,55.97,167.91
505,206,13,3,47.8,143.39999999999998
506,207,14,3,33.96,101.88
507,207,30,1,96.06,96.06
508,207,6,2,23.47,46.94
509,208,35,2,16.17,32.34
510,209,54,1,22.65,22.65
511,209,9,4,58.9,235.6
512,209,4,2,47.29,94.58
513,210,55,1,29.61,29.61
514,210,42,3,64.54,193.62
515,211,9,4,57.15,228.6
516,211,25,1,28.46,28.46
517,212,43,4,88.03,352.12
518,212,5,3,40.69,122.07
519,212,28,3,61.27,183.81
520,213,42,4,63.23,252.92
521,213,26,2,17.34,34.68
522,213,4,4,43.22,172.88
523,214,2,1,90.97,90.97
524,215,8,4,115.43,461.72
525,215,9,2,52.85,105.7
526,215,30,3,94.19,282.57
527,216,1,1,11.71,11.71
528,217,44,4,74.67,298.68
529,218,2,1,82.05,82.05
530,219,18,1,73.03,73.03
531,219,19,1,19.17,19.17
532,219,52,2,23.27,46.54
533,219,11,1,45.7,45.7
534,220,10,4,17.47,69.88
535,220,13,4,47.56,190.24
536,220,2,3,82.1,246.29999999999998
537,221,26,1,19.12,19.12
538,221,46,3,57.87,173.60999999999999
539,221,36,4,30.76,123.04
540,221,15,4,54.56,218.24
541,221,30,2,95.13,190.26
542,222,44,2,69.21,138.42
543,222,52,3,22.02,66.06
544,222,25,3,28.36,85.08
545,223,52,4,22.19,88.76
546,223,21,2,85.95,171.9
547,223,22,1,224.26,224.26
548,224,17,1,151.72,151.72
549,224,31,3,176.7,530.0999999999999
550,224,36,2,27.38,54.76
551,225,15,1,49.7,49.7
552,226,43,4,90.51,362.04
553,226,51,3,40.07,120.21000000000001
554,226,6,1,21.92,21.92
555,226,23,2,98.8,197.6
556,227,41,4,49.43,197.72
557,227,49,2,24.18,48.36
558,228,10,4,18.6,74.4
559,228,53,2,44.25,88.5
560,228,40,4,17.24,68.96
561,229,19,2,17.58,35.16
562,229,11,4,40.21,160.84
563,229,33,2,42.81,85.62
564,229,9,3,58.68,176.04
565,230,43,3,85.05,255.14999999999998
566,230,48,1,95.04,95.04
567,230,20,2,15.17,30.34
568,231,2,1,89.82,89.82
569,232,47,4,47.81,191.24
570,232,51,2,36.79,73.58
571,232,38,2,69.32,138.64
572,232,20,4,14.02,56.08
573,232,32,2,19.41,38.82
574,233,2,1,92.9,92.9
575,233,54,3,22.02,66.06
576,233,51,3,41.57,124.71000000000001
577,233,33,2,45.19,90.38
578,234,30,4,96.52,386.08
579,234,35,2,14.72,29.44
580,234,6,2,23.35,46.7
581,234,54,3,21.8,65.4
582,235,37,3,59.56,178.68
583,236,38,4,76.56,306.24
584,236,16,2,362.39,724.78
585,237,6,2,23.07,46.14
586,237,29,4,38.31,153.24
587,237,5,4,40.19,160.76
588,237,37,4,56.56,226.24
589,238,30,3,95.65,286.95000000000005
590,238,4,4,48.2,192.8
591,238,3,4,27.68,110.72
592,239,5,4,41.05,164.2
593,240,1,2,11.84,23.68
594,240,31,4,181.54,726.16
595,240,50,4,16.39,65.56
596,240,54,4,23.25,93.0
597,241,16,3,378.52,1135.56
598,241,35,4,15.68,62.72
599,241,29,3,37.22,111.66
600,241,19,3,18.57,55.71
601,241,27,3,24.17,72.51
602,242,9,1,56.63,56.63
603,243,2,4,81.79,327.16
604,243,4,2,44.31,88.62
605,244,19,1,17.33,17.33
606,244,13,4,50.81,203.24
607,244,8,2,119.05,238.1
608,244,25,4,29.93,119.72
609,244,31,4,196.15,784.6
610,245,47,1,47.68,47.68
611,245,6,3,22.22,66.66
612,245,3,4,27.53,110.12
613,245,48,3,97.25,291.75
614,245,50,1,14.55,14.55
615,246,18,2,73.96,147.92
616,247,28,2,60.69,121.38
617,248,8,2,124.86,249.72
618,248,28,2,67.64,135.28
619,249,27,1,21.26,21.26
620,249,50,4,16.43,65.72
621,249,25,4,28.1,112.4
622,249,2,3,90.17,270.51
623,250,31,2,176.04,352.08
624,251,26,4,19.04,76.16
625,251,24,1,20.69,20.69
626,252,55,1,30.07,30.07
627,252,24,3,19.48,58.44
628,252,41,2,52.26,104.52
629,252,38,1,77.47,77.47
630,252,32,3,17.51,52.53
631,253,31,4,193.78,775.12
632,253,35,3,14.69,44.07
633,253,40,3,19.55,58.650000000000006
634,253,24,1,19.59,19.59
635,253,10,3,18.25,54.75
636,254,41,1,50.76,50.76
637,254,45,2,70.82,141.64
638,255,48,1,93.54,93.54
639,256,12,1,65.03,65.03
640,256,45,1,69.44,69.44
641,256,25,2,28.89,57.78
642,257,40,1,18.24,18.24
643,257,52,1,22.4,22.4
644,257,6,1,21.95,21.95
645,257,34,1,34.56,34.56
646,258,5,1,40.27,40.27
647,259,35,2,15.24,30.48
648,260,20,1,13.78,13.78
649,260,26,2,18.86,37.72
650,260,49,2,25.93,51.86
651,260,1,2,11.93,23.86
652,261,29,1,33.37,33.37
653,262,20,2,14.32,28.64
654,262,8,1,123.58,123.58
655,262,37,1,57.03,57.03
656,262,10,1,17.51,17.51
657,263,18,4,76.78,307.12
658,264,26,1,18.29,18.29
659,264,12,1,62.67,62.67
660,264,46,4,54.92,219.68
661,265,35,2,14.63,29.26
662,266,31,3,180.0,540.0
663,267,5,1,41.64,41.64
664,267,8,1,121.89,121.89
665,267,13,2,51.17,102.34
666,268,13,4,46.09,184.36
667,268,47,1,44.36,44.36
668,268,5,3,40.94,122.82
669,269,51,4,37.99,151.96
670,269,30,3,103.24,309.71999999999997
671,269,34,4,33.02,132.08
672,269,38,3,75.14,225.42000000000002
673,269,45,4,71.33,285.32
674,270,36,2,30.68,61.36
675,270,46,2,54.72,109.44
676,271,44,3,68.92,206.76
677,271,46,4,57.24,228.96
678,271,39,4,34.11,136.44
679,271,55,1,32.87,32.87
680,272,16,2,376.76,753.52
681,272,51,2,37.97,75.94
682,273,54,1,22.13,22.13
683,273,21,1,93.49,93.49
684,273,1,4,11.82,47.28
685,274,5,3,37.25,111.75
686,274,44,3,76.96,230.88
687,274,21,1,86.39,86.39
688,274,34,3,31.54,94.62
689,275,29,3,33.27,99.81
690,275,45,1,66.25,66.25
691,275,14,2,37.06,74.12
692,275,26,1,17.54,17.54
693,275,17,3,153.71,461.13
694,276,7,2,14.97,29.94
695,277,39,3,33.98,101.94
696,277,13,2,46.91,93.82
697,278,8,1,115.22,115.22
698,279,45,2,71.2,142.4
699,279,25,2,27.88,55.76
700,279,55,4,32.83,131.32
701,280,3,3,27.14,81.42
702,281,40,1,18.48,18.48
703,282,50,1,15.37,15.37
704,282,41,3,50.98,152.94
705,283,15,2,55.23,110.46
706,283,48,2,98.37,196.74
707,284,54,3,22.79,68.37
708,284,51,3,36.7,110.10000000000001
709,284,8,2,129.77,259.54
710,284,39,4,31.93,127.72
711,284,11,4,41.47,165.88
712,285,12,2,65.26,130.52
713,286,30,2,98.32,196.64
714,286,48,1,94.29,94.29
715,287,42,3,69.96,209.88
716,288,10,4,17.64,70.56
717,288,52,1,21.62,21.62
718,289,28,3,63.68,191.04
719,290,23,1,103.12,103.12
720,290,51,1,37.5,37.5
721,291,15,3,50.89,152.67000000000002
722,291,17,3,146.85,440.54999999999995
723,292,55,1,29.93,29.93
724,292,42,1,66.3,66.3
725,293,45,2,67.68,135.36
726,294,21,2,88.61,177.22
727,294,11,4,42.66,170.64
728,295,53,1,42.25,42.25
729,295,6,2,22.06,44.12
730,295,41,4,51.74,206.96
731,296,16,3,367.5,1102.5
732,296,39,4,31.36,125.44
733,296,37,3,60.34,181.02
734,297,53,1,42.89,42.89
735,297,46,1,60.14,60.14
736,298,22,2,212.74,425.48
737,299,38,1,68.7,68.7
738,300,50,3,15.14,45.42
739,300,40,3,17.47,52.41
740,300,21,3,86.75,260.25
741,300,28,1,68.1,68.1
742,300,6,3,24.07,72.21000000000001
743,301,36,4,29.91,119.64
744,301,38,4,74.38,297.52
745,302,45,3,66.91,200.73
746,302,24,4,20.56,82.24
747,303,30,3,98.6,295.79999999999995
748,303,54,3,23.28,69.84
749,304,16,3,395.94,1187.82
750,304,8,2,121.64,243.28
751,304,11,2,45.35,90.7
752,304,33,3,46.99,140.97
753,305,39,2,31.19,62.38
754,306,27,2,23.66,47.32
755,307,50,1,14.99,14.99
756,307,33,1,46.88,46.88
757,308,39,1,33.47,33.47
758,309,21,2,90.76,181.52
759,309,24,1,19.09,19.09
760,310,3,3,29.23,87.69
761,310,10,1,17.67,17.67
762,310,31,2,184.33,368.66
763,311,32,1,19.24,19.24
764,311,17,2,140.64,281.28
765,312,13,2,50.86,101.72
766,313,18,2,78.4,156.8
767,313,49,4,23.92,95.68
768,313,12,1,69.07,69.07
769,313,9,4,53.61,214.44
770,314,54,3,21.73,65.19
771,315,8,3,123.14,369.42
772,315,2,2,91.18,182.36
773,316,16,4,376.06,1504.24
774,316,42,1,62.69,62.69
775,316,1,1,12.08,12.08
776,317,54,3,22.71,68.13
777,317,19,2,19.58,39.16
778,318,29,1,33.58,33.58
779,319,15,1,52.5,52.5
780,320,20,4,14.92,59.68
781,320,2,2,85.74,171.48
782,320,34,3,30.63,91.89
783,321,16,4,364.57,1458.28
784,321,23,3,91.35,274.04999999999995
785,321,10,1,17.86,17.86
786,321,20,4,13.59,54.36
787,321,18,1,69.06,69.06
788,322,9,3,59.84,179.52
789,322,43,3,83.64,250.92000000000002
790,322,47,4,48.46,193.84
791,323,18,1,72.88,72.88
792,323,17,2,149.28,298.56
793,323,46,2,56.6,113.2
794,323,1,2,11.69,23.38
795,324,3,2,28.32,56.64
796,324,11,1,43.77,43.77
797,324,48,4,95.92,383.68
798,324,30,1,90.56,90.56
799,325,36,4,28.71,114.84
800,325,14,4,33.27,133.08
801,326,35,4,16.17,64.68
802,326,30,2,91.17,182.34
803,326,11,2,41.17,82.34
804,326,16,2,368.73,737.46
805,326,38,3,71.09,213.27
806,327,27,1,23.7,23.7
807,327,1,2,11.89,23.78
808,327,19,3,19.72,59.16
809,327,14,1,35.6,35.6
810,327,31,1,177.28,177.28
811,328,1,3,13.05,39.150000000000006
812,329,35,1,14.34,14.34
813,330,40,1,19.64,19.64
814,330,54,2,22.31,44.62
815,331,2,1,87.14,87.14
816,331,39,4,31.35,125.4
817,332,20,2,14.19,28.38
818,332,52,2,22.01,44.02
819,332,18,4,75.56,302.24
820,332,41,3,50.1,150.3
821,332,47,3,45.66,136.98
822,333,12,4,64.24,256.96
823,333,22,2,218.05,436.1
824,333,36,3,28.54,85.62
825,333,24,2,20.48,40.96
826,333,13,2,51.03,102.06
827,334,37,1,54.64,54.64
828,334,14,2,37.22,74.44
829,334,38,1,75.7,75.7
830,335,9,2,59.59,119.18
831,336,33,2,49.29,98.58
832,337,48,4,91.72,366.88
833,337,23,3,100.47,301.40999999999997
834,337,38,1,78.18,78.18
835,338,51,2,40.34,80.68
836,338,40,3,18.25,54.75
837,338,53,1,42.89,42.89
838,339,37,2,60.1,120.2
839,339,33,2,44.91,89.82
840,340,47,2,49.22,98.44
841,341,37,3,58.96,176.88
842,342,9,1,53.44,53.44
843,342,24,1,20.21,20.21
844,342,43,1,91.14,91.14
845,342,15,3,49.7,149.10000000000002
846,342,12,2,68.36,136.72
847,343,4,4,43.13,172.52
848,343,49,1,25.52,25.52
849,343,54,3,22.01,66.03
850,344,14,2,36.31,72.62
851,344,32,1,19.22,19.22
852,344,7,2,16.44,32.88
853,344,37,4,55.01,220.04
854,344,29,1,36.31,36.31
855,345,51,4,39.79,159.16
856,345,43,3,93.93,281.79
857,346,2,1,90.32,90.32
858,346,32,4,18.94,75.76
859,346,14,1,33.41,33.41
860,346,55,2,30.84,61.68
861,346,13,3,46.0,138.0
862,347,39,2,34.25,68.5
863,348,46,3,53.11,159.32999999999998
864,348,7,4,15.22,60.88
865,348,22,4,238.6,954.4
866,349,28,2,66.18,132.36
867,349,41,2,49.08,98.16
868,350,1,1,13.0,13.0
869,350,31,1,173.77,173.77
870,351,2,4,89.71,358.84
871,351,5,2,38.03,76.06
872,351,7,1,14.52,14.52
873,352,44,3,79.09,237.27
874,352,23,2,94.39,188.78
875,353,19,2,18.59,37.18
876,353,25,1,28.04,28.04
877,353,26,1,17.13,17.13
878,354,1,4,11.99,47.96
879,354,33,2,44.08,88.16
880,354,8,4,123.4,493.6
881,355,34,4,34.66,138.64
882,356,47,4,47.98,191.92
883,356,39,2,32.44,64.88
884,357,26,3,19.76,59.28
885,358,26,1,17.82,17.82
886,359,39,4,33.83,135.32
887,359,9,1,53.19,53.19
888,359,18,4,78.79,315.16
889,360,20,2,15.25,30.5
890,360,45,1,69.01,69.01
891,360,18,2,70.12,140.24
892,361,19,4,18.24,72.96
893,361,8,2,115.09,230.18
894,361,1,3,11.42,34.26
895,361,39,3,34.03,102.09
896,362,48,4,99.54,398.16
897,362,47,1,43.49,43.49
898,363,35,1,16.17,16.17
899,363,16,2,379.83,759.66
900,363,27,3,21.25,63.75
901,363,51,4,38.42,153.68
902,363,46,4,57.59,230.36
903,364,49,4,27.28,109.12
904,364,7,3,14.48,43.44
905,365,1,1,11.6,11.6
906,366,29,2,35.46,70.92
907,367,3,2,30.46,60.92
908,368,24,2,20.75,41.5
909,368,32,1,18.85,18.85
910,368,27,2,22.5,45.0
911,368,37,2,58.55,117.1
912,368,46,3,55.85,167.55
913,369,12,4,66.15,264.6
914,369,42,4,66.41,265.64
915,369,13,1,48.37,48.37
916,369,38,4,69.67,278.68
917,370,49,1,24.05,24.05
918,371,38,1,71.96,71.96
919,371,6,2,20.91,41.82
920,372,8,3,123.93,371.79
921,372,25,1,28.66,28.66
922,373,12,4,70.94,283.76
923,373,25,4,26.61,106.44
924,373,51,1,38.18,38.18
925,373,33,3,47.48,142.44
926,373,21,3,88.75,266.25
927,374,8,2,120.55,241.1
928,374,32,4,17.42,69.68
929,375,53,3,45.54,136.62
930,376,25,2,29.96,59.92
931,376,5,4,36.41,145.64
932,377,35,4,15.92,63.68
933,378,33,3,48.13,144.39000000000001
934,378,19,2,17.31,34.62
935,379,42,3,64.6,193.79999999999998
936,379,44,2,69.42,138.84
937,379,47,4,42.78,171.12
938,380,21,3,91.05,273.15
939,380,33,4,43.97,175.88
940,380,52,1,21.8,21.8
941,381,1,1,11.95,11.95
942,382,23,2,102.67,205.34
943,383,22,4,225.17,900.68
944,384,19,3,18.82,56.46
945,384,49,2,24.56,49.12
946,384,51,1,36.46,36.46
947,385,32,1,17.62,17.62
948,386,34,4,34.96,139.84
949,386,36,4,29.38,117.52
950,386,33,1,45.51,45.51
951,386,4,3,49.01,147.03
952,387,17,2,155.54,311.08
953,387,2,3,91.55,274.65
954,387,13,3,51.12,153.35999999999999
955,388,31,1,181.42,181.42
956,388,39,2,32.82,65.64
957,388,26,2,19.7,39.4
958,388,9,4,52.49,209.96
959,389,22,4,210.98,843.92
960,389,11,3,46.15,138.45
961,389,5,2,38.26,76.52
962,390,51,1,38.69,38.69
963,390,38,1,73.91,73.91
964,391,17,3,150.98,452.93999999999994
965,391,37,4,52.88,211.52
966,391,31,4,175.25,701.0
967,391,36,4,28.24,112.96
968,391,9,3,55.56,166.68
969,392,21,3,83.85,251.54999999999998
970,393,23,2,103.64,207.28
971,393,24,1,21.14,21.14
972,394,45,4,73.15,292.6
973,395,37,2,57.45,114.9
974,395,53,3,42.03,126.09
975,395,18,2,78.88,157.76
976,396,52,4,23.23,92.92
977,396,40,4,18.66,74.64
978,396,28,3,64.33,192.99
979,397,4,2,48.18,96.36
980,397,14,1,36.97,36.97
981,398,35,3,14.43,43.29
982,398,20,2,14.4,28.8
983,398,15,1,54.77,54.77
984,398,27,1,22.11,22.11
985,399,12,3,70.68,212.04000000000002
986,399,47,4,49.25,197.0
987,399,45,4,69.8,279.2
988,400,41,1,49.03,49.03
989,400,38,3,71.76,215.28000000000003
990,400,5,1,37.67,37.67
991,401,19,2,19.19,38.38
992,401,36,1,27.48,27.48
993,402,39,2,33.71,67.42
994,402,25,3,26.77,80.31
995,403,27,4,23.47,93.88
996,403,20,3,13.31,39.93
997,403,3,3,29.27,87.81
998,404,45,1,71.42,71.42
999,404,22,1,231.24,231.24
1000,404,8,2,124.18,248.36
1001,404,14,4,35.31,141.24
1002,404,43,2,89.58,179.16
1003,405,14,4,35.94,143.76
1004,406,2,3,89.75,269.25
1005,407,39,3,34.46,103.38
1006,407,14,4,35.96,143.84
1007,408,18,4,74.85,299.4
1008,408,35,2,15.52,31.04
1009,408,21,2,82.53,165.06
1010,409,42,3,62.62,187.85999999999999
1011,409,43,3,96.16,288.48
1012,410,54,3,23.63,70.89
1013,411,27,3,22.57,67.71000000000001
1014,411,50,2,15.29,30.58
1015,411,47,3,46.11,138.32999999999998
1016,412,54,1,20.97,20.97
1017,413,8,2,118.01,236.02
1018,413,37,4,60.11,240.44
1019,413,43,1,94.63,94.63
1020,414,8,3,122.46,367.38
1021,414,20,3,13.79,41.37
1022,414,23,1,96.26,96.26
1023,414,43,1,91.72,91.72
1024,414,35,4,15.92,63.68
1025,415,25,4,30.7,122.8
1026,416,54,2,21.55,43.1
1027,416,39,1,33.97,33.97
1028,416,13,4,48.29,193.16
1029,417,49,1,27.44,27.44
1030,417,8,2,117.39,234.78
1031,417,16,4,411.62,1646.48
1032,417,22,3,222.72,668.16
1033,418,11,4,44.91,179.64
1034,418,22,3,233.96,701.88
1035,419,37,4,53.66,214.64
1036,419,6,2,22.56,45.12
1037,419,53,4,42.15,168.6
1038,419,47,4,45.3,181.2
1039,420,24,1,20.01,20.01
1040,420,26,1,18.21,18.21
1041,420,9,4,58.63,234.52
1042,420,40,4,18.29,73.16
1043,420,25,2,27.66,55.32
1044,421,44,1,72.98,72.98
1045,422,15,4,53.47,213.88
1046,422,20,1,14.75,14.75
1047,422,24,1,19.42,19.42
1048,423,10,1,18.01,18.01
1049,424,21,3,85.8,257.4
1050,424,31,3,173.5,520.5
1051,425,9,2,58.66,117.32
1052,426,4,2,45.9,91.8
1053,426,39,4,33.59,134.36
1054,426,43,3,88.54,265.62
1055,426,5,4,38.96,155.84
1056,426,35,1,15.21,15.21
1057,427,31,2,176.67,353.34
1058,427,43,3,92.14,276.42
1059,427,36,2,29.97,59.94
1060,427,51,3,40.45,121.35000000000001
1061,428,31,4,195.35,781.4
1062,429,35,1,14.81,14.81
1063,430,3,3,27.42,82.26
1064,430,32,3,18.02,54.06
1065,431,15,2,56.62,113.24
1066,432,20,3,14.33,42.99
1067,432,16,3,385.22,1155.66
1068,432,44,4,74.14,296.56
1069,432,42,3,67.01,201.03000000000003
1070,432,43,4,93.77,375.08
1071,433,13,2,46.11,92.22
1072,434,41,2,45.82,91.64
1073,435,16,3,370.48,1111.44
1074,436,26,2,17.99,35.98
1075,436,16,1,408.78,408.78
1076,437,50,1,15.83,15.83
1077,437,4,1,48.1,48.1
1078,438,31,2,193.16,386.32
1079,439,16,2,382.09,764.18
1080,440,38,3,78.56,235.68
1081,440,37,3,59.71,179.13
1082,441,13,3,50.7,152.10000000000002
1083,441,17,1,140.5,140.5
1084,441,19,3,18.36,55.08
1085,441,41,3,48.33,144.99
1086,442,36,1,29.44,29.44
1087,442,23,3,98.99,296.96999999999997
1088,443,53,3,41.72,125.16
1089,443,23,3,103.6,310.79999999999995
1090,444,16,4,364.97,1459.88
1091,444,51,3,37.36,112.08
1092,444,41,2,46.27,92.54
1093,444,50,4,14.55,58.2
1094,444,14,4,34.79,139.16
1095,445,28,2,66.94,133.88
1096,445,32,3,17.16,51.480000000000004
1097,446,48,4,92.71,370.84
1098,446,42,3,68.36,205.07999999999998
1099,446,46,4,58.6,234.4
1100,447,30,1,97.1,97.1
1101,448,34,3,31.42,94.26
1102,448,41,3,50.55,151.64999999999998
1103,448,6,2,24.11,48.22
1104,449,40,4,18.93,75.72
1105,449,46,2,54.87,109.74
1106,450,10,2,17.17,34.34
1107,450,27,2,23.14,46.28
1108,450,36,2,28.49,56.98
1109,450,24,1,19.07,19.07
1110,451,1,3,13.13,39.39
1111,451,25,4,27.59,110.36
1112,451,44,1,68.69,68.69
1113,452,8,3,126.25,378.75
1114,452,4,3,48.23,144.69
1115,452,6,3,22.5,67.5
1116,453,47,4,46.36,185.44
1117,453,29,1,35.9,35.9
1118,454,10,4,19.76,79.04
1119,455,10,2,19.79,39.58
1120,455,54,1,21.28,21.28
1121,455,21,3,82.16,246.48
1122,456,36,2,27.1,54.2
1123,456,46,2,53.59,107.18
1124,456,40,3,17.98,53.94
1125,456,23,3,92.61,277.83
1126,457,8,1,125.7,125.7
1127,457,27,2,21.69,43.38
1128,458,36,3,27.94,83.82000000000001
1129,458,17,1,159.29,159.29
1130,458,50,4,16.24,64.96
1131,458,6,2,21.86,43.72
1132,459,43,4,84.41,337.64
1133,460,26,1,18.9,18.9
1134,460,10,4,19.07,76.28
1135,460,32,2,18.21,36.42
1136,460,40,1,18.6,18.6
1137,460,6,4,22.01,88.04
1138,461,11,1,41.4,41.4
1139,461,36,3,28.72,86.16
1140,462,25,2,28.84,57.68
1141,462,18,4,69.76,279.04
1142,462,40,3,17.88,53.64
1143,463,32,1,17.27,17.27
1144,463,3,1,28.24,28.24
1145,463,52,4,22.87,91.48
1146,463,39,3,31.42,94.26
1147,463,16,4,391.65,1566.6
1148,464,16,3,372.39,1117.17
1149,464,38,4,69.69,278.76
1150,465,46,1,52.98,52.98
1151,465,3,4,26.99,107.96
1152,465,33,3,44.97,134.91
1153,465,22,3,214.43,643.29
1154,466,34,3,35.2,105.60000000000001
1155,466,28,4,66.68,266.72
1156,466,3,1,29.37,29.37
1157,466,15,3,50.56,151.68
1158,466,17,3,152.35,457.04999999999995
1159,467,35,4,16.22,64.88
1160,467,15,4,49.54,198.16
1161,468,8,2,120.68,241.36
1162,469,14,4,33.81,135.24
1163,469,40,4,17.65,70.6
1164,470,18,1,74.41,74.41
1165,470,8,2,119.8,239.6
1166,470,48,2,103.66,207.32
1167,471,5,2,41.14,82.28
1168,471,8,1,121.35,121.35
1169,471,12,4,66.87,267.48
1170,472,24,3,19.56,58.67999999999999
1171,473,44,3,77.88,233.64
1172,473,51,3,39.48,118.44
1173,474,2,4,88.92,355.68
1174,475,1,4,12.41,49.64
1175,475,54,3,23.38,70.14
1176,475,9,1,60.28,60.28
1177,475,5,2,37.22,74.44
1178,475,30,1,93.7,93.7
1179,476,4,3,48.1,144.3
1180,477,15,1,54.47,54.47
1181,477,4,3,47.84,143.52
1182,477,33,2,44.25,88.5
1183,478,11,1,40.79,40.79
1184,478,9,4,60.33,241.32
1185,478,54,3,23.81,71.42999999999999
1186,479,53,4,44.69,178.76
1187,479,9,2,57.36,114.72
1188,479,16,4,405.51,1622.04
1189,480,29,3,36.73,110.19
1190,481,19,1,18.03,18.03
1191,481,25,4,27.4,109.6
1192,482,8,4,120.28,481.12
1193,482,14,1,36.78,36.78
1194,483,34,3,31.19,93.57000000000001
1195,484,29,2,34.65,69.3
1196,484,47,4,43.95,175.8
1197,484,7,2,15.28,30.56
1198,485,32,4,18.81,75.24
1199,486,2,4,83.65,334.6
1200,487,11,4,41.14,164.56
1201,487,17,4,150.53,602.12
1202,487,54,2,21.17,42.34
1203,488,27,4,21.54,86.16
1204,489,15,3,52.59,157.77
1205,490,25,3,29.38,88.14
1206,491,6,1,22.21,22.21
1207,491,2,3,82.23,246.69
1208,491,50,1,14.69,14.69
1209,492,25,1,28.23,28.23
1210,492,37,1,53.41,53.41
1211,492,13,2,50.93,101.86
1212,492,34,4,34.61,138.44
1213,493,37,2,52.82,105.64
1214,493,4,2,48.34,96.68
1215,494,22,2,221.0,442.0
1216,494,47,3,44.78,134.34
1217,495,36,2,28.69,57.38
1218,495,31,2,178.48,356.96
1219,495,19,4,17.79,71.16
1220,495,43,3,84.46,253.38
1221,495,50,4,14.6,58.4
1222,496,13,4,50.23,200.92
1223,496,43,1,89.91,89.91
1224,496,39,2,33.71,67.42
1225,497,48,4,100.44,401.76
1226,497,53,1,43.32,43.32
1227,497,52,2,21.97,43.94
1228,497,27,4,23.37,93.48
1229,498,18,3,73.8,221.39999999999998
1230,498,36,4,29.96,119.84
1231,498,22,3,220.85,662.55
1232,499,46,3,54.44,163.32
1233,500,36,3,28.45,85.35
1234,501,7,2,15.86,31.72
1235,501,29,2,33.55,67.1
1236,501,19,4,18.0,72.0
1237,502,37,1,55.32,55.32
1238,502,8,4,130.11,520.44
1239,502,18,1,69.31,69.31
1240,502,25,1,30.66,30.66
1241,502,1,4,11.56,46.24
1242,503,7,3,14.32,42.96
1243,503,23,4,100.33,401.32
1244,503,49,2,26.97,53.94
1245,504,27,3,21.0,63.0
1246,504,11,4,43.06,172.24
1247,505,2,2,81.31,162.62
1248,505,28,4,67.59,270.36
1249,505,48,3,97.41,292.23
1250,506,6,1,22.02,22.02
1251,506,36,2,28.02,56.04
1252,506,27,4,22.5,90.0
1253,506,30,1,93.42,93.42
1254,507,38,2,69.24,138.48
1255,508,22,4,227.81,911.24
1256,508,5,2,36.88,73.76
1257,508,6,1,22.3,22.3
1258,509,55,1,32.15,32.15
1259,509,48,3,103.29,309.87
1260,509,31,2,174.29,348.58
1261,509,43,4,85.06,340.24
1262,509,53,2,44.17,88.34
1263,510,8,4,123.26,493.04
1264,511,42,4,68.97,275.88
1265,511,4,2,48.31,96.62
1266,511,26,4,18.48,73.92
1267,512,18,4,73.81,295.24
1268,512,54,1,23.62,23.62
1269,512,8,2,118.69,237.38
1270,513,51,3,40.53,121.59
1271,514,30,3,102.62,307.86
1272,514,15,1,53.82,53.82
1273,514,43,1,95.6,95.6
1274,514,39,1,33.48,33.48
1275,515,26,3,18.38,55.14
1276,516,35,3,16.3,48.900000000000006
1277,517,19,4,17.23,68.92
1278,518,38,1,73.1,73.1
1279,518,17,4,139.37,557.48
1280,519,10,3,18.93,56.79
1281,520,17,2,140.06,280.12
1282,521,48,2,99.28,198.56
1283,522,53,1,43.74,43.74
1284,522,49,1,23.89,23.89
1285,522,42,2,68.25,136.5
1286,523,13,1,49.35,49.35
1287,523,23,1,92.54,92.54
1288,523,36,4,27.73,110.92
1289,523,14,2,36.61,73.22
1290,523,42,4,64.47,257.88
1291,524,55,4,29.42,117.68
1292,524,16,4,391.65,1566.6
1293,524,52,3,22.3,66.9
1294,524,35,4,15.3,61.2
1295,524,18,4,74.79,299.16
1296,525,52,1,22.13,22.13
1297,526,18,1,77.81,77.81
1298,526,55,3,31.95,95.85
1299,526,26,1,17.48,17.48
1300,526,20,3,13.52,40.56
1301,526,43,4,87.01,348.04
1302,527,31,2,178.61,357.22
1303,527,11,1,40.72,40.72
1304,527,41,2,48.77,97.54
1305,528,38,4,75.34,301.36
1306,528,21,3,82.28,246.84
1307,528,36,3,30.14,90.42
1308,529,28,2,58.99,117.98
1309,529,35,3,14.36,43.08
1310,530,29,4,33.38,133.52
1311,530,46,2,57.43,114.86
1312,531,11,3,40.49,121.47
1313,531,50,4,15.04,60.16
1314,532,50,1,15.5,15.5
1315,532,28,3,68.04,204.12
1316,532,4,1,45.85,45.85
1317,532,3,1,30.78,30.78
1318,533,21,2,91.82,183.64
1319,534,38,3,73.97,221.91
1320,534,40,3,18.62,55.86
1321,534,11,3,42.62,127.85999999999999
1322,535,54,3,21.64,64.92
1323,535,38,1,74.63,74.63
1324,535,5,2,40.39,80.78
1325,536,31,4,186.38,745.52
1326,536,1,4,12.74,50.96
1327,537,12,4,71.15,284.6
1328,537,43,3,88.34,265.02
1329,537,35,1,15.09,15.09
1330,538,52,4,24.05,96.2
1331,539,37,1,55.39,55.39
1332,539,42,3,65.52,196.56
1333,540,48,1,91.09,91.09
1334,540,30,1,93.9,93.9
1335,540,32,1,17.44,17.44
1336,541,39,1,31.77,31.77
1337,541,2,3,93.34,280.02
1338,541,14,3,37.61,112.83
1339,541,33,1,46.27,46.27
1340,541,20,1,14.97,14.97
1341,542,5,4,36.96,147.84
1342,542,50,3,16.1,48.300000000000004
1343,542,33,3,47.1,141.3
1344,542,21,2,80.81,161.62
1345,542,1,2,11.97,23.94
1346,543,52,3,23.97,71.91
1347,543,7,2,14.86,29.72
1348,543,49,2,24.73,49.46
1349,544,9,2,57.64,115.28
1350,544,36,2,30.08,60.16
1351,544,6,2,21.09,42.18
1352,545,28,4,59.64,238.56
1353,545,26,4,18.65,74.6
1354,545,38,4,79.12,316.48
1355,546,1,4,11.45,45.8
1356,546,29,2,34.71,69.42
1357,546,27,1,22.53,22.53
1358,547,11,2,44.57,89.14
1359,548,50,1,14.5,14.5
1360,548,46,3,56.73,170.19
1361,549,43,4,93.3,373.2
1362,549,29,3,34.72,104.16
1363,549,2,2,91.09,182.18
1364,550,8,1,126.14,126.14
1365,551,30,4,92.04,368.16
1366,551,20,1,14.46,14.46
1367,551,51,3,40.86,122.58
1368,552,49,3,27.43,82.28999999999999
1369,552,2,2,84.63,169.26
1370,552,10,2,17.17,34.34
1371,552,50,2,14.5,29.0
1372,553,9,1,54.55,54.55
1373,554,24,3,20.72,62.16
1374,555,28,3,65.32,195.95999999999998
1375,555,11,1,41.97,41.97
1376,555,42,4,70.42,281.68
1377,556,3,2,29.75,59.5
1378,556,11,1,42.9,42.9
1379,557,31,1,180.22,180.22
1380,558,26,3,19.39,58.17
1381,558,16,4,382.26,1529.04
1382,558,38,2,74.24,148.48
1383,558,3,1,28.18,28.18
1384,559,41,3,48.21,144.63
1385,559,28,2,63.26,126.52
1386,559,7,1,15.09,15.09
1387,560,24,1,20.29,20.29
1388,560,40,3,17.16,51.480000000000004
1389,560,52,3,24.08,72.24
1390,560,48,1,92.79,92.79
1391,561,28,2,61.86,123.72
1392,561,23,1,92.2,92.2
1393,562,38,4,77.32,309.28
1394,563,14,1,34.1,34.1
1395,563,16,4,363.89,1455.56
1396,563,11,4,41.37,165.48
1397,563,4,1,47.62,47.62
1398,563,33,4,44.3,177.2
1399,564,1,2,12.17,24.34
1400,564,6,4,23.62,94.48
1401,564,12,1,65.37,65.37
1402,565,43,3,84.14,252.42000000000002
1403,565,54,2,23.53,47.06
1404,565,18,4,70.58,282.32
1405,565,32,1,19.57,19.57
1406,565,38,3,70.51,211.53000000000003
1407,566,18,1,72.14,72.14
1408,567,55,2,32.98,65.96
1409,568,38,1,70.83,70.83
1410,568,8,2,119.74,239.48
1411,568,3,1,28.8,28.8
1412,568,27,1,23.42,23.42
1413,569,45,2,69.29,138.58
1414,569,14,2,36.02,72.04
1415,569,37,1,54.25,54.25
1416,569,55,4,29.2,116.8
1417,570,12,3,69.31,207.93
1418,571,18,1,79.02,79.02
1419,571,42,1,65.61,65.61
1420,571,17,3,150.94,452.82
1421,572,32,4,19.59,78.36
1422,573,51,2,40.23,80.46
1423,573,8,4,131.98,527.92
1424,573,39,4,31.56,126.24
1425,573,20,1,13.82,13.82
1426,573,38,4,78.33,313.32
1427,574,22,3,225.75,677.25
1428,574,36,1,29.37,29.37
1429,574,5,4,37.46,149.84
1430,575,1,3,12.93,38.79
1431,575,8,1,129.99,129.99
1432,576,12,2,68.59,137.18
1433,577,47,1,48.68,48.68
1434,578,52,1,23.16,23.16
1435,578,31,2,190.8,381.6
1436,578,26,1,17.85,17.85
1437,579,45,4,64.95,259.8
1438,580,33,4,44.79,179.16
1439,580,46,4,53.03,212.12
1440,581,3,3,26.65,79.94999999999999
1441,581,7,2,14.6,29.2
1442,581,27,3,23.12,69.36
1443,582,8,2,117.29,234.58
1444,582,26,4,17.54,70.16
1445,582,48,2,96.88,193.76
1446,582,41,4,46.2,184.8
1447,583,28,3,68.17,204.51
1448,583,43,4,90.54,362.16
1449,583,8,3,121.17,363.51
1450,583,53,1,45.35,45.35
1451,584,23,4,90.37,361.48
1452,584,2,3,81.15,243.45000000000002
1453,584,24,4,21.45,85.8
1454,584,29,4,36.08,144.32
1455,585,3,3,28.41,85.23
1456,585,23,2,101.81,203.62
1457,585,45,3,67.95,203.85000000000002
1458,585,15,2,56.97,113.94
1459,586,3,1,28.43,28.43
1460,586,35,2,15.44,30.88
1461,587,21,3,83.56,250.68
1462,587,38,3,75.7,227.10000000000002
1463,587,42,4,63.36,253.44
1464,587,43,3,85.2,255.60000000000002
1465,588,2,3,80.91,242.73
1466,588,14,1,37.72,37.72
1467,588,23,4,100.85,403.4
1468,588,29,2,38.1,76.2
1469,589,37,3,57.33,171.99
1470,589,47,2,45.85,91.7
1471,590,32,3,17.74,53.22
1472,591,27,4,22.94,91.76
1473,592,16,3,364.37,1093.1100000000001
1474,592,5,2,39.42,78.84
1475,592,12,2,66.05,132.1
1476,593,44,1,73.88,73.88
1477,593,38,2,76.57,153.14
1478,593,43,1,86.33,86.33
1479,594,28,4,60.54,242.16
1480,594,22,4,236.15,944.6
1481,595,53,4,45.66,182.64
1482,595,43,1,95.03,95.03
1483,595,10,2,18.49,36.98
1484,596,24,2,19.33,38.66
1485,596,36,3,28.61,85.83
1486,597,6,4,20.96,83.84
1487,598,45,2,65.02,130.04
1488,598,37,2,58.91,117.82
1489,598,18,4,75.88,303.52
1490,599,49,2,26.74,53.48
1491,599,41,1,46.67,46.67
1492,600,21,1,91.87,91.87
1493,600,11,1,46.07,46.07
1494,600,13,2,46.78,93.56
1495,600,26,3,18.68,56.04
1496,600,16,1,368.04,368.04
1497,601,49,1,25.88,25.88
1498,602,28,4,61.88,247.52
1499,602,54,4,22.94,91.76
1500,602,18,1,71.77,71.77
1501,603,46,2,57.67,115.34
1502,603,18,1,70.02,70.02
1503,604,22,3,239.67,719.01
1504,604,24,1,19.99,19.99
1505,604,2,1,83.72,83.72
1506,605,9,4,57.82,231.28
1507,605,29,3,33.29,99.87
1508,605,34,1,32.15,32.15
1509,606,15,4,49.84,199.36
1510,607,30,1,95.54,95.54
1511,607,46,3,55.57,166.71
1512,607,23,2,98.65,197.3
1513,608,47,4,45.03,180.12
1514,608,41,1,48.01,48.01
1515,608,46,2,57.5,115.0
1516,609,18,2,76.02,152.04
1517,609,23,3,98.26,294.78000000000003
1518,610,45,3,70.69,212.07
1519,611,29,1,34.24,34.24
1520,611,27,1,23.09,23.09
1521,611,4,3,47.59,142.77
1522,612,1,1,11.41,11.41
1523,612,13,3,50.59,151.77
1524,612,4,3,47.99,143.97
1525,612,40,3,18.35,55.050000000000004
1526,612,16,1,369.79,369.79
1527,613,34,4,31.53,126.12
1528,613,42,4,68.24,272.96
1529,614,12,4,64.63,258.52
1530,614,15,3,52.36,157.07999999999998
1531,614,16,4,399.05,1596.2
1532,614,4,1,45.69,45.69
1533,614,8,4,122.45,489.8
1534,615,20,2,13.36,26.72
1535,616,23,1,103.04,103.04
1536,616,41,2,51.61,103.22
1537,616,29,2,36.77,73.54
1538,616,53,1,42.0,42.0
1539,617,45,2,73.67,147.34
1540,618,43,1,83.77,83.77
1541,618,39,1,33.57,33.57
1542,618,11,1,43.59,43.59
1543,619,54,4,21.1,84.4
1544,619,16,1,384.45,384.45
1545,619,36,2,30.63,61.26
1546,619,40,4,18.62,74.48
1547,619,19,4,17.19,68.76
1548,620,20,1,15.04,15.04
1549,621,51,1,38.91,38.91
1550,621,46,1,53.07,53.07
1551,621,3,3,27.72,83.16
1552,621,26,4,18.48,73.92
1553,622,52,1,22.21,22.21
1554,623,54,2,21.92,43.84
1555,623,9,3,55.6,166.8
1556,623,23,3,100.21,300.63
1557,623,20,3,14.92,44.76
1558,624,49,3,27.28,81.84
1559,625,27,2,23.28,46.56
1560,626,32,3,18.1,54.300000000000004
1561,626,42,3,70.35,211.04999999999998
1562,627,20,1,14.43,14.43
1563,628,8,2,131.22,262.44
1564,628,42,3,67.39,202.17000000000002
1565,628,48,3,98.04,294.12
1566,629,20,2,14.11,28.22
1567,629,27,1,23.56,23.56
1568,629,51,1,36.52,36.52
1569,629,26,1,19.21,19.21
1570,630,27,3,21.35,64.05000000000001
1571,630,47,4,47.27,189.08
1572,630,10,2,18.07,36.14
1573,631,34,4,33.3,133.2
1574,631,2,4,84.12,336.48
1575,631,3,3,27.71,83.13
1576,632,4,4,46.68,186.72
1577,632,23,1,99.99,99.99
1578,632,2,1,88.64,88.64
1579,632,36,4,27.08,108.32
1580,632,16,3,410.93,1232.79
1581,633,32,1,18.91,18.91
1582,633,44,3,70.39,211.17000000000002
1583,633,35,3,15.71,47.13
1584,633,47,1,47.11,47.11
1585,634,39,3,32.47,97.41
1586,634,55,1,29.11,29.11
1587,634,12,3,66.32,198.95999999999998
1588,635,49,3,26.71,80.13
1589,635,10,3,17.65,52.949999999999996
1590,635,41,1,47.85,47.85
1591,636,43,3,94.9,284.70000000000005
1592,636,5,2,36.24,72.48
1593,637,34,3,31.61,94.83
1594,638,51,1,36.74,36.74
1595,639,39,2,33.5,67.0
1596,640,29,3,36.09,108.27000000000001
1597,640,6,2,23.96,47.92
1598,640,50,1,15.63,15.63
1599,640,25,4,29.58,118.32
1600,640,52,4,21.83,87.32
1601,641,29,1,36.3,36.3
1602,641,28,2,67.17,134.34
1603,641,10,1,19.34,19.34
1604,641,52,2,24.04,48.08
1605,641,2,3,90.59,271.77
1606,642,33,2,48.19,96.38
1607,642,3,3,27.62,82.86
1608,643,43,1,96.33,96.33
1609,643,41,1,46.35,46.35
1610,643,39,1,33.96,33.96
1611,643,2,1,85.59,85.59
1612,644,7,2,16.08,32.16
1613,644,24,1,21.63,21.63
1614,644,1,1,12.33,12.33
1615,645,49,1,26.67,26.67
1616,645,12,3,67.34,202.02
1617,645,42,3,66.6,199.79999999999998
1618,645,37,3,55.57,166.71
1619,646,28,2,63.93,127.86
1620,646,15,4,53.18,212.72
1621,646,35,2,15.66,31.32
1622,646,23,1,95.51,95.51
1623,647,9,1,58.94,58.94
1624,648,30,3,102.34,307.02
1625,648,21,4,82.15,328.6
1626,649,17,3,157.74,473.22
1627,650,42,4,67.86,271.44
1628,650,4,2,46.61,93.22
1629,650,33,2,47.01,94.02
1630,651,21,4,90.89,363.56
1631,652,12,1,68.32,68.32
1632,652,20,3,13.98,41.94
1633,653,12,4,69.21,276.84
1634,653,20,2,13.83,27.66
1635,653,39,3,33.62,100.85999999999999
1636,653,41,1,52.18,52.18
1637,654,53,2,44.07,88.14
1638,654,9,4,54.19,216.76
1639,654,5,1,41.28,41.28
1640,655,29,2,37.68,75.36
1641,655,52,2,21.49,42.98
1642,655,17,1,159.45,159.45
1643,656,53,1,44.98,44.98
1644,657,46,4,54.3,217.2
1645,658,51,2,36.99,73.98
1646,659,26,2,17.15,34.3
1647,659,21,2,88.94,177.88
1648,659,24,1,20.95,20.95
1649,660,12,3,63.1,189.3
1650,661,1,4,12.68,50.72
1651,661,12,1,65.23,65.23
1652,661,55,4,32.36,129.44
1653,661,16,2,377.11,754.22
1654,662,19,3,17.14,51.42
1655,662,32,1,19.53,19.53
1656,662,52,2,22.19,44.38
1657,663,27,2,21.27,42.54
1658,663,50,3,14.76,44.28
1659,663,10,3,18.02,54.06
1660,663,54,4,22.91,91.64
1661,664,6,3,23.57,70.71000000000001
1662,665,6,4,23.98,95.92
1663,665,36,1,28.07,28.07
1664,666,54,4,22.11,88.44
1665,667,52,3,21.95,65.85
1666,667,14,4,34.43,137.72
1667,668,29,4,36.83,147.32
1668,668,2,2,84.55,169.1
1669,668,55,3,32.18,96.53999999999999
1670,669,28,3,65.35,196.04999999999998
1671,670,41,3,46.11,138.32999999999998
1672,670,2,4,85.69,342.76
1673,671,47,4,43.64,174.56
1674,672,52,1,24.1,24.1
1675,672,39,4,32.36,129.44
1676,672,20,3,15.12,45.36
1677,673,19,4,17.49,69.96
1678,673,3,1,27.07,27.07
1679,673,1,1,12.76,12.76
1680,674,47,3,48.73,146.19
1681,674,15,1,49.67,49.67
1682,674,30,4,102.62,410.48
1683,674,35,4,14.95,59.8
1684,674,26,2,17.35,34.7
1685,675,20,4,14.77,59.08
1686,675,52,1,21.99,21.99
1687,675,8,3,121.96,365.88
1688,675,13,2,50.14,100.28
1689,675,42,4,71.37,285.48
1690,676,23,1,91.85,91.85
1691,676,11,2,41.62,83.24
1692,676,37,3,57.89,173.67000000000002
1693,677,35,2,14.98,29.96
1694,678,8,4,116.15,464.6
1695,678,37,4,58.92,235.68
1696,678,6,4,22.17,88.68
1697,678,20,2,13.35,26.7
1698,678,31,3,189.18,567.54
1699,679,35,2,15.45,30.9
1700,680,53,1,43.8,43.8
1701,680,24,4,19.65,78.6
1702,680,18,4,74.16,296.64
1703,681,48,1,93.9,93.9
1704,682,43,3,88.55,265.65
1705,682,21,1,92.31,92.31
1706,682,32,4,18.45,73.8
1707,682,24,1,20.74,20.74
1708,683,55,4,32.66,130.64
1709,684,53,4,45.57,182.28
1710,684,52,4,23.84,95.36
1711,684,22,3,227.97,683.91
1712,685,27,3,23.52,70.56
1713,686,30,3,90.43,271.29
1714,686,36,4,29.33,117.32
1715,687,23,2,100.27,200.54
1716,688,6,3,24.11,72.33
1717,688,31,4,171.08,684.32
1718,689,35,3,14.54,43.62
1719,690,34,3,33.61,100.83
1720,690,54,2,20.91,41.82
1721,691,17,3,145.76,437.28
1722,692,37,1,58.07,58.07
1723,692,5,2,38.28,76.56
1724,692,35,2,14.34,28.68
1725,692,47,1,48.68,48.68
1726,693,2,4,85.61,342.44
1727,693,19,2,17.14,34.28
1728,694,40,2,17.71,35.42
1729,695,15,1,55.46,55.46
1730,695,11,3,41.67,125.01
1731,696,7,3,15.89,47.67
1732,696,42,4,69.89,279.56
1733,696,50,2,15.72,31.44
1734,697,48,3,95.81,287.43
1735,697,53,3,40.7,122.10000000000001
1736,697,15,2,50.21,100.42
1737,697,18,1,74.29,74.29
1738,697,38,3,71.09,213.27
1739,698,23,2,93.9,187.8
1740,698,50,3,14.88,44.64
1741,698,4,4,43.33,173.32
1742,699,30,3,101.89,305.67
1743,699,25,3,30.48,91.44
1744,699,52,2,22.69,45.38
1745,700,19,1,18.31,18.31
1746,700,55,3,32.94,98.82
1747,700,7,2,15.52,31.04
1748,700,21,2,82.79,165.58
1749,701,30,4,102.66,410.64
1750,702,13,4,49.68,198.72
1751,703,23,4,90.8,363.2
1752,703,43,2,87.95,175.9
1753,703,2,4,91.91,367.64
1754,703,33,2,44.87,89.74
1755,704,49,4,24.12,96.48
1756,704,54,1,22.24,22.24
1757,704,13,2,47.94,95.88
1758,705,16,4,389.85,1559.4
1759,705,2,3,80.91,242.73
1760,705,41,1,52.6,52.6
1761,706,12,2,68.92,137.84
1762,706,17,1,137.9,137.9
1763,706,50,3,15.85,47.55
1764,706,46,4,55.73,222.92
1765,707,21,3,85.55,256.65
1766,707,3,3,27.18,81.53999999999999
1767,708,20,2,14.27,28.54
1768,708,9,4,57.42,229.68
1769,708,5,4,39.55,158.2
1770,708,7,4,14.64,58.56
1771,708,35,3,14.47,43.410000000000004
1772,709,34,4,31.76,127.04
1773,709,35,3,15.2,45.599999999999994
1774,709,28,4,63.41,253.64
1775,709,50,3,15.45,46.349999999999994
1776,709,16,1,376.72,376.72
1777,710,51,3,36.65,109.94999999999999
1778,711,31,3,195.23,585.6899999999999
1779,711,21,1,85.48,85.48
1780,712,45,4,71.66,286.64
1781,712,28,4,61.17,244.68
1782,712,46,3,52.31,156.93
1783,713,32,2,18.07,36.14
1784,714,26,3,17.63,52.89
1785,715,4,1,43.26,43.26
1786,715,38,4,77.98,311.92
1787,716,6,3,21.2,63.599999999999994
1788,716,24,2,21.77,43.54
1789,716,34,1,31.86,31.86
1790,717,17,4,144.99,579.96
1791,717,51,4,37.38,149.52
1792,717,18,3,77.7,233.10000000000002
1793,718,33,1,48.68,48.68
1794,718,49,3,26.72,80.16
1795,718,13,1,48.1,48.1
1796,718,53,3,45.62,136.85999999999999
1797,718,7,4,16.17,64.68
1798,719,36,1,29.84,29.84
1799,719,22,2,209.74,419.48
1800,720,34,3,31.15,93.44999999999999
1801,720,3,3,30.36,91.08
1802,720,21,3,82.52,247.56
1803,721,50,1,14.44,14.44
1804,722,53,4,45.39,181.56
1805,722,4,1,48.6,48.6
1806,723,20,1,14.56,14.56
1807,723,8,4,115.96,463.84
1808,724,48,1,93.94,93.94
1809,725,16,3,405.78,1217.34
1810,725,47,1,44.54,44.54
1811,725,20,3,14.88,44.64
1812,726,14,4,35.2,140.8
1813,727,30,1,98.4,98.4
1814,728,3,4,27.76,111.04
1815,728,27,2,23.76,47.52
1816,729,50,4,16.26,65.04
1817,729,10,3,18.82,56.46
1818,729,12,4,62.28,249.12
1819,730,22,2,230.65,461.3
1820,730,25,4,28.31,113.24
1821,730,38,4,76.94,307.76
1822,731,14,4,36.21,144.84
1823,731,55,2,31.54,63.08
1824,731,1,4,11.93,47.72
1825,731,39,3,33.32,99.96000000000001
1826,731,26,4,19.01,76.04
1827,732,13,3,49.82,149.46
1828,732,18,1,73.18,73.18
1829,733,48,4,94.43,377.72
1830,733,32,1,18.8,18.8
1831,733,24,3,20.91,62.730000000000004
1832,734,14,3,36.52,109.56
1833,735,44,4,78.55,314.2
1834,735,30,1,91.6,91.6
1835,735,3,4,28.74,114.96
1836,736,18,1,77.2,77.2
1837,737,47,1,48.96,48.96
1838,737,31,3,176.86,530.58
1839,737,32,4,19.41,77.64
1840,738,47,4,47.34,189.36
1841,738,45,1,67.7,67.7
1842,738,18,3,68.41,205.23
1843,738,13,3,46.56,139.68
1844,739,10,1,18.11,18.11
1845,740,34,2,33.05,66.1
1846,741,32,1,18.73,18.73
1847,742,18,4,78.13,312.52
1848,742,40,2,18.89,37.78
1849,742,1,3,12.08,36.24
1850,743,54,3,22.88,68.64
1851,743,37,1,53.78,53.78
1852,743,8,2,117.39,234.78
1853,743,53,1,41.61,41.61
1854,743,21,1,88.17,88.17
1855,744,4,4,45.87,183.48
1856,745,43,3,85.68,257.04
1857,745,2,1,90.62,90.62
1858,746,44,4,73.72,294.88
1859,746,13,4,51.01,204.04
1860,747,33,4,48.44,193.76
1861,747,47,1,48.96,48.96
1862,747,2,2,90.74,181.48
1863,747,48,3,103.97,311.90999999999997
1864,747,18,3,77.42,232.26
1865,748,34,1,30.48,30.48
1866,748,22,2,241.92,483.84
1867,748,36,4,29.24,116.96
1868,748,3,2,29.16,58.32
1869,749,45,3,72.22,216.66
1870,749,13,4,52.78,211.12
1871,749,9,4,58.13,232.52
1872,749,33,2,47.98,95.96
1873,750,46,2,55.95,111.9
1874,750,9,3,53.42,160.26
1875,751,4,1,48.26,48.26
1876,751,25,1,30.23,30.23
1877,751,20,3,14.62,43.86
1878,752,4,3,42.95,128.85000000000002
1879,752,48,2,98.2,196.4
1880,752,26,2,19.19,38.38
1881,752,51,4,39.81,159.24
1882,752,7,2,14.68,29.36
1883,753,6,1,21.23,21.23
1884,753,24,1,21.97,21.97
1885,753,54,4,22.8,91.2
1886,754,33,4,47.14,188.56
1887,754,32,3,18.24,54.72
1888,755,43,4,95.64,382.56
1889,755,20,2,14.92,29.84
1890,755,44,4,69.68,278.72
1891,756,25,1,28.63,28.63
1892,756,20,3,13.6,40.8
1893,756,28,2,62.33,124.66
1894,757,37,3,58.58,175.74
1895,758,7,1,16.1,16.1
1896,759,35,2,15.09,30.18
1897,759,33,4,43.26,173.04
1898,760,38,4,70.33,281.32
1899,760,50,4,15.96,63.84
1900,760,26,2,17.72,35.44
1901,760,42,2,69.55,139.1
1902,761,21,2,89.9,179.8
1903,761,26,3,18.79,56.37
1904,761,31,2,189.39,378.78
1905,762,44,2,70.28,140.56
1906,762,33,4,43.57,174.28
1907,762,50,3,15.48,46.44
1908,763,46,2,56.12,112.24
1909,763,29,2,37.4,74.8
1910,763,26,2,19.73,39.46
1911,763,28,2,66.11,132.22
1912,764,36,3,27.2,81.6
1913,764,24,1,19.27,19.27
1914,764,31,4,189.1,756.4
1915,764,55,1,30.51,30.51
1916,765,23,1,91.48,91.48
1917,765,34,2,32.04,64.08
1918,766,33,3,44.11,132.32999999999998
1919,766,3,2,28.56,57.12
1920,767,5,4,36.7,146.8
1921,767,34,2,31.26,62.52
1922,767,27,1,21.38,21.38
1923,768,28,4,60.08,240.32
1924,769,34,2,33.52,67.04
1925,769,3,1,28.16,28.16
1926,769,22,2,235.28,470.56
1927,770,15,3,55.69,167.07
1928,770,22,3,214.43,643.29
1929,770,13,4,48.63,194.52
1930,770,11,1,44.28,44.28
1931,771,13,1,46.84,46.84
1932,772,15,3,52.51,157.53
1933,772,25,2,26.81,53.62
1934,773,38,1,69.91,69.91
1935,773,42,2,66.54,133.08
1936,773,54,1,24.13,24.13
1937,774,50,2,14.86,29.72
1938,774,51,3,39.14,117.42
1939,775,37,1,58.68,58.68
1940,775,50,3,15.37,46.11
1941,775,22,2,238.02,476.04
1942,775,6,4,23.02,92.08
1943,776,37,3,55.25,165.75
1944,776,16,3,377.23,1131.69
1945,776,13,4,52.11,208.44
1946,776,11,3,42.39,127.17
1947,776,32,2,18.17,36.34
1948,777,54,4,22.68,90.72
1949,777,5,4,37.58,150.32
1950,777,23,3,90.93,272.79
1951,778,19,4,18.37,73.48
1952,778,3,4,28.09,112.36
1953,778,28,2,64.85,129.7
1954,778,42,4,63.05,252.2
1955,779,28,2,64.72,129.44
1956,779,51,3,36.97,110.91
1957,779,7,3,16.38,49.14
1958,779,18,1,72.47,72.47
1959,779,11,2,43.08,86.16
1960,780,7,4,14.4,57.6
1961,780,36,2,29.83,59.66
1962,780,43,1,91.7,91.7
1963,780,16,3,415.55,1246.65
1964,781,32,4,18.23,72.92
1965,781,1,3,12.44,37.32
1966,781,26,4,19.75,79.0
1967,781,47,2,47.66,95.32
1968,782,26,1,18.1,18.1
1969,782,42,4,64.02,256.08
1970,782,38,4,69.23,276.92
1971,782,20,4,14.4,57.6
1972,783,33,1,46.7,46.7
1973,783,5,2,41.71,83.42
1974,783,26,3,18.07,54.21
1975,784,37,1,60.32,60.32
1976,785,37,4,53.32,213.28
1977,785,14,2,35.48,70.96
1978,786,31,4,193.64,774.56
1979,787,20,2,14.48,28.96
1980,787,35,3,16.37,49.11
1981,787,8,4,118.32,473.28
1982,788,27,2,22.0,44.0
1983,788,45,3,74.78,224.34
1984,789,11,1,45.33,45.33
1985,789,20,3,14.94,44.82
1986,789,51,1,39.44,39.44
1987,790,12,2,64.45,128.9
1988,790,37,3,58.88,176.64000000000001
1989,790,14,1,36.14,36.14
1990,791,39,2,32.73,65.46
1991,791,47,3,48.75,146.25
1992,791,51,3,38.84,116.52000000000001
1993,792,13,3,48.12,144.35999999999999
1994,792,49,2,26.7,53.4
1995,793,46,2,57.28,114.56
1996,793,41,2,51.87,103.74
1997,793,55,3,30.06,90.17999999999999
1998,794,24,3,21.15,63.449999999999996
1999,794,55,3,28.55,85.65
2000,794,5,4,37.42,149.68
2001,794,12,1,62.11,62.11
2002,795,9,2,59.56,119.12
2003,796,19,4,19.06,76.24
2004,796,44,4,69.79,279.16
2005,796,8,2,116.41,232.82
2006,796,53,4,44.16,176.64
2007,796,52,3,21.91,65.73
2008,797,50,4,16.25,65.0
2009,797,51,1,40.98,40.98
2010,798,24,2,19.81,39.62
2011,799,49,2,25.76,51.52
2012,799,45,2,65.67,131.34
2013,799,23,2,102.32,204.64
2014,799,55,1,31.35,31.35
2015,800,38,1,75.38,75.38
2016,801,37,1,53.38,53.38
2017,801,21,2,82.08,164.16
2018,801,42,4,69.98,279.92
2019,802,29,4,37.61,150.44
2020,802,17,4,152.93,611.72
2021,802,42,2,63.56,127.12
2022,802,32,1,18.96,18.96
2023,802,8,4,119.71,478.84
2024,803,41,2,51.96,103.92
2025,803,44,4,68.9,275.6
2026,804,7,3,15.03,45.089999999999996
2027,805,41,2,48.32,96.64
2028,806,26,3,18.09,54.269999999999996
2029,806,52,3,20.95,62.849999999999994
2030,806,41,3,51.11,153.32999999999998
2031,807,34,1,31.72,31.72
2032,807,5,4,39.32,157.28
2033,807,26,1,18.17,18.17
2034,808,25,4,30.47,121.88
2035,808,41,3,47.13,141.39000000000001
2036,809,47,4,48.2,192.8
2037,809,13,1,47.55,47.55
2038,809,26,4,18.62,74.48
2039,809,33,4,42.81,171.24
2040,810,11,3,44.13,132.39000000000001
2041,810,18,4,73.36,293.44
2042,810,2,3,89.62,268.86
2043,810,54,2,21.53,43.06
2044,811,22,3,223.31,669.9300000000001
2045,812,29,4,37.32,149.28
2046,812,9,4,54.78,219.12
2047,813,22,3,221.4,664.2
2048,813,35,3,15.35,46.05
2049,814,11,1,43.97,43.97
2050,815,50,1,16.39,16.39
2051,816,42,2,70.37,140.74
2052,817,30,4,90.49,361.96
2053,818,43,4,95.54,382.16
2054,818,10,3,19.54,58.62
2055,818,22,3,236.85,710.55
2056,818,6,4,23.82,95.28
2057,819,17,4,158.41,633.64
2058,819,25,3,28.77,86.31
2059,819,38,2,70.62,141.24
2060,820,12,4,70.21,280.84
2061,820,54,2,24.07,48.14
2062,820,5,4,37.94,151.76
2063,820,13,2,50.16,100.32
2064,821,28,3,60.27,180.81
2065,822,21,1,85.11,85.11
2066,822,23,2,96.29,192.58
2067,823,24,3,20.85,62.550000000000004
2068,823,36,1,30.76,30.76
2069,824,49,3,25.87,77.61
2070,825,36,3,30.48,91.44
2071,826,38,3,78.41,235.23
2072,826,18,4,72.9,291.6
2073,826,32,4,17.77,71.08
2074,827,22,1,223.82,223.82
2075,827,19,4,17.52,70.08
2076,827,46,4,54.49,217.96
2077,827,53,3,41.92,125.76
2078,828,12,4,64.99,259.96
2079,828,25,4,28.73,114.92
2080,828,48,3,94.27,282.81
2081,828,49,1,27.14,27.14
2082,828,40,4,19.62,78.48
2083,829,22,4,215.06,860.24
2084,830,30,2,92.92,185.84
2085,830,39,2,33.45,66.9
2086,830,5,2,41.59,83.18
2087,831,7,2,14.26,28.52
2088,831,23,3,102.12,306.36
2089,831,35,3,15.8,47.400000000000006
2090,831,27,2,20.99,41.98
2091,831,36,2,30.27,60.54
2092,832,9,3,53.9,161.7
2093,832,3,4,28.89,115.56
2094,832,52,1,22.58,22.58
2095,832,32,2,18.33,36.66
2096,833,37,2,52.47,104.94
2097,833,4,3,43.6,130.8
2098,834,10,2,18.41,36.82
2099,834,47,2,46.72,93.44
2100,834,8,2,121.53,243.06
2101,835,7,4,14.81,59.24
2102,835,1,1,13.01,13.01
2103,836,47,3,43.48,130.44
2104,836,41,1,51.93,51.93
2105,836,24,1,21.42,21.42
2106,837,44,2,75.26,150.52
2107,837,26,2,17.92,35.84
2108,837,39,4,32.58,130.32
2109,838,43,3,84.19,252.57
2110,839,46,1,55.73,55.73
2111,839,44,2,74.82,149.64
2112,840,49,3,24.98,74.94
2113,840,38,1,73.74,73.74
2114,841,1,1,11.75,11.75
2115,842,3,1,30.63,30.63
2116,842,9,1,58.66,58.66
2117,842,10,4,19.24,76.96
2118,843,28,4,65.94,263.76
2119,843,44,4,75.81,303.24
2120,843,25,2,28.67,57.34
2121,843,27,3,23.37,70.11
2122,843,49,1,24.17,24.17
2123,844,9,2,52.82,105.64
2124,844,14,2,34.27,68.54
2125,844,42,4,66.92,267.68
2126,844,18,2,75.24,150.48
2127,845,9,3,55.43,166.29
2128,845,15,2,56.23,112.46
2129,845,26,3,19.05,57.150000000000006
2130,845,54,4,24.09,96.36
2131,845,53,1,45.32,45.32
2132,846,36,1,28.86,28.86
2133,846,13,2,49.52,99.04
2134,846,51,4,37.5,150.0
2135,846,52,4,22.63,90.52
2136,847,36,2,27.34,54.68
2137,847,24,3,19.77,59.31
2138,847,28,4,64.84,259.36
2139,848,25,2,28.67,57.34
2140,848,39,3,32.94,98.82
2141,848,36,4,28.52,114.08
2142,848,40,2,17.13,34.26
2143,848,50,3,15.25,45.75
2144,849,46,3,57.31,171.93
2145,849,52,4,23.19,92.76
2146,850,36,4,30.62,122.48
2147,850,26,4,17.74,70.96
2148,850,10,4,19.69,78.76
2149,850,15,2,50.29,100.58
2150,851,48,1,90.35,90.35
2151,851,31,3,171.99,515.97
2152,851,51,4,37.32,149.28
2153,852,41,4,51.33,205.32
2154,852,17,1,141.1,141.1
2155,852,33,1,43.91,43.91
2156,853,36,1,30.05,30.05
2157,854,55,4,29.14,116.56
2158,854,1,1,12.73,12.73
2159,854,53,4,42.69,170.76
2160,854,40,1,18.34,18.34
2161,855,39,4,33.72,134.88
2162,855,2,3,93.35,280.04999999999995
2163,855,37,3,57.53,172.59
2164,856,4,4,46.57,186.28
2165,856,34,1,33.33,33.33
2166,856,39,2,32.33,64.66
2167,856,1,2,11.73,23.46
2168,856,54,4,23.67,94.68
2169,857,37,2,52.9,105.8
2170,858,1,1,11.86,11.86
2171,858,32,3,17.64,52.92
2172,858,31,3,174.62,523.86
2173,858,29,4,36.26,145.04
2174,858,54,3,24.11,72.33
2175,859,51,2,39.08,78.16
2176,859,55,4,29.45,117.8
2177,859,29,2,35.07,70.14
2178,859,40,4,17.77,71.08
2179,860,6,2,22.89,45.78
2180,860,26,4,17.68,70.72
2181,860,43,1,96.07,96.07
2182,860,39,3,34.74,104.22
2183,861,17,1,145.02,145.02
2184,861,20,1,13.42,13.42
2185,861,27,4,21.94,87.76
2186,861,46,3,58.68,176.04
2187,861,15,4,55.63,222.52
2188,862,42,1,63.21,63.21
2189,862,13,4,51.52,206.08
2190,863,52,2,23.26,46.52
2191,864,42,2,62.05,124.1
2192,864,9,2,53.66,107.32
2193,864,28,1,63.89,63.89
2194,864,52,1,21.26,21.26
2195,864,55,4,30.97,123.88
2196,865,13,4,47.31,189.24
2197,866,37,3,55.22,165.66
2198,866,22,2,215.33,430.66
2199,866,17,4,156.24,624.96
2200,866,5,3,39.95,119.85000000000001
2201,867,35,1,16.11,16.11
2202,868,25,4,27.67,110.68
2203,868,43,1,91.0,91.0
2204,869,50,4,15.63,62.52
2205,869,11,2,42.42,84.84
2206,870,15,2,55.35,110.7
2207,871,39,4,33.72,134.88
2208,871,2,4,86.87,347.48
2209,871,48,4,98.46,393.84
2210,871,34,1,33.89,33.89
2211,871,18,2,73.59,147.18
2212,872,1,3,11.47,34.410000000000004
2213,872,17,4,144.27,577.08
2214,873,44,2,70.81,141.62
2215,873,32,2,17.65,35.3
2216,874,15,3,52.92,158.76
2217,874,39,1,34.36,34.36
2218,874,32,3,19.28,57.84
2219,874,52,4,22.58,90.32
2220,874,8,1,124.7,124.7
2221,875,47,1,47.28,47.28
2222,875,44,2,76.75,153.5
2223,876,48,2,92.19,184.38
2224,877,30,4,90.96,363.84
2225,878,44,1,79.15,79.15
2226,878,21,3,91.09,273.27
2227,878,23,2,90.72,181.44
2228,879,17,2,143.6,287.2
2229,880,41,4,49.07,196.28
2230,880,25,3,27.3,81.9
2231,880,17,1,151.56,151.56
2232,881,7,1,14.85,14.85
2233,881,35,2,14.65,29.3
2234,882,28,2,65.66,131.32
2235,882,32,3,18.86,56.58
2236,882,33,3,46.43,139.29
2237,882,34,4,31.99,127.96
2238,883,39,4,34.64,138.56
2239,884,41,2,48.82,97.64
2240,884,23,4,100.43,401.72
2241,885,18,4,73.02,292.08
2242,886,21,1,89.25,89.25
2243,886,35,2,16.45,32.9
2244,887,50,1,14.56,14.56
2245,887,8,1,119.62,119.62
2246,887,45,1,74.79,74.79
2247,888,32,4,19.58,78.32
2248,888,28,3,65.24,195.71999999999997
2249,889,14,1,36.06,36.06
2250,889,46,2,58.28,116.56
2251,889,53,4,41.4,165.6
2252,889,31,2,177.14,354.28
2253,889,35,1,15.49,15.49
2254,890,50,3,14.98,44.94
2255,890,8,4,123.55,494.2
2256,890,53,3,40.89,122.67
2257,891,21,2,84.16,168.32
2258,891,15,4,54.37,217.48
2259,892,1,2,11.73,23.46
2260,892,26,3,17.83,53.489999999999995
2261,893,17,1,141.31,141.31
2262,893,41,1,49.81,49.81
2263,893,30,2,101.17,202.34
2264,894,9,1,54.72,54.72
2265,894,19,4,17.26,69.04
2266,894,2,4,92.68,370.72
2267,894,18,3,72.81,218.43
2268,894,15,4,51.43,205.72
2269,895,25,3,30.62,91.86
2270,895,14,1,34.72,34.72
2271,895,55,4,32.42,129.68
2272,896,1,4,12.09,48.36
2273,896,29,1,34.71,34.71
2274,896,28,1,63.72,63.72
2275,896,4,2,47.14,94.28
2276,896,39,4,30.71,122.84
2277,897,31,4,194.85,779.4
2278,897,19,4,19.69,78.76
2279,897,41,3,50.31,150.93
2280,898,2,3,81.88,245.64
2281,898,45,3,71.78,215.34
2282,899,4,3,45.39,136.17000000000002
2283,899,53,3,41.88,125.64000000000001
2284,899,19,4,19.42,77.68
2285,900,54,2,22.45,44.9
2286,901,45,4,65.79,263.16
2287,901,47,1,44.33,44.33
2288,901,31,1,175.8,175.8
2289,901,52,4,21.27,85.08
2290,902,50,4,15.95,63.8
2291,903,37,1,55.52,55.52
2292,903,24,1,19.2,19.2
2293,903,10,3,17.85,53.550000000000004
2294,904,23,1,94.32,94.32
2295,904,45,4,72.78,291.12
2296,904,1,4,12.83,51.32
2297,905,37,4,59.91,239.64
2298,906,14,2,33.69,67.38
2299,907,41,2,52.61,105.22
2300,908,32,3,18.91,56.730000000000004
2301,908,17,4,146.8,587.2
2302,909,7,4,14.81,59.24
2303,909,43,3,87.27,261.81
2304,910,42,1,66.56,66.56
2305,910,21,4,89.8,359.2
2306,910,17,3,153.94,461.82
2307,910,49,1,24.89,24.89
2308,910,4,2,46.7,93.4
2309,911,26,3,17.46,52.38
2310,911,30,4,100.04,400.16
2311,911,15,4,52.1,208.4
2312,911,53,2,44.52,89.04
2313,911,37,1,53.05,53.05
2314,912,17,4,158.16,632.64
2315,912,22,2,218.01,436.02
2316,912,47,2,43.95,87.9
2317,913,2,2,92.33,184.66
2318,913,31,2,171.91,343.82
2319,914,1,4,11.85,47.4
2320,914,29,3,36.29,108.87
2321,915,18,1,78.24,78.24
2322,916,13,3,52.51,157.53
2323,917,32,3,19.3,57.900000000000006
2324,917,44,4,76.98,307.92
2325,917,54,2,22.61,45.22
2326,917,28,1,67.27,67.27
2327,918,10,1,19.63,19.63
2328,919,36,1,26.69,26.69
2329,920,7,4,14.82,59.28
2330,920,35,2,15.88,31.76
2331,921,11,1,42.4,42.4
2332,922,23,4,94.31,377.24
2333,922,43,4,86.46,345.84
2334,923,15,1,53.06,53.06
2335,923,33,2,46.53,93.06
2336,923,8,3,120.62,361.86
2337,923,2,2,85.5,171.0
2338,923,47,3,43.73,131.19
2339,924,41,3,46.29,138.87
2340,924,55,3,32.91,98.72999999999999
2341,924,8,3,114.94,344.82
2342,924,7,1,15.35,15.35
2343,925,40,1,17.14,17.14
2344,926,48,3,102.54,307.62
2345,926,43,2,89.13,178.26
2346,926,21,4,82.56,330.24
2347,927,5,2,38.9,77.8
2348,927,10,1,18.07,18.07
2349,927,2,1,90.53,90.53
2350,928,21,4,89.6,358.4
2351,928,53,2,44.47,88.94
2352,928,12,1,66.93,66.93
2353,928,55,1,29.1,29.1
2354,928,9,3,54.36,163.07999999999998
2355,929,43,2,84.31,168.62
2356,929,8,2,128.13,256.26
2357,929,6,1,22.45,22.45
2358,929,15,3,49.51,148.53
2359,929,41,4,46.32,185.28
2360,930,12,2,63.32,126.64
2361,930,37,3,54.69,164.07
2362,931,38,3,73.4,220.20000000000002
2363,931,45,2,67.79,135.58
2364,931,41,1,52.71,52.71
2365,931,49,1,27.41,27.41
2366,932,52,2,22.11,44.22
2367,932,50,4,15.51,62.04
2368,932,45,4,72.88,291.52
2369,932,44,3,72.05,216.14999999999998
2370,932,19,3,19.32,57.96
2371,933,26,4,18.69,74.76
2372,934,7,3,15.07,45.21
2373,935,45,1,74.13,74.13
2374,935,16,2,381.4,762.8
2375,936,15,1,49.53,49.53
2376,936,52,2,22.05,44.1
2377,936,45,2,70.89,141.78
2378,937,22,3,217.69,653.0699999999999
2379,937,41,4,48.56,194.24
2380,937,23,2,94.7,189.4
2381,937,42,2,62.94,125.88
2382,937,13,4,52.03,208.12
2383,938,18,2,75.81,151.62
2384,938,33,4,47.67,190.68
2385,939,6,2,23.38,46.76
2386,939,32,3,19.39,58.17
2387,939,26,2,19.38,38.76
2388,939,28,3,63.87,191.60999999999999
2389,940,8,4,122.53,490.12
2390,940,41,1,48.87,48.87
2391,940,36,2,27.66,55.32
2392,940,39,1,33.76,33.76
2393,941,31,4,182.76,731.04
2394,941,32,3,19.55,58.650000000000006
2395,941,46,2,53.94,107.88
2396,942,49,4,26.99,107.96
2397,942,28,1,64.6,64.6
2398,942,45,2,71.8,143.6
2399,942,25,4,29.27,117.08
2400,943,16,3,362.82,1088.46
2401,943,13,2,51.93,103.86
2402,943,26,1,17.61,17.61
2403,944,12,1,68.93,68.93
2404,944,36,3,29.47,88.41
2405,944,6,4,23.55,94.2
2406,945,33,4,44.22,176.88
2407,945,36,1,28.6,28.6
2408,946,12,2,63.33,126.66
2409,946,35,3,16.01,48.03
2410,947,28,1,62.71,62.71
2411,947,44,3,71.91,215.73
2412,948,26,1,18.97,18.97
2413,948,10,2,18.81,37.62
2414,949,1,1,12.04,12.04
2415,950,48,1,93.42,93.42
2416,950,33,3,43.92,131.76
2417,950,9,2,55.14,110.28
2418,950,46,3,58.47,175.41
2419,950,45,2,65.43,130.86
2420,951,25,3,27.55,82.65
2421,952,9,3,55.88,167.64000000000001
2422,952,19,2,18.78,37.56
2423,952,3,4,27.4,109.6
2424,952,18,1,71.23,71.23
2425,953,14,3,34.59,103.77000000000001
2426,953,52,4,24.13,96.52
2427,954,21,4,85.95,343.8
2428,954,5,1,39.52,39.52
2429,954,20,4,15.23,60.92
2430,954,47,4,48.28,193.12
2431,955,42,2,68.59,137.18
2432,955,6,4,22.44,89.76
2433,955,2,1,90.62,90.62
2434,956,40,2,18.18,36.36
2435,956,4,4,48.02,192.08
2436,956,27,4,23.14,92.56
2437,957,32,3,18.65,55.949999999999996
2438,957,27,1,22.87,22.87
2439,957,38,2,73.42,146.84
2440,958,54,1,23.94,23.94
2441,958,34,2,32.19,64.38
2442,959,12,2,62.32,124.64
2443,960,43,3,91.7,275.1
2444,960,36,4,29.59,118.36
2445,960,9,4,53.17,212.68
2446,961,21,1,83.74,83.74
2447,961,50,4,16.33,65.32
2448,961,10,1,18.99,18.99
2449,961,45,3,68.94,206.82
2450,962,6,3,23.83,71.49
2451,962,18,2,73.52,147.04
2452,962,24,1,19.45,19.45
2453,963,15,4,53.61,214.44
2454,963,53,1,41.86,41.86
2455,963,49,4,26.72,106.88
2456,964,16,1,399.13,399.13
2457,964,23,4,97.93,391.72
2458,965,18,3,73.95,221.85000000000002
2459,965,17,3,145.51,436.53
2460,965,33,2,44.29,88.58
2461,965,36,2,27.69,55.38
2462,966,12,4,64.8,259.2
2463,966,10,2,17.87,35.74
2464,966,43,3,91.42,274.26
2465,967,26,4,17.76,71.04
2466,967,37,2,55.92,111.84
2467,967,2,3,90.11,270.33
2468,967,41,2,50.99,101.98
2469,967,21,2,89.77,179.54
2470,968,37,4,59.94,239.76
2471,968,12,3,63.41,190.23
2472,968,27,3,21.84,65.52
2473,969,21,2,91.33,182.66
2474,969,8,1,130.02,130.02
2475,969,39,3,34.78,104.34
2476,970,32,2,18.08,36.16
2477,970,5,2,39.06,78.12
2478,970,48,3,102.05,306.15
2479,971,30,2,99.3,198.6
2480,971,29,4,35.55,142.2
2481,971,8,4,130.34,521.36
2482,971,13,4,49.39,197.56
2483,971,16,4,393.61,1574.44
2484,972,40,3,18.75,56.25
2485,973,9,2,52.27,104.54
2486,974,28,2,60.58,121.16
2487,974,7,1,14.41,14.41
2488,974,24,4,19.4,77.6
2489,975,28,1,65.98,65.98
2490,976,40,3,17.53,52.59
2491,976,5,4,36.79,147.16
2492,976,30,1,103.63,103.63
2493,977,15,2,53.44,106.88
2494,977,28,4,67.18,268.72
2495,977,30,2,104.09,208.18
2496,977,40,4,17.58,70.32
2497,977,53,1,44.87,44.87
2498,978,34,2,33.3,66.6
2499,979,31,3,192.32,576.96
2500,980,18,3,70.97,212.91
2501,980,37,1,52.82,52.82
2502,980,36,3,28.36,85.08
2503,981,22,2,217.43,434.86
2504,981,40,2,17.68,35.36
2505,981,37,2,54.66,109.32
2506,981,38,1,69.25,69.25
2507,981,19,4,18.54,74.16
2508,982,41,1,48.93,48.93
2509,983,49,2,25.1,50.2
2510,983,41,4,46.09,184.36
2511,984,53,1,43.31,43.31
2512,984,44,1,73.0,73.0
2513,985,5,3,36.91,110.72999999999999
2514,985,9,1,57.38,57.38
2515,985,14,2,33.26,66.52
2516,986,5,4,36.45,145.8
2517,986,8,2,114.38,228.76
2518,986,54,1,23.95,23.95
2519,987,1,2,11.5,23.0
2520,987,19,1,19.16,19.16
2521,987,37,2,59.95,119.9
2522,987,12,4,70.98,283.92
2523,988,36,1,27.8,27.8
2524,988,9,1,58.42,58.42
2525,988,5,2,39.64,79.28
2526,989,21,4,88.99,355.96
2527,989,30,1,95.3,95.3
2528,989,3,3,28.34,85.02
2529,989,19,4,17.3,69.2
2530,990,47,2,42.91,85.82
2531,990,14,2,35.97,71.94
2532,991,22,2,237.65,475.3
2533,991,13,1,50.4,50.4
2534,991,46,3,53.66,160.98
2535,992,23,1,94.75,94.75
2536,993,52,3,23.76,71.28
2537,994,25,3,28.77,86.31
2538,994,14,1,37.79,37.79
2539,995,24,1,20.07,20.07
2540,995,49,2,25.21,50.42
2541,995,2,4,87.16,348.64
2542,996,40,4,18.18,72.72
2543,997,48,3,103.68,311.04
2544,998,35,1,14.28,14.28
2545,998,40,1,17.96,17.96
2546,999,32,1,19.39,19.39
2547,999,53,1,44.22,44.22
2548,999,28,4,67.91,271.64
2549,999,47,1,45.37,45.37
2550,999,25,2,27.43,54.86
2551,1000,12,4,63.75,255.0
2552,1001,8,4,130.54,522.16
2553,1001,19,3,18.99,56.97
2554,1002,53,1,42.31,42.31
2555,1003,22,3,229.77,689.3100000000001
2556,1003,54,3,21.11,63.33
2557,1003,17,4,140.56,562.24
2558,1004,1,1,12.48,12.48
2559,1004,54,3,23.48,70.44
2560,1004,11,2,41.49,82.98
2561,1004,53,3,43.7,131.10000000000002
2562,1005,44,2,73.34,146.68
2563,1005,28,4,60.83,243.32
2564,1006,44,3,68.4,205.20000000000002
2565,1007,41,3,51.77,155.31
2566,1007,30,1,94.69,94.69
2567,1007,12,4,68.25,273.0
2568,1007,3,4,30.33,121.32
2569,1008,31,4,182.72,730.88
2570,1008,44,4,77.25,309.0
2571,1009,54,4,24.06,96.24
2572,1009,41,2,45.81,91.62
2573,1009,38,1,69.68,69.68
2574,1010,48,3,101.49,304.46999999999997
2575,1010,19,2,18.32,36.64
2576,1011,47,2,42.82,85.64
2577,1011,44,2,76.18,152.36
2578,1011,53,1,42.26,42.26
2579,1012,21,4,82.67,330.68
2580,1012,18,1,74.53,74.53
2581,1012,33,3,48.7,146.10000000000002
2582,1012,1,2,12.18,24.36
2583,1012,30,1,103.93,103.93
2584,1013,5,3,36.26,108.78
2585,1013,55,2,32.95,65.9
2586,1014,10,2,19.8,39.6
2587,1015,37,2,57.15,114.3
2588,1015,32,2,18.74,37.48
2589,1015,10,1,19.52,19.52
2590,1015,34,4,33.06,132.24
2591,1016,10,1,17.22,17.22
2592,1016,14,2,35.67,71.34
2593,1017,53,1,44.18,44.18
2594,1017,30,4,93.02,372.08
2595,1018,25,1,28.36,28.36
2596,1019,37,4,54.88,219.52
2597,1019,35,3,14.32,42.96
2598,1019,8,4,122.17,488.68
2599,1020,41,3,47.54,142.62
2600,1020,17,2,153.3,306.6
2601,1020,1,1,12.24,12.24
2602,1021,45,3,65.61,196.82999999999998
2603,1022,46,2,57.16,114.32
2604,1023,21,1,90.33,90.33
2605,1023,25,4,28.19,112.76
2606,1023,5,1,40.75,40.75
2607,1024,4,4,43.53,174.12
2608,1024,52,2,20.92,41.84
2609,1024,48,1,96.3,96.3
2610,1024,36,2,27.86,55.72
2611,1024,39,4,31.96,127.84
2612,1025,36,2,27.83,55.66
2613,1025,8,2,114.26,228.52
2614,1026,36,3,27.2,81.6
2615,1026,14,3,34.22,102.66
2616,1026,8,3,118.34,355.02
2617,1027,1,3,11.87,35.61
2618,1028,50,1,14.66,14.66
2619,1028,53,3,45.19,135.57
2620,1028,35,2,15.31,30.62
2621,1028,51,4,38.25,153.0
2622,1028,37,3,59.84,179.52
2623,1029,28,4,61.02,244.08
2624,1029,29,4,36.83,147.32
2625,1029,36,2,27.19,54.38
2626,1029,10,4,19.14,76.56
2627,1030,52,4,23.47,93.88
2628,1030,20,1,14.08,14.08
2629,1030,15,4,56.42,225.68
2630,1031,16,3,382.4,1147.1999999999998
2631,1032,52,4,22.93,91.72
2632,1032,2,3,90.06,270.18
2633,1033,2,2,91.12,182.24
2634,1033,24,4,19.29,77.16
2635,1034,30,2,99.58,199.16
2636,1034,20,2,14.67,29.34
2637,1035,48,4,97.15,388.6
2638,1035,4,2,47.2,94.4
2639,1035,3,3,27.29,81.87
2640,1035,50,1,14.82,14.82
2641,1035,12,4,70.71,282.84
2642,1036,39,3,32.77,98.31
2643,1036,15,1,50.05,50.05
2644,1037,8,4,115.9,463.6
2645,1037,27,2,22.4,44.8
2646,1038,25,2,27.32,54.64
2647,1038,44,3,71.21,213.63
2648,1038,8,1,126.77,126.77
2649,1039,16,4,394.9,1579.6
2650,1040,5,3,41.13,123.39000000000001
2651,1040,53,1,42.19,42.19
2652,1040,12,1,64.09,64.09
2653,1041,51,1,39.09,39.09
2654,1042,55,4,31.15,124.6
2655,1042,28,4,62.18,248.72
2656,1042,34,4,32.01,128.04
2657,1043,52,2,23.76,47.52
2658,1043,39,1,30.86,30.86
2659,1043,38,3,76.07,228.20999999999998
2660,1043,47,4,46.22,184.88
2661,1044,36,1,29.05,29.05
2662,1044,22,2,236.8,473.6
2663,1044,25,3,30.4,91.19999999999999
2664,1045,28,1,65.74,65.74
2665,1045,42,1,65.08,65.08
2666,1045,36,3,28.68,86.03999999999999
2667,1046,38,3,71.3,213.89999999999998
2668,1046,48,4,98.09,392.36
2669,1047,4,1,46.93,46.93
2670,1047,46,2,55.87,111.74
2671,1047,36,3,26.77,80.31
2672,1047,32,2,18.25,36.5
2673,1047,12,1,70.88,70.88
2674,1048,55,1,30.77,30.77
2675,1048,23,3,100.09,300.27
2676,1048,11,2,44.33,88.66
2677,1049,29,2,37.53,75.06
2678,1049,3,2,30.39,60.78
2679,1049,34,4,32.98,131.92
2680,1050,29,2,35.35,70.7
2681,1050,4,2,49.29,98.58
2682,1051,9,1,55.63,55.63
2683,1051,51,1,39.98,39.98
2684,1051,55,4,32.46,129.84
2685,1051,39,4,32.95,131.8
2686,1051,26,2,17.54,35.08
2687,1052,45,1,73.46,73.46
2688,1052,43,1,91.01,91.01
2689,1052,26,3,18.02,54.06
2690,1053,41,3,51.06,153.18
2691,1054,55,4,30.39,121.56
2692,1054,18,4,74.61,298.44
2693,1054,25,2,27.29,54.58
2694,1055,16,3,361.28,1083.84
2695,1056,35,4,14.84,59.36
2696,1056,23,1,92.13,92.13
2697,1056,47,1,42.89,42.89
2698,1057,36,4,28.61,114.44
2699,1058,52,1,23.5,23.5
2700,1058,11,2,44.24,88.48
2701,1059,32,4,18.59,74.36
2702,1059,1,4,12.88,51.52
2703,1060,41,3,47.76,143.28
2704,1060,4,1,47.55,47.55
2705,1061,9,3,55.48,166.44
2706,1061,8,4,114.21,456.84
2707,1062,10,1,19.15,19.15
2708,1062,32,2,18.33,36.66
2709,1063,6,4,21.94,87.76
2710,1063,18,1,79.18,79.18
2711,1064,14,4,34.95,139.8
2712,1064,44,2,78.05,156.1
2713,1064,2,1,90.26,90.26
2714,1065,27,2,22.49,44.98
2715,1065,9,4,59.45,237.8
2716,1065,52,4,23.89,95.56
2717,1066,6,3,23.96,71.88
2718,1066,23,3,91.81,275.43
2719,1067,44,2,74.93,149.86
2720,1067,32,4,18.5,74.0
2721,1067,41,4,49.68,198.72
2722,1068,7,3,16.23,48.69
2723,1068,5,3,38.43,115.28999999999999
2724,1068,22,4,214.36,857.44
2725,1069,37,3,60.36,181.07999999999998
2726,1070,3,4,27.7,110.8
2727,1070,51,2,39.51,79.02
2728,1070,41,3,47.75,143.25
2729,1071,46,4,54.88,219.52
2730,1071,41,3,46.68,140.04
2731,1071,40,2,17.37,34.74
2732,1072,7,4,15.24,60.96
2733,1072,46,1,52.66,52.66
2734,1072,3,2,30.16,60.32
2735,1072,13,2,48.7,97.4
2736,1072,21,3,84.3,252.89999999999998
2737,1073,38,3,69.17,207.51
2738,1074,47,1,45.04,45.04
2739,1075,37,2,52.72,105.44
2740,1075,48,4,98.45,393.8
2741,1075,34,2,32.62,65.24
2742,1076,47,2,46.51,93.02
2743,1076,25,3,29.92,89.76
2744,1076,15,3,57.14,171.42000000000002
2745,1077,51,1,40.72,40.72
2746,1077,27,1,23.77,23.77
2747,1077,1,1,12.47,12.47
2748,1078,27,2,22.27,44.54
2749,1078,46,1,52.51,52.51
2750,1079,26,4,17.42,69.68
2751,1079,44,1,73.53,73.53
2752,1079,5,2,37.35,74.7
2753,1079,45,4,69.08,276.32
2754,1079,23,3,99.54,298.62
2755,1080,17,1,141.05,141.05
2756,1080,4,2,48.28,96.56
2757,1080,47,1,43.44,43.44
2758,1080,9,1,55.75,55.75
2759,1081,47,4,44.61,178.44
2760,1081,45,2,67.68,135.36
2761,1081,22,4,239.37,957.48
2762,1081,33,2,43.83,87.66
2763,1082,6,1,21.53,21.53
2764,1082,49,4,23.8,95.2
2765,1082,26,4,17.14,68.56
2766,1082,51,2,41.67,83.34
2767,1083,49,2,26.79,53.58
2768,1083,47,2,48.88,97.76
2769,1083,32,4,19.11,76.44
2770,1083,48,4,90.86,363.44
2771,1083,25,2,30.34,60.68
2772,1084,10,4,18.05,72.2
2773,1084,1,3,12.68,38.04
2774,1084,53,3,44.86,134.57999999999998
2775,1084,42,2,68.56,137.12
2776,1085,12,4,64.6,258.4
2777,1085,38,1,79.12,79.12
2778,1086,39,1,31.32,31.32
2779,1086,21,4,80.99,323.96
2780,1086,16,2,391.12,782.24
2781,1086,31,4,197.21,788.84
2782,1086,23,4,98.72,394.88
2783,1087,15,2,55.83,111.66
2784,1087,39,4,30.55,122.2
2785,1087,28,1,64.77,64.77
2786,1087,40,2,18.5,37.0
2787,1088,22,3,223.81,671.4300000000001
2788,1088,48,3,95.05,285.15
2789,1088,31,4,180.69,722.76
2790,1089,27,2,21.26,42.52
2791,1090,38,3,71.75,215.25
2792,1091,36,3,30.48,91.44
2793,1091,47,3,45.89,137.67000000000002
2794,1092,45,1,69.04,69.04
2795,1092,42,1,63.43,63.43
2796,1092,52,4,21.52,86.08
2797,1093,27,4,22.59,90.36
2798,1094,29,3,34.53,103.59
2799,1094,32,4,18.0,72.0
2800,1095,10,2,19.7,39.4
2801,1095,37,4,55.92,223.68
2802,1095,14,4,34.33,137.32
2803,1095,51,3,36.98,110.94
2804,1095,23,1,98.13,98.13
2805,1096,8,2,123.49,246.98
2806,1096,12,4,64.31,257.24
2807,1096,53,1,40.24,40.24
2808,1097,22,4,237.78,951.12
2809,1097,32,3,19.64,58.92
2810,1097,21,2,81.97,163.94
2811,1098,24,3,21.4,64.19999999999999
2812,1099,12,2,63.85,127.7
2813,1100,15,1,53.12,53.12
2814,1100,31,4,197.61,790.44
2815,1100,17,2,156.25,312.5
2816,1100,35,3,15.4,46.2
2817,1101,16,1,399.33,399.33
2818,1102,18,4,69.4,277.6
2819,1102,45,3,74.46,223.38
2820,1103,1,2,12.0,24.0
2821,1104,33,1,47.16,47.16
2822,1104,3,4,27.06,108.24
2823,1104,49,2,27.12,54.24
2824,1105,23,1,96.18,96.18
2825,1106,12,3,62.29,186.87
2826,1106,40,1,18.57,18.57
2827,1106,42,2,67.75,135.5
2828,1107,55,3,29.05,87.15
2829,1108,36,3,29.24,87.72
2830,1108,47,2,46.56,93.12
2831,1109,32,2,17.11,34.22
2832,1109,19,1,18.78,18.78
2833,1110,42,3,69.1,207.29999999999998
2834,1110,44,2,69.33,138.66
2835,1110,45,1,67.8,67.8
2836,1111,5,2,37.8,75.6
2837,1112,7,1,15.54,15.54
2838,1113,42,1,65.91,65.91
2839,1114,2,1,83.36,83.36
2840,1114,16,1,412.06,412.06
2841,1115,24,4,20.69,82.76
2842,1115,8,2,122.62,245.24
2843,1115,29,4,35.47,141.88
2844,1116,11,2,42.46,84.92
2845,1116,4,3,46.67,140.01
2846,1116,9,1,52.64,52.64
2847,1117,29,3,36.64,109.92
2848,1117,23,3,96.14,288.42
2849,1118,43,1,90.61,90.61
2850,1118,38,3,76.07,228.20999999999998
2851,1118,28,4,59.12,236.48
2852,1118,21,2,88.59,177.18
2853,1118,20,1,15.35,15.35
2854,1119,1,1,11.77,11.77
2855,1120,52,1,21.62,21.62
2856,1120,5,4,40.17,160.68
2857,1120,3,2,30.09,60.18
2858,1121,14,4,36.84,147.36
2859,1122,8,2,127.48,254.96
2860,1122,45,2,68.84,137.68
2861,1123,48,3,92.87,278.61
2862,1123,8,2,115.18,230.36
2863,1124,2,4,82.72,330.88
2864,1124,3,2,29.08,58.16
2865,1125,25,1,29.51,29.51
2866,1125,54,3,21.64,64.92
2867,1126,53,3,44.44,133.32
2868,1127,38,1,77.97,77.97
2869,1127,48,4,100.7,402.8
2870,1128,26,4,19.45,77.8
2871,1128,50,1,14.81,14.81
2872,1128,36,3,27.57,82.71000000000001
2873,1129,52,2,21.06,42.12
2874,1130,4,2,45.2,90.4
2875,1130,47,1,46.12,46.12
2876,1130,55,2,30.23,60.46
2877,1130,15,3,56.48,169.44
2878,1130,2,2,90.75,181.5
2879,1131,12,4,69.32,277.28
2880,1131,45,1,71.25,71.25
2881,1132,19,4,17.32,69.28
2882,1132,34,3,30.6,91.80000000000001
2883,1133,18,4,73.94,295.76
2884,1134,47,2,43.25,86.5
2885,1134,11,3,42.83,128.49
2886,1134,6,1,20.97,20.97
2887,1134,24,4,21.83,87.32
2888,1134,4,4,45.4,181.6
2889,1135,52,1,21.34,21.34
2890,1135,50,1,14.36,14.36
2891,1135,9,4,60.32,241.28
2892,1135,40,3,19.48,58.44
2893,1135,32,3,18.94,56.82000000000001
2894,1136,33,3,43.92,131.76
2895,1137,6,2,21.39,42.78
2896,1138,42,1,66.48,66.48
2897,1139,7,4,15.56,62.24
2898,1139,10,2,19.22,38.44
2899,1139,22,2,223.69,447.38
2900,1140,15,1,52.09,52.09
2901,1140,46,4,56.17,224.68
2902,1141,48,1,91.9,91.9
2903,1141,40,3,18.16,54.480000000000004
2904,1142,47,4,44.39,177.56
2905,1142,32,3,19.44,58.32000000000001
2906,1142,12,3,64.04,192.12
2907,1142,33,1,46.26,46.26
2908,1143,28,4,63.93,255.72
2909,1144,38,3,75.6,226.79999999999998
2910,1144,17,1,153.55,153.55
2911,1145,4,4,43.49,173.96
2912,1145,10,4,18.6,74.4
2913,1145,35,1,14.64,14.64
2914,1145,5,2,41.76,83.52
2915,1146,42,4,63.39,253.56
2916,1147,46,4,59.53,238.12
2917,1148,35,4,15.94,63.76
2918,1148,39,4,33.05,132.2
2919,1149,26,3,17.35,52.050000000000004
2920,1149,25,3,28.8,86.4
2921,1150,45,2,67.95,135.9
2922,1151,5,2,41.27,82.54
2923,1151,6,4,22.19,88.76
2924,1151,40,2,18.57,37.14
2925,1151,22,2,225.27,450.54
2926,1152,17,1,149.25,149.25
2927,1152,21,3,84.37,253.11
2928,1152,25,1,30.2,30.2
2929,1152,40,3,19.73,59.19
2930,1152,15,4,56.69,226.76
2931,1153,27,4,22.97,91.88
2932,1154,31,3,193.51,580.53
2933,1154,28,2,60.15,120.3
2934,1154,12,2,63.55,127.1
2935,1154,26,4,17.51,70.04
2936,1154,49,3,27.43,82.28999999999999
2937,1155,52,2,22.29,44.58
2938,1155,13,2,46.51,93.02
2939,1155,49,1,26.79,26.79
2940,1155,6,4,22.15,88.6
2941,1155,36,4,30.7,122.8
2942,1156,23,1,91.53,91.53
2943,1156,9,1,53.32,53.32
2944,1156,40,4,19.27,77.08
2945,1156,52,2,21.54,43.08
2946,1157,42,2,62.38,124.76
2947,1157,52,3,22.79,68.37
2948,1157,30,3,90.93,272.79
2949,1158,1,2,12.02,24.04
2950,1158,48,3,101.85,305.54999999999995
2951,1158,27,4,22.95,91.8
2952,1159,24,3,19.64,58.92
2953,1160,2,3,87.91,263.73
2954,1160,40,3,18.22,54.66
2955,1160,50,1,14.67,14.67
2956,1161,24,2,21.09,42.18
2957,1162,5,2,37.82,75.64
2958,1163,7,1,15.91,15.91
2959,1163,44,3,78.29,234.87
2960,1163,43,4,83.71,334.84
2961,1163,40,4,17.57,70.28
2962,1163,37,1,54.57,54.57
2963,1164,2,1,81.29,81.29
2964,1164,13,1,45.79,45.79
2965,1165,55,3,32.08,96.24
2966,1165,44,1,68.64,68.64
2967,1166,55,3,31.73,95.19
2968,1167,34,1,34.92,34.92
2969,1167,51,3,41.67,125.01
2970,1168,40,3,18.07,54.21
2971,1168,14,2,37.25,74.5
2972,1169,30,3,104.09,312.27
2973,1169,7,3,15.6,46.8
2974,1169,44,1,69.96,69.96
2975,1169,53,1,42.44,42.44
2976,1170,48,4,93.43,373.72
2977,1170,12,3,71.03,213.09
2978,1171,21,4,93.06,372.24
2979,1171,40,2,18.64,37.28
2980,1171,49,2,26.99,53.98
2981,1171,3,2,29.12,58.24
2982,1171,24,3,20.31,60.92999999999999
2983,1172,5,1,41.32,41.32
2984,1172,7,4,16.02,64.08
2985,1173,43,3,86.99,260.96999999999997
2986,1174,43,1,95.78,95.78
2987,1174,37,3,54.57,163.71
2988,1174,44,4,69.06,276.24
2989,1174,39,4,32.92,131.68
2990,1174,42,1,66.61,66.61
2991,1175,20,1,13.85,13.85
2992,1175,33,2,48.72,97.44
2993,1175,13,4,48.42,193.68
2994,1175,17,3,146.82,440.46
2995,1176,9,2,57.97,115.94
2996,1176,33,4,47.72,190.88
2997,1176,30,4,102.87,411.48
2998,1176,2,1,83.03,83.03
2999,1176,49,2,26.47,52.94
3000,1177,6,1,21.72,21.72
3001,1177,27,1,23.66,23.66
3002,1177,43,3,88.42,265.26
3003,1177,9,4,56.75,227.0
3004,1177,14,2,38.13,76.26
3005,1178,15,3,55.75,167.25
3006,1178,52,4,23.9,95.6
3007,1179,9,2,53.0,106.0
3008,1179,17,1,151.21,151.21
3009,1180,36,3,29.12,87.36
3010,1180,11,2,41.64,83.28
3011,1180,39,2,32.83,65.66
3012,1180,26,1,18.09,18.09
3013,1181,42,1,67.05,67.05
3014,1181,6,1,23.08,23.08
3015,1181,40,3,17.65,52.949999999999996
3016,1181,21,3,90.74,272.21999999999997
3017,1182,51,3,37.16,111.47999999999999
3018,1183,54,3,21.03,63.09
3019,1183,55,3,31.77,95.31
3020,1184,17,1,157.15,157.15
3021,1184,30,3,103.41,310.23
3022,1185,8,1,116.59,116.59
3023,1185,48,3,98.13,294.39
3024,1185,47,1,43.72,43.72
3025,1186,52,2,22.76,45.52
3026,1187,15,3,54.82,164.46
3027,1188,11,4,45.28,181.12
3028,1188,24,3,19.4,58.199999999999996
3029,1188,2,2,93.13,186.26
3030,1189,5,1,38.58,38.58
3031,1190,31,1,187.62,187.62
3032,1191,35,4,14.27,57.08
3033,1192,25,2,27.56,55.12
3034,1192,43,4,86.44,345.76
3035,1192,16,4,410.02,1640.08
3036,1192,38,3,73.49,220.46999999999997
3037,1193,35,3,15.14,45.42
3038,1193,54,2,21.04,42.08
3039,1193,52,2,22.28,44.56
3040,1194,51,3,37.2,111.60000000000001
3041,1194,45,2,71.71,143.42
3042,1195,37,3,57.65,172.95
3043,1195,8,4,122.1,488.4
3044,1195,36,4,28.7,114.8
3045,1195,16,4,366.28,1465.12
3046,1196,25,3,30.51,91.53
3047,1196,55,3,30.09,90.27
3048,1196,48,2,92.03,184.06
3049,1196,44,3,74.28,222.84
3050,1197,12,3,65.36,196.07999999999998
3051,1197,15,3,56.52,169.56
3052,1198,32,2,19.64,39.28
3053,1198,7,1,16.5,16.5
3054,1199,19,4,18.77,75.08
3055,1199,39,1,33.94,33.94
3056,1199,22,4,222.3,889.2
3057,1200,10,1,18.92,18.92
3058,1201,41,1,48.92,48.92
3059,1202,3,3,29.53,88.59
3060,1202,21,3,82.49,247.46999999999997
3061,1202,35,2,14.52,29.04
3062,1203,8,3,117.53,352.59000000000003
3063,1203,21,2,86.81,173.62
3064,1203,22,1,222.63,222.63
3065,1203,16,2,381.72,763.44
3066,1203,25,3,27.31,81.92999999999999
3067,1204,44,3,69.36,208.07999999999998
3068,1204,13,2,52.79,105.58
3069,1205,4,4,47.72,190.88
3070,1205,32,2,19.66,39.32
3071,1205,18,2,77.54,155.08
3072,1206,4,3,49.21,147.63
3073,1206,45,4,66.52,266.08
3074,1206,37,1,59.3,59.3
3075,1206,41,4,47.01,188.04
3076,1206,39,4,32.84,131.36
3077,1207,44,2,76.11,152.22
3078,1207,11,3,43.76,131.28
3079,1207,30,1,103.9,103.9
3080,1208,28,2,62.6,125.2
3081,1209,33,1,45.9,45.9
3082,1209,54,2,21.49,42.98
3083,1210,31,3,193.66,580.98
3084,1210,10,4,18.09,72.36
3085,1210,30,4,96.2,384.8
3086,1210,9,1,58.11,58.11
3087,1211,27,4,21.51,86.04
3088,1211,44,1,74.27,74.27
3089,1212,30,4,94.51,378.04
3090,1213,26,1,17.9,17.9
3091,1213,35,2,15.37,30.74
3092,1213,15,4,51.08,204.32
3093,1214,38,3,68.6,205.79999999999998
3094,1215,7,4,15.23,60.92
3095,1215,27,3,24.2,72.6
3096,1215,46,1,55.99,55.99
3097,1216,27,4,21.74,86.96
3098,1216,39,1,32.55,32.55
3099,1216,14,4,36.14,144.56
3100,1217,16,3,385.11,1155.33
3101,1217,46,3,52.34,157.02
3102,1217,6,3,23.69,71.07000000000001
3103,1218,44,2,72.97,145.94
3104,1218,46,2,53.63,107.26
3105,1219,30,3,97.0,291.0
3106,1219,48,4,91.66,366.64
3107,1219,19,2,19.53,39.06
3108,1219,35,3,15.78,47.339999999999996
3109,1219,53,3,44.15,132.45
3110,1220,16,1,370.77,370.77
3111,1221,45,4,66.34,265.36
3112,1222,29,4,34.46,137.84
3113,1222,2,4,85.75,343.0
3114,1222,14,1,35.37,35.37
3115,1222,8,4,119.28,477.12
3116,1223,46,2,53.73,107.46
3117,1223,37,3,59.68,179.04
3118,1224,8,4,120.78,483.12
3119,1224,27,1,23.63,23.63
3120,1225,42,1,67.82,67.82
3121,1225,8,2,128.64,257.28
3122,1225,23,2,94.47,188.94
3123,1225,40,2,19.78,39.56
3124,1225,29,3,38.46,115.38
3125,1226,22,4,239.07,956.28
3126,1226,27,3,21.74,65.22
3127,1226,21,3,87.25,261.75
3128,1226,2,3,85.0,255.0
3129,1226,45,4,72.54,290.16
3130,1227,30,4,96.36,385.44
3131,1227,40,1,18.86,18.86
3132,1227,50,4,14.73,58.92
3133,1228,15,3,51.35,154.05
3134,1228,51,3,38.13,114.39000000000001
3135,1228,3,4,28.13,112.52
3136,1228,12,2,61.78,123.56
3137,1228,2,3,81.02,243.06
3138,1229,39,2,33.19,66.38
3139,1230,10,4,19.31,77.24
3140,1230,55,2,29.06,58.12
3141,1230,49,2,26.87,53.74
3142,1231,21,3,88.18,264.54
3143,1232,31,3,183.44,550.3199999999999
3144,1232,46,1,58.37,58.37
3145,1232,28,4,68.16,272.64
3146,1232,6,3,22.95,68.85
3147,1233,27,1,22.65,22.65
3148,1233,37,4,58.99,235.96
3149,1233,41,3,46.13,138.39000000000001
3150,1234,44,3,77.99,233.96999999999997
3151,1234,11,4,39.95,159.8
3152,1235,9,1,57.78,57.78
3153,1235,24,3,20.76,62.28
3154,1235,36,1,27.02,27.02
3155,1236,7,1,14.28,14.28
3156,1236,21,4,91.07,364.28
3157,1237,4,1,44.57,44.57
3158,1237,2,4,84.3,337.2
3159,1238,53,4,42.49,169.96
3160,1238,36,3,28.95,86.85
3161,1238,10,1,17.37,17.37
3162,1239,48,3,96.53,289.59000000000003
3163,1239,35,1,14.57,14.57
3164,1239,16,4,397.05,1588.2
3165,1240,25,1,30.13,30.13
3166,1240,7,4,14.82,59.28
3167,1241,43,2,87.87,175.74
3168,1241,8,2,124.56,249.12
3169,1241,32,1,18.86,18.86
3170,1241,52,2,22.18,44.36
3171,1241,20,4,15.1,60.4
3172,1242,42,3,62.05,186.14999999999998
3173,1243,16,2,397.86,795.72
3174,1243,4,4,49.17,196.68
3175,1244,18,3,78.6,235.79999999999998
3176,1244,20,4,14.01,56.04
3177,1244,31,3,175.27,525.8100000000001
3178,1244,53,1,41.6,41.6
3179,1244,8,1,116.46,116.46
3180,1245,35,1,16.38,16.38
3181,1245,45,1,65.59,65.59
3182,1245,39,1,34.03,34.03
3183,1245,8,4,126.39,505.56
3184,1245,37,4,55.89,223.56
3185,1246,45,2,65.58,131.16
3186,1247,50,4,14.4,57.6
3187,1247,22,2,225.18,450.36
3188,1248,4,1,48.71,48.71
3189,1249,39,1,31.68,31.68
3190,1249,9,2,55.09,110.18
3191,1249,43,2,84.18,168.36
3192,1250,36,3,30.05,90.15
3193,1250,40,3,18.69,56.07000000000001
3194,1251,42,1,63.65,63.65
3195,1251,31,2,188.24,376.48
3196,1251,39,2,33.08,66.16
3197,1252,5,3,40.75,122.25
3198,1253,45,3,74.44,223.32
3199,1253,29,3,35.99,107.97
3200,1254,2,2,89.47,178.94
3201,1254,28,2,61.85,123.7
3202,1254,30,4,103.47,413.88
3203,1254,47,1,45.4,45.4
3204,1254,14,2,38.04,76.08
3205,1255,12,1,66.52,66.52
3206,1256,42,4,64.53,258.12
3207,1256,19,4,17.71,70.84
3208,1257,26,3,19.49,58.47
3209,1257,49,1,25.63,25.63
3210,1257,2,1,92.82,92.82
3211,1257,48,4,93.54,374.16
3212,1258,41,1,49.2,49.2
3213,1258,43,1,94.98,94.98
3214,1258,8,1,129.17,129.17
3215,1258,22,4,218.8,875.2
3216,1259,1,1,11.76,11.76
3217,1259,52,2,23.27,46.54
3218,1259,7,4,15.18,60.72
3219,1259,47,2,47.51,95.02
3220,1259,27,4,21.04,84.16
3221,1260,9,3,55.99,167.97
3222,1260,11,4,43.48,173.92
3223,1261,21,1,85.57,85.57
3224,1261,38,4,69.41,277.64
3225,1261,14,1,33.25,33.25
3226,1261,40,3,17.5,52.5
3227,1261,16,1,408.06,408.06
3228,1262,52,3,21.29,63.87
3229,1262,30,3,95.56,286.68
3230,1262,29,3,36.32,108.96000000000001
3231,1263,43,4,91.67,366.68
3232,1263,27,1,21.06,21.06
3233,1263,41,1,50.68,50.68
3234,1264,26,1,18.82,18.82
3235,1264,31,1,192.14,192.14
3236,1264,5,3,41.04,123.12
3237,1265,11,1,43.89,43.89
3238,1265,50,3,15.99,47.97
3239,1266,11,2,44.28,88.56
3240,1266,5,1,39.63,39.63
3241,1267,15,2,51.71,103.42
3242,1267,37,1,58.21,58.21
3243,1268,20,3,14.5,43.5
3244,1268,43,1,91.21,91.21
3245,1269,44,4,71.41,285.64
3246,1269,3,1,28.1,28.1
3247,1269,27,4,23.22,92.88
3248,1270,11,4,40.59,162.36
3249,1270,3,1,28.1,28.1
3250,1270,29,4,35.35,141.4
3251,1271,35,3,16.0,48.0
3252,1271,14,3,33.58,100.74
3253,1271,46,4,56.65,226.6
3254,1272,36,1,28.08,28.08
3255,1272,53,1,44.97,44.97
3256,1272,43,1,94.21,94.21
3257,1272,37,3,55.72,167.16
3258,1273,46,1,54.39,54.39
3259,1274,49,3,24.9,74.69999999999999
3260,1275,44,1,78.2,78.2
3261,1275,9,2,56.98,113.96
3262,1275,22,3,229.32,687.96
3263,1276,54,1,22.6,22.6
3264,1276,17,3,153.92,461.76
3265,1276,44,3,76.27,228.81
3266,1277,31,2,197.69,395.38
3267,1277,6,2,23.68,47.36
3268,1277,19,1,18.95,18.95
3269,1277,23,4,103.6,414.4
3270,1277,51,2,41.79,83.58
3271,1278,32,1,18.14,18.14
3272,1279,41,2,48.59,97.18
3273,1279,48,4,94.47,377.88
3274,1280,26,1,17.76,17.76
3275,1281,12,1,66.51,66.51
3276,1281,39,1,33.2,33.2
3277,1281,40,3,18.12,54.36
3278,1282,34,4,33.66,134.64
3279,1282,4,4,48.07,192.28
3280,1282,10,3,18.75,56.25
3281,1282,26,1,17.63,17.63
3282,1282,3,2,29.49,58.98
3283,1283,9,4,58.83,235.32
3284,1283,1,2,13.03,26.06
3285,1283,37,1,59.17,59.17
3286,1284,19,4,18.17,72.68
3287,1284,36,4,29.77,119.08
3288,1284,47,3,48.7,146.10000000000002
3289,1284,23,4,93.03,372.12
3290,1284,8,4,114.91,459.64
3291,1285,47,3,43.25,129.75
3292,1286,54,2,24.06,48.12
3293,1286,28,4,60.99,243.96
3294,1286,26,2,18.89,37.78
3295,1286,49,2,26.94,53.88
3296,1286,22,1,219.78,219.78
3297,1287,28,3,60.42,181.26
3298,1287,39,2,32.02,64.04
3299,1287,27,4,23.92,95.68
3300,1288,41,3,48.03,144.09
3301,1288,26,1,18.18,18.18
3302,1288,18,3,76.25,228.75
3303,1288,25,2,28.46,56.92
3304,1288,27,3,23.87,71.61
3305,1289,42,1,68.49,68.49
3306,1289,49,1,26.66,26.66
3307,1289,46,1,58.1,58.1
3308,1290,29,1,34.6,34.6
3309,1290,16,2,401.52,803.04
3310,1291,27,2,23.24,46.48
3311,1291,38,3,74.14,222.42000000000002
3312,1291,21,2,87.88,175.76
3313,1292,29,4,35.8,143.2
3314,1292,26,1,17.65,17.65
3315,1293,6,3,23.75,71.25
3316,1293,43,2,88.18,176.36
3317,1293,46,1,58.96,58.96
3318,1294,15,3,52.21,156.63
3319,1294,50,2,15.17,30.34
3320,1294,25,4,27.57,110.28
3321,1294,46,4,55.47,221.88
3322,1295,24,1,19.49,19.49
3323,1296,42,2,65.99,131.98
3324,1296,7,1,14.66,14.66
3325,1296,46,1,52.94,52.94
3326,1296,19,2,19.28,38.56
3327,1297,8,2,120.71,241.42
3328,1297,54,1,22.34,22.34
3329,1297,4,3,48.85,146.55
3330,1298,55,3,30.45,91.35
3331,1298,33,1,43.59,43.59
3332,1299,35,4,15.47,61.88
3333,1300,17,1,142.88,142.88
3334,1300,8,4,119.55,478.2
3335,1300,47,1,44.7,44.7
3336,1300,1,3,13.04,39.12
3337,1301,45,2,72.96,145.92
3338,1301,2,2,84.98,169.96
3339,1302,25,4,29.09,116.36
3340,1302,19,4,18.27,73.08
3341,1303,7,1,15.57,15.57
3342,1304,23,1,102.8,102.8
3343,1304,24,3,21.55,64.65
3344,1304,27,2,21.26,42.52
3345,1304,18,4,76.73,306.92
3346,1304,4,4,46.52,186.08
3347,1305,50,4,15.26,61.04
3348,1305,11,2,45.04,90.08
3349,1306,5,3,36.31,108.93
3350,1306,29,3,38.31,114.93
3351,1306,47,2,46.65,93.3
3352,1306,19,4,18.13,72.52
3353,1306,35,2,15.04,30.08
3354,1307,17,2,139.84,279.68
3355,1307,49,1,25.62,25.62
3356,1308,39,2,30.45,60.9
3357,1309,27,2,24.01,48.02
3358,1309,37,2,58.62,117.24
3359,1309,55,3,29.25,87.75
3360,1310,5,4,37.31,149.24
3361,1310,46,2,55.61,111.22
3362,1311,32,1,18.85,18.85
3363,1311,33,1,44.35,44.35
3364,1311,5,2,37.71,75.42
3365,1312,10,2,19.05,38.1
3366,1312,22,3,225.57,676.71
3367,1313,33,4,45.26,181.04
3368,1313,39,4,34.63,138.52
3369,1313,52,4,21.71,86.84
3370,1314,14,1,37.8,37.8
3371,1314,11,1,42.35,42.35
3372,1314,8,1,121.15,121.15
3373,1314,31,4,177.53,710.12
3374,1315,28,3,67.4,202.20000000000002
3375,1315,39,1,30.96,30.96
3376,1316,53,4,41.58,166.32
3377,1316,11,4,40.97,163.88
3378,1316,25,4,27.4,109.6
3379,1317,42,3,70.6,211.79999999999998
3380,1318,13,4,49.99,199.96
3381,1318,55,4,32.78,131.12
3382,1319,30,1,96.05,96.05
3383,1319,13,4,48.47,193.88
3384,1319,9,2,58.53,117.06
3385,1320,18,4,77.69,310.76
3386,1320,42,3,67.26,201.78000000000003
3387,1320,6,1,20.99,20.99
3388,1321,14,3,36.77,110.31
3389,1322,51,3,41.38,124.14000000000001
3390,1323,29,3,33.89,101.67
3391,1324,52,4,23.8,95.2
3392,1324,4,2,47.1,94.2
3393,1325,12,3,67.09,201.27
3394,1326,50,1,16.03,16.03
3395,1326,9,3,57.08,171.24
3396,1326,32,2,18.81,37.62
3397,1327,30,3,100.93,302.79
3398,1328,29,4,35.87,143.48
3399,1328,41,3,49.58,148.74
3400,1329,10,4,18.39,73.56
3401,1329,54,3,22.78,68.34
3402,1329,1,4,11.65,46.6
3403,1329,35,3,15.5,46.5
3404,1329,7,1,15.24,15.24
3405,1330,26,1,19.16,19.16
3406,1330,36,2,27.03,54.06
3407,1331,44,4,74.98,299.92
3408,1332,23,4,92.59,370.36
3409,1332,10,1,19.64,19.64
3410,1332,41,4,48.54,194.16
3411,1333,5,2,40.93,81.86
3412,1333,40,3,17.44,52.32000000000001
3413,1334,28,2,63.21,126.42
3414,1335,5,1,40.49,40.49
3415,1335,21,2,82.28,164.56
3416,1336,49,2,27.42,54.84
3417,1336,26,2,18.5,37.0
3418,1337,52,3,21.13,63.39
3419,1337,22,3,219.45,658.3499999999999
3420,1338,39,4,33.82,135.28
3421,1339,36,1,30.27,30.27
3422,1339,53,1,42.55,42.55
3423,1340,22,3,225.16,675.48
3424,1340,18,3,70.23,210.69
3425,1341,19,3,19.59,58.769999999999996
3426,1341,13,1,46.26,46.26
3427,1341,33,1,47.83,47.83
3428,1341,20,4,14.53,58.12
3429,1341,15,4,51.31,205.24
3430,1342,4,2,49.45,98.9
3431,1343,25,3,28.04,84.12
3432,1343,45,4,67.61,270.44
3433,1344,15,3,56.3,168.89999999999998
3434,1345,7,4,14.41,57.64
3435,1346,41,1,49.06,49.06
3436,1346,27,2,23.4,46.8
3437,1346,9,1,54.38,54.38
3438,1346,44,3,73.47,220.41
3439,1347,48,3,92.55,277.65
3440,1347,38,3,75.3,225.89999999999998
3441,1347,20,4,14.29,57.16
3442,1348,8,3,128.0,384.0
3443,1349,6,1,21.53,21.53
3444,1350,32,1,18.63,18.63
3445,1351,21,2,87.42,174.84
3446,1351,18,2,77.76,155.52
3447,1351,53,1,43.91,43.91
3448,1352,32,4,18.8,75.2
3449,1352,44,1,69.53,69.53
3450,1353,47,4,44.16,176.64
3451,1353,34,1,32.74,32.74
3452,1353,39,3,31.7,95.1
3453,1354,34,1,33.52,33.52
3454,1355,49,3,25.39,76.17
3455,1356,27,4,24.08,96.32
3456,1356,39,1,32.41,32.41
3457,1357,31,1,188.18,188.18
3458,1357,51,2,39.25,78.5
3459,1358,29,2,33.91,67.82
3460,1358,55,1,28.86,28.86
3461,1358,14,1,35.01,35.01
3462,1358,41,4,49.59,198.36
3463,1359,7,4,15.56,62.24
3464,1359,19,4,17.67,70.68
3465,1359,16,1,382.62,382.62
3466,1360,32,1,19.4,19.4
3467,1361,5,3,37.4,112.19999999999999
3468,1361,37,2,53.67,107.34
3469,1361,4,1,48.43,48.43
3470,1361,31,3,178.23,534.6899999999999
3471,1361,2,1,86.59,86.59
3472,1362,7,2,15.25,30.5
3473,1362,11,3,41.01,123.03
3474,1362,53,3,44.76,134.28
3475,1362,33,3,43.64,130.92000000000002
3476,1363,12,2,70.68,141.36
3477,1364,51,4,38.39,153.56
3478,1365,22,1,214.94,214.94
3479,1365,2,2,86.4,172.8
3480,1365,37,2,55.69,111.38
3481,1365,3,2,26.92,53.84
3482,1366,46,4,59.01,236.04
3483,1366,33,3,48.6,145.8
3484,1367,31,4,196.26,785.04
3485,1367,21,2,87.52,175.04
3486,1368,41,3,52.3,156.89999999999998
3487,1368,19,4,17.37,69.48
3488,1368,36,2,30.59,61.18
3489,1369,43,1,86.83,86.83
3490,1370,32,3,17.68,53.04
3491,1370,18,1,71.52,71.52
3492,1370,52,2,23.74,47.48
3493,1371,52,3,23.75,71.25
3494,1372,43,4,90.56,362.24
3495,1372,7,1,15.68,15.68
3496,1372,38,3,77.63,232.89
3497,1373,1,4,11.76,47.04
3498,1373,55,1,31.93,31.93
3499,1374,33,4,43.59,174.36
3500,1375,47,1,46.94,46.94
3501,1376,1,2,11.7,23.4
3502,1376,54,2,22.27,44.54
3503,1376,41,1,46.41,46.41
3504,1376,49,1,27.15,27.15
3505,1376,6,4,21.1,84.4
3506,1377,28,2,61.2,122.4
3507,1377,38,3,78.45,235.35000000000002
3508,1377,27,4,20.91,83.64
3509,1377,32,1,18.42,18.42
3510,1378,17,4,156.41,625.64
3511,1378,9,1,55.64,55.64
3512,1378,38,4,77.9,311.6
3513,1378,15,1,54.9,54.9
3514,1379,35,4,15.22,60.88
3515,1379,8,1,126.62,126.62
3516,1380,25,3,28.54,85.62
3517,1380,53,3,42.91,128.73
3518,1380,4,4,44.28,177.12
3519,1381,31,1,174.41,174.41
3520,1382,15,1,49.43,49.43
3521,1382,2,4,88.4,353.6
3522,1383,5,4,40.78,163.12
3523,1383,9,1,56.8,56.8
3524,1384,12,2,71.46,142.92
3525,1384,41,2,52.33,104.66
3526,1384,53,4,41.18,164.72
3527,1384,18,3,72.58,217.74
3528,1384,37,4,56.51,226.04
3529,1385,30,2,103.79,207.58
3530,1385,41,4,51.42,205.68
3531,1385,23,2,91.5,183.0
3532,1386,34,3,33.25,99.75
3533,1386,7,1,15.24,15.24
3534,1386,55,4,30.17,120.68
3535,1386,36,2,27.68,55.36
3536,1386,38,1,70.99,70.99
3537,1387,12,3,70.99,212.96999999999997
3538,1388,18,3,74.02,222.06
3539,1388,15,4,54.36,217.44
3540,1388,14,2,34.28,68.56
3541,1388,7,3,16.18,48.54
3542,1389,42,1,66.91,66.91
3543,1389,13,1,47.97,47.97
3544,1389,11,3,44.78,134.34
3545,1390,5,4,39.02,156.08
3546,1391,25,3,27.33,81.99
3547,1391,8,4,118.31,473.24
3548,1391,11,3,43.21,129.63
3549,1392,6,3,21.41,64.23
3550,1392,27,4,22.23,88.92
3551,1393,43,4,88.0,352.0
3552,1393,44,4,74.06,296.24
3553,1394,2,4,92.68,370.72
3554,1395,29,4,37.4,149.6
3555,1396,23,4,92.3,369.2
3556,1396,51,3,40.21,120.63
3557,1396,48,4,100.72,402.88
3558,1396,27,4,22.06,88.24
3559,1397,30,1,92.65,92.65
3560,1397,22,4,228.93,915.72
3561,1397,11,4,42.76,171.04
3562,1397,50,4,14.38,57.52
3563,1398,43,3,92.05,276.15
3564,1398,23,4,93.68,374.72
3565,1398,55,1,30.07,30.07
3566,1399,25,4,28.01,112.04
3567,1399,46,4,55.56,222.24
3568,1399,34,2,30.46,60.92
3569,1400,31,2,181.59,363.18
3570,1401,17,4,141.38,565.52
3571,1401,3,1,27.59,27.59
3572,1402,5,3,38.21,114.63
3573,1402,43,3,96.55,289.65
3574,1402,49,4,25.29,101.16
3575,1402,53,3,45.64,136.92000000000002
3576,1403,39,2,32.45,64.9
3577,1403,46,4,53.8,215.2
3578,1403,11,4,45.69,182.76
3579,1403,36,1,27.13,27.13
3580,1403,48,4,97.91,391.64
3581,1404,12,4,62.21,248.84
3582,1404,45,1,74.43,74.43
3583,1404,19,3,17.4,52.199999999999996
3584,1404,13,1,46.55,46.55
3585,1405,9,1,58.85,58.85
3586,1406,48,2,91.83,183.66
3587,1406,18,1,69.97,69.97
3588,1407,38,2,74.49,148.98
3589,1407,48,1,91.51,91.51
3590,1408,45,4,71.17,284.68
3591,1408,40,2,17.61,35.22
3592,1409,32,2,17.56,35.12
3593,1409,27,4,22.91,91.64
3594,1410,24,3,21.69,65.07000000000001
3595,1410,2,3,92.54,277.62
3596,1410,22,1,218.0,218.0
3597,1410,41,3,46.12,138.35999999999999
3598,1410,40,1,19.32,19.32
3599,1411,33,3,47.11,141.32999999999998
3600,1411,9,4,56.27,225.08
3601,1411,19,3,18.81,56.42999999999999
3602,1412,39,2,32.87,65.74
3603,1413,33,1,44.39,44.39
3604,1414,25,3,28.48,85.44
3605,1415,54,4,22.34,89.36
3606,1415,53,3,44.05,132.14999999999998
3607,1415,21,2,88.61,177.22
3608,1416,14,3,36.76,110.28
3609,1416,33,4,47.44,189.76
3610,1416,43,3,93.91,281.73
3611,1416,30,3,93.63,280.89
3612,1416,35,2,15.58,31.16
3613,1417,34,3,33.64,100.92
3614,1417,9,2,52.26,104.52
3615,1418,13,4,51.07,204.28
3616,1419,30,1,93.28,93.28
3617,1419,1,4,12.76,51.04
3618,1419,46,2,56.66,113.32
3619,1419,48,3,91.64,274.92
3620,1419,9,4,57.97,231.88
3621,1420,15,3,56.91,170.73
3622,1420,11,2,40.62,81.24
3623,1421,24,4,19.16,76.64
3624,1422,1,1,11.79,11.79
3625,1422,31,2,173.41,346.82
3626,1422,12,4,67.84,271.36
3627,1423,13,1,52.62,52.62
3628,1423,35,3,15.73,47.19
3629,1423,25,2,27.99,55.98
3630,1424,23,4,97.6,390.4
3631,1425,9,1,55.49,55.49
3632,1426,19,2,19.32,38.64
3633,1426,26,1,17.51,17.51
3634,1426,43,1,91.89,91.89
3635,1426,24,2,20.18,40.36
3636,1426,12,4,69.4,277.6
3637,1427,5,3,40.32,120.96000000000001
3638,1427,49,2,24.01,48.02
3639,1427,3,1,28.98,28.98
3640,1428,23,2,100.14,200.28
3641,1429,55,1,30.57,30.57
3642,1430,53,1,40.8,40.8
3643,1430,18,2,70.91,141.82
3644,1430,10,4,19.64,78.56
3645,1430,17,3,140.01,420.03
3646,1431,46,4,58.96,235.84
3647,1432,35,2,15.54,31.08
3648,1432,18,1,68.74,68.74
3649,1432,14,1,36.02,36.02
3650,1432,38,1,78.6,78.6
3651,1432,41,4,51.35,205.4
3652,1433,42,4,65.43,261.72
3653,1433,29,1,33.6,33.6
3654,1434,22,1,214.89,214.89
3655,1434,46,1,60.15,60.15
3656,1434,31,4,182.51,730.04
3657,1435,41,3,49.02,147.06
3658,1435,32,4,17.78,71.12
3659,1435,44,2,71.71,143.42
3660,1435,46,3,54.54,163.62
3661,1435,6,4,23.99,95.96
3662,1436,40,4,18.5,74.0
3663,1436,4,3,47.61,142.82999999999998
3664,1437,24,1,20.37,20.37
3665,1437,42,3,68.16,204.48
3666,1438,12,1,69.24,69.24
3667,1438,21,1,89.64,89.64
3668,1439,24,1,21.46,21.46
3669,1439,37,1,52.45,52.45
3670,1440,29,1,37.23,37.23
3671,1440,32,1,17.86,17.86
3672,1440,8,3,130.91,392.73
3673,1441,48,3,96.67,290.01
3674,1441,49,2,25.6,51.2
3675,1441,36,1,28.91,28.91
3676,1442,44,1,69.96,69.96
3677,1442,9,4,59.18,236.72
3678,1442,46,3,58.34,175.02
3679,1442,52,3,24.07,72.21000000000001
3680,1443,23,1,97.94,97.94
3681,1443,48,4,101.9,407.6
3682,1444,7,1,16.13,16.13
3683,1445,6,2,23.11,46.22
3684,1445,12,3,67.19,201.57
3685,1445,53,1,42.83,42.83
3686,1446,8,3,130.45,391.34999999999997
3687,1446,17,1,143.81,143.81
3688,1446,31,2,195.52,391.04
3689,1447,34,2,31.22,62.44
3690,1447,44,4,77.75,311.0
3691,1448,19,4,18.76,75.04
3692,1448,11,4,41.39,165.56
3693,1448,16,2,382.27,764.54
3694,1448,24,4,20.85,83.4
3695,1449,24,1,19.8,19.8
3696,1449,23,4,104.14,416.56
3697,1450,55,3,30.66,91.98
3698,1450,4,1,49.44,49.44
3699,1450,34,3,30.49,91.47
3700,1450,49,4,25.7,102.8
3701,1451,40,4,19.17,76.68
3702,1451,2,3,84.39,253.17000000000002
3703,1452,41,4,46.0,184.0
3704,1452,11,2,43.86,87.72
3705,1453,40,3,17.45,52.349999999999994
3706,1453,31,1,192.43,192.43
3707,1454,38,2,74.85,149.7
3708,1454,54,1,23.81,23.81
3709,1455,39,1,30.97,30.97
3710,1455,55,4,32.64,130.56
3711,1455,11,4,42.42,169.68
3712,1456,30,3,99.93,299.79
3713,1457,21,2,86.16,172.32
3714,1457,28,1,65.26,65.26
3715,1457,12,3,70.61,211.82999999999998
3716,1458,30,2,102.71,205.42
3717,1458,21,1,86.69,86.69
3718,1459,5,1,39.06,39.06
3719,1459,30,3,90.67,272.01
3720,1459,39,4,33.79,135.16
3721,1460,42,1,61.9,61.9
3722,1460,23,2,100.8,201.6
3723,1460,29,3,37.94,113.82
3724,1461,25,4,30.8,123.2
3725,1461,19,3,18.79,56.37
3726,1461,37,1,54.6,54.6
3727,1462,11,3,41.76,125.28
3728,1463,35,1,16.27,16.27
3729,1464,49,2,27.41,54.82
3730,1464,33,1,44.42,44.42
3731,1465,11,3,42.88,128.64000000000001
3732,1465,40,2,17.9,35.8
3733,1465,45,1,65.04,65.04
3734,1465,47,3,45.23,135.69
3735,1465,49,2,25.67,51.34
3736,1466,15,4,54.36,217.44
3737,1466,3,1,30.8,30.8
3738,1467,6,4,21.28,85.12
3739,1467,38,1,78.95,78.95
3740,1467,25,1,28.2,28.2
3741,1468,5,1,38.27,38.27
3742,1468,43,3,96.54,289.62
3743,1468,48,1,90.96,90.96
3744,1468,45,4,67.95,271.8
3745,1469,17,1,140.15,140.15
3746,1469,50,3,14.79,44.37
3747,1469,47,4,47.02,188.08
3748,1470,11,2,43.06,86.12
3749,1471,53,1,45.05,45.05
3750,1472,4,2,46.97,93.94
3751,1473,32,4,17.74,70.96
3752,1473,44,2,71.85,143.7
3753,1473,53,4,44.99,179.96
3754,1473,9,1,60.01,60.01
3755,1473,2,2,89.53,179.06
3756,1474,23,2,100.97,201.94
3757,1474,28,2,66.41,132.82
3758,1474,36,3,27.96,83.88
3759,1474,29,2,34.94,69.88
3760,1475,19,3,17.45,52.349999999999994
3761,1475,13,1,48.77,48.77
3762,1475,39,1,34.02,34.02
3763,1475,12,2,62.83,125.66
3764,1475,53,1,43.01,43.01
3765,1476,3,1,28.65,28.65
3766,1476,52,3,22.83,68.49
3767,1476,38,2,78.4,156.8
3768,1477,38,4,69.01,276.04
3769,1477,40,3,19.76,59.28
3770,1477,41,2,52.08,104.16
3771,1478,4,4,47.31,189.24
3772,1478,48,3,92.33,276.99
3773,1478,7,3,15.47,46.410000000000004
3774,1479,10,3,18.41,55.230000000000004
3775,1479,42,4,65.5,262.0
3776,1479,28,2,67.29,134.58
3777,1480,45,3,70.88,212.64
3778,1480,24,3,21.99,65.97
3779,1480,51,2,40.5,81.0
3780,1481,35,3,16.14,48.42
3781,1481,13,1,50.07,50.07
3782,1481,4,3,45.94,137.82
3783,1482,5,3,36.72,110.16
3784,1482,51,3,37.87,113.60999999999999
3785,1483,4,3,46.77,140.31
3786,1483,43,4,91.55,366.2
3787,1483,41,1,48.26,48.26
3788,1483,42,2,67.59,135.18
3789,1483,40,1,18.77,18.77
3790,1484,52,1,23.24,23.24
3791,1485,40,2,17.8,35.6
3792,1485,48,2,100.26,200.52
3793,1485,6,2,22.6,45.2
3794,1486,6,3,22.96,68.88
3795,1486,36,3,29.28,87.84
3796,1486,45,1,66.24,66.24
3797,1486,48,3,98.09,294.27
3798,1486,19,3,18.91,56.730000000000004
3799,1487,34,4,32.83,131.32
3800,1487,18,4,78.1,312.4
3801,1487,16,4,387.56,1550.24
3802,1488,24,1,21.17,21.17
3803,1488,8,2,129.72,259.44
3804,1488,10,2,18.61,37.22
3805,1489,54,3,21.46,64.38
3806,1489,55,2,30.53,61.06
3807,1490,20,3,14.23,42.69
3808,1490,44,3,74.56,223.68
3809,1490,26,2,18.39,36.78
3810,1491,10,2,19.21,38.42
3811,1492,4,4,43.12,172.48
3812,1492,27,1,22.03,22.03
3813,1492,11,1,44.21,44.21
3814,1493,15,1,50.58,50.58
3815,1493,47,3,47.6,142.8
3816,1493,19,3,17.56,52.67999999999999
3817,1494,23,4,94.59,378.36
3818,1494,40,1,18.95,18.95
3819,1494,34,2,32.0,64.0
3820,1494,29,1,35.24,35.24
3821,1495,30,2,102.06,204.12
3822,1495,13,2,48.34,96.68
3823,1495,49,1,24.57,24.57
3824,1496,10,2,18.14,36.28
3825,1497,1,2,11.97,23.94
3826,1498,35,3,15.35,46.05
3827,1499,51,3,39.64,118.92
3828,1499,55,1,29.66,29.66
3829,1499,43,3,90.51,271.53000000000003
3830,1499,8,1,118.02,118.02
3831,1500,41,4,46.25,185.0
3832,1500,50,4,16.02,64.08
3833,1500,28,4,60.71,242.84
3834,1500,46,4,60.1,240.4
3835,1500,54,1,21.47,21.47
3836,1501,27,1,23.93,23.93
3837,1502,21,3,85.25,255.75
3838,1502,1,3,12.45,37.349999999999994
3839,1502,49,2,24.78,49.56
3840,1503,19,2,17.68,35.36
3841,1504,28,2,67.13,134.26
3842,1504,5,4,41.26,165.04
3843,1504,23,2,100.11,200.22
3844,1504,45,3,64.97,194.91
3845,1505,50,4,16.16,64.64
3846,1505,25,1,28.59,28.59
3847,1505,35,4,14.65,58.6
3848,1506,28,1,67.49,67.49
3849,1507,3,3,30.28,90.84
3850,1508,22,3,235.24,705.72
3851,1508,31,2,188.24,376.48
3852,1509,14,4,37.85,151.4
3853,1509,33,2,46.95,93.9
3854,1509,31,3,174.22,522.66
3855,1509,42,4,70.37,281.48
3856,1510,35,2,14.89,29.78
3857,1510,48,3,95.63,286.89
3858,1511,46,1,52.91,52.91
3859,1512,7,4,16.03,64.12
3860,1512,37,3,55.96,167.88
3861,1513,14,4,36.27,145.08
3862,1513,12,4,68.66,274.64
3863,1513,1,2,12.0,24.0
3864,1514,13,3,51.45,154.35000000000002
3865,1515,35,3,16.16,48.480000000000004
3866,1515,44,1,73.74,73.74
3867,1516,49,1,25.25,25.25
3868,1517,3,2,29.56,59.12
3869,1517,4,3,43.1,129.3
3870,1517,33,4,43.86,175.44
3871,1517,51,3,39.39,118.17
3872,1517,32,2,18.29,36.58
3873,1518,16,3,376.34,1129.02
3874,1518,28,3,60.63,181.89000000000001
3875,1518,42,2,70.85,141.7
3876,1519,8,1,125.93,125.93
3877,1519,14,2,33.42,66.84
3878,1519,19,1,18.4,18.4
3879,1519,51,1,39.66,39.66
3880,1519,45,2,68.74,137.48
3881,1520,45,2,67.07,134.14
3882,1520,5,1,36.47,36.47
3883,1520,24,2,19.28,38.56
3884,1521,11,2,44.94,89.88
3885,1521,14,4,36.24,144.96
3886,1522,6,2,21.89,43.78
3887,1523,16,2,405.78,811.56
3888,1523,24,3,19.54,58.62
3889,1523,47,2,45.85,91.7
3890,1523,1,3,12.27,36.81
3891,1524,32,2,19.79,39.58
3892,1524,33,2,45.64,91.28
3893,1524,54,3,22.86,68.58
3894,1524,53,2,41.05,82.1
3895,1524,39,4,33.09,132.36
3896,1525,40,4,18.17,72.68
3897,1525,4,1,46.24,46.24
3898,1525,43,3,90.29,270.87
3899,1526,45,2,70.81,141.62
3900,1526,36,1,30.15,30.15
3901,1527,33,3,48.31,144.93
3902,1527,45,1,64.83,64.83
3903,1527,6,4,23.98,95.92
3904,1528,48,3,91.43,274.29
3905,1529,6,3,23.79,71.37
3906,1529,24,4,20.43,81.72
3907,1529,1,1,12.38,12.38
3908,1529,5,1,41.76,41.76
3909,1530,32,1,18.36,18.36
3910,1530,52,3,23.94,71.82000000000001
3911,1531,4,3,48.11,144.32999999999998
3912,1532,8,2,122.01,244.02
3913,1532,3,1,28.05,28.05
3914,1532,17,1,139.75,139.75
3915,1533,53,1,40.26,40.26
3916,1533,29,1,36.63,36.63
3917,1533,50,1,15.97,15.97
3918,1534,34,1,32.76,32.76
3919,1534,39,2,32.75,65.5
3920,1535,48,1,102.5,102.5
3921,1535,40,3,19.04,57.12
3922,1536,32,4,18.16,72.64
3923,1537,9,4,57.73,230.92
3924,1537,43,2,88.14,176.28
3925,1538,37,2,59.09,118.18
3926,1538,31,3,183.49,550.47
3927,1539,10,4,17.57,70.28
3928,1539,8,4,121.28,485.12
3929,1539,24,2,20.94,41.88
3930,1539,3,1,28.28,28.28
3931,1540,16,1,388.91,388.91
3932,1540,22,3,217.14,651.42
3933,1540,45,4,72.23,288.92
3934,1541,8,2,127.44,254.88
3935,1541,22,2,218.6,437.2
3936,1541,23,2,94.34,188.68
3937,1541,16,2,391.89,783.78
3938,1541,41,2,47.67,95.34
3939,1542,36,2,30.79,61.58
3940,1542,51,3,38.81,116.43
3941,1543,27,4,21.4,85.6
3942,1543,35,4,14.73,58.92
3943,1544,20,3,15.24,45.72
3944,1544,14,4,38.28,153.12
3945,1544,23,1,103.8,103.8
3946,1544,5,4,38.24,152.96
3947,1545,55,2,32.12,64.24
3948,1545,13,3,50.45,151.35000000000002
3949,1546,18,4,78.0,312.0
3950,1546,30,3,101.35,304.04999999999995
3951,1546,25,1,26.75,26.75
3952,1546,34,4,34.52,138.08
3953,1547,43,2,89.48,178.96
3954,1547,17,4,158.39,633.56
3955,1548,31,3,196.29,588.87
3956,1548,39,1,34.67,34.67
3957,1548,18,1,70.77,70.77
3958,1549,21,2,91.94,183.88
3959,1550,30,4,91.17,364.68
3960,1550,6,4,24.14,96.56
3961,1551,17,2,139.92,279.84
3962,1551,47,4,44.7,178.8
3963,1551,27,2,21.08,42.16
3964,1552,37,3,57.63,172.89000000000001
3965,1552,19,1,19.62,19.62
3966,1552,26,4,17.85,71.4
3967,1552,30,3,96.05,288.15
3968,1553,2,4,86.95,347.8
3969,1553,36,2,29.21,58.42
3970,1553,53,1,45.11,45.11
3971,1553,54,1,22.91,22.91
3972,1553,26,1,19.74,19.74
3973,1554,45,4,69.75,279.0
3974,1554,29,2,38.29,76.58
3975,1555,12,3,62.45,187.35000000000002
3976,1555,26,2,19.46,38.92
3977,1555,3,2,28.25,56.5
3978,1556,46,3,55.11,165.32999999999998
3979,1556,44,2,70.9,141.8
3980,1556,48,2,91.78,183.56
3981,1557,40,1,19.06,19.06
3982,1557,49,4,24.5,98.0
3983,1557,32,1,18.49,18.49
3984,1557,41,2,51.91,103.82
3985,1557,15,3,54.76,164.28
3986,1558,13,2,51.78,103.56
3987,1558,29,1,33.65,33.65
3988,1558,12,3,71.31,213.93
3989,1558,18,3,72.19,216.57
3990,1559,7,1,14.36,14.36
3991,1559,37,3,60.17,180.51
3992,1559,32,1,19.71,19.71
3993,1559,42,4,68.65,274.6
3994,1559,25,1,27.6,27.6
3995,1560,38,1,71.05,71.05
3996,1561,1,1,12.72,12.72
3997,1561,5,4,39.61,158.44
3998,1562,49,4,25.03,100.12
3999,1562,1,4,12.15,48.6
4000,1563,41,1,48.31,48.31
4001,1563,12,1,71.45,71.45
4002,1563,30,2,95.64,191.28
4003,1563,50,3,15.87,47.61
4004,1564,5,3,39.04,117.12
4005,1564,17,3,157.72,473.15999999999997
4006,1564,48,1,91.45,91.45
4007,1565,18,4,73.33,293.32
4008,1566,21,2,87.56,175.12
4009,1566,5,3,36.94,110.82
4010,1566,6,2,22.54,45.08
4011,1567,47,1,45.7,45.7
4012,1567,11,3,42.08,126.24
4013,1567,51,3,40.53,121.59
4014,1568,13,1,52.32,52.32
4015,1568,40,4,18.03,72.12
4016,1568,6,3,23.73,71.19
4017,1569,24,4,21.68,86.72
4018,1569,19,4,19.66,78.64
4019,1570,39,4,34.63,138.52
4020,1570,48,3,94.28,282.84000000000003
4021,1570,46,4,52.89,211.56
4022,1570,20,3,13.92,41.76
4023,1571,35,3,15.55,46.650000000000006
4024,1571,39,1,30.78,30.78
4025,1571,43,2,95.04,190.08
4026,1572,40,4,19.5,78.0
4027,1573,3,1,30.1,30.1
4028,1573,53,3,41.45,124.35000000000001
4029,1573,9,3,53.82,161.46
4030,1574,5,2,39.67,79.34
4031,1574,47,4,45.09,180.36
4032,1574,53,1,42.1,42.1
4033,1575,29,3,35.28,105.84
4034,1576,38,4,78.51,314.04
4035,1577,34,3,31.8,95.4
4036,1577,19,3,18.28,54.84
4037,1577,21,2,88.45,176.9
4038,1577,39,1,33.05,33.05
4039,1577,54,2,21.09,42.18
4040,1578,21,4,81.26,325.04
4041,1578,31,4,195.63,782.52
4042,1578,6,3,23.97,71.91
4043,1578,36,4,30.25,121.0
4044,1579,38,2,69.43,138.86
4045,1579,46,4,54.81,219.24
4046,1580,7,4,15.83,63.32
4047,1581,20,2,13.37,26.74
4048,1581,49,1,27.02,27.02
4049,1581,48,4,102.42,409.68
4050,1582,3,3,28.33,84.99
4051,1582,27,3,22.69,68.07000000000001
4052,1582,22,2,234.74,469.48
4053,1582,30,3,90.42,271.26
4054,1582,18,2,69.25,138.5
4055,1583,37,3,53.57,160.71
4056,1584,22,4,216.08,864.32
4057,1584,1,1,12.15,12.15
4058,1584,37,3,55.35,166.05
4059,1585,25,4,27.99,111.96
4060,1586,46,4,58.12,232.48
4061,1586,55,4,30.87,123.48
4062,1586,14,3,33.31,99.93
4063,1587,4,2,46.75,93.5
4064,1587,21,4,91.55,366.2
4065,1587,8,2,129.8,259.6
4066,1588,29,3,35.16,105.47999999999999
4067,1589,45,2,67.13,134.26
4068,1589,44,4,69.36,277.44
4069,1589,8,4,120.39,481.56
4070,1590,9,3,57.97,173.91
4071,1591,8,2,124.69,249.38
4072,1591,47,1,48.45,48.45
4073,1591,1,4,13.07,52.28
4074,1592,53,3,42.73,128.19
4075,1593,36,2,30.51,61.02
4076,1593,51,4,37.25,149.0
4077,1593,19,4,18.43,73.72
4078,1593,23,4,97.03,388.12
4079,1594,37,1,53.88,53.88
4080,1594,54,4,22.92,91.68
4081,1594,51,4,40.48,161.92
4082,1595,26,4,17.94,71.76
4083,1595,54,3,21.39,64.17
4084,1596,1,3,12.17,36.51
4085,1597,43,4,88.75,355.0
4086,1598,3,2,30.46,60.92
4087,1598,22,1,234.41,234.41
4088,1598,4,4,44.5,178.0
4089,1598,13,3,51.93,155.79
4090,1599,50,1,16.44,16.44
4091,1599,49,2,25.56,51.12
4092,1599,8,3,116.43,349.29
4093,1599,23,3,94.53,283.59000000000003
4094,1599,39,4,35.14,140.56
4095,1600,4,4,45.01,180.04
4096,1600,55,3,30.29,90.87
4097,1600,1,3,11.85,35.55
4098,1600,43,4,86.41,345.64
4099,1600,20,2,14.87,29.74
4100,1601,39,2,32.0,64.0
4101,1601,53,2,43.67,87.34
4102,1601,38,1,75.54,75.54
4103,1602,46,2,58.32,116.64
4104,1602,48,1,99.12,99.12
4105,1603,10,4,18.97,75.88
4106,1603,43,1,84.53,84.53
4107,1604,47,3,44.94,134.82
4108,1605,6,1,23.92,23.92
4109,1606,32,1,19.1,19.1
4110,1606,17,4,140.7,562.8
4111,1606,14,1,37.55,37.55
4112,1607,47,4,47.36,189.44
4113,1607,12,3,63.01,189.03
4114,1607,46,2,57.86,115.72
4115,1607,27,3,21.4,64.19999999999999
4116,1608,20,2,14.98,29.96
4117,1608,27,4,21.48,85.92
4118,1608,28,1,61.94,61.94
4119,1609,51,2,39.6,79.2
4120,1609,31,2,189.27,378.54
4121,1610,4,3,47.6,142.8
4122,1611,48,3,92.29,276.87
4123,1611,21,1,83.46,83.46
4124,1612,31,2,175.79,351.58
4125,1613,20,2,14.48,28.96
4126,1613,46,1,59.74,59.74
4127,1613,1,4,12.67,50.68
4128,1613,5,2,36.32,72.64
4129,1613,21,3,91.4,274.20000000000005
4130,1614,34,1,33.81,33.81
4131,1615,3,2,29.93,59.86
4132,1615,35,2,14.39,28.78
4133,1615,16,4,381.31,1525.24
4134,1616,52,3,21.48,64.44
4135,1616,4,4,46.85,187.4
4136,1616,19,4,19.28,77.12
4137,1616,29,4,34.69,138.76
4138,1616,37,4,55.87,223.48
4139,1617,54,2,21.6,43.2
4140,1618,52,4,20.91,83.64
4141,1618,19,1,18.31,18.31
4142,1618,41,1,51.85,51.85
4143,1619,22,1,226.87,226.87
4144,1620,6,4,23.75,95.0
4145,1620,37,1,56.39,56.39
4146,1621,24,3,19.73,59.19
4147,1621,51,2,38.3,76.6
4148,1621,23,4,94.84,379.36
4149,1621,3,3,30.35,91.05000000000001
4150,1622,43,4,92.36,369.44
4151,1622,34,2,34.85,69.7
4152,1623,29,1,33.62,33.62
4153,1623,4,3,45.7,137.10000000000002
4154,1623,54,2,21.82,43.64
4155,1624,49,3,27.32,81.96000000000001
4156,1624,4,1,47.0,47.0
4157,1624,17,1,149.31,149.31
4158,1625,1,1,11.62,11.62
4159,1625,47,4,44.12,176.48
4160,1625,5,1,39.04,39.04
4161,1626,37,3,53.41,160.23
4162,1626,7,2,15.97,31.94
4163,1626,54,3,21.1,63.300000000000004
4164,1626,48,3,91.61,274.83
4165,1626,5,4,37.22,148.88
4166,1627,11,2,40.21,80.42
4167,1628,16,4,377.14,1508.56
4168,1628,45,1,72.24,72.24
4169,1628,51,4,40.25,161.0
4170,1629,48,1,102.67,102.67
4171,1630,18,1,71.91,71.91
4172,1631,37,3,53.31,159.93
4173,1632,46,3,60.35,181.05
4174,1633,12,1,64.64,64.64
4175,1633,24,3,19.42,58.260000000000005
4176,1633,30,1,102.64,102.64
4177,1633,25,4,30.4,121.6
4178,1634,41,2,47.72,95.44
4179,1634,32,1,18.36,18.36
4180,1634,2,2,88.3,176.6
4181,1635,6,2,21.87,43.74
4182,1635,24,2,21.52,43.04
4183,1635,37,2,56.96,113.92
4184,1635,30,2,99.94,199.88
4185,1636,49,4,27.43,109.72
4186,1636,20,4,14.12,56.48
4187,1636,51,3,37.02,111.06
4188,1636,29,2,36.73,73.46
4189,1636,22,3,220.33,660.99
4190,1637,16,1,395.37,395.37
4191,1637,27,2,23.36,46.72
4192,1637,44,3,74.06,222.18
4193,1638,33,1,44.8,44.8
4194,1639,41,4,46.55,186.2
4195,1640,51,2,36.69,73.38
4196,1640,25,2,30.05,60.1
4197,1641,43,1,85.06,85.06
4198,1642,21,2,84.33,168.66
4199,1642,54,3,21.96,65.88
4200,1643,28,1,62.15,62.15
4201,1644,24,2,20.16,40.32
4202,1645,38,1,78.99,78.99
4203,1646,15,4,49.68,198.72
4204,1646,20,4,14.92,59.68
4205,1646,23,4,96.79,387.16
4206,1647,15,4,56.71,226.84
4207,1647,45,4,72.54,290.16
4208,1648,23,2,94.65,189.3
4209,1648,15,2,55.03,110.06
4210,1649,29,4,33.51,134.04
4211,1649,4,4,48.11,192.44
4212,1650,39,3,31.75,95.25
4213,1651,17,4,149.33,597.32
4214,1651,19,3,17.93,53.79
4215,1652,10,3,17.45,52.349999999999994
4216,1652,30,3,100.97,302.90999999999997
4217,1653,11,1,43.43,43.43
4218,1653,41,1,50.45,50.45
4219,1654,19,4,19.36,77.44
4220,1655,21,1,91.34,91.34
4221,1655,52,4,21.64,86.56
4222,1655,35,4,15.69,62.76
4223,1655,19,1,17.39,17.39
4224,1656,51,3,40.59,121.77000000000001
4225,1656,15,1,51.64,51.64
4226,1656,41,3,48.51,145.53
4227,1656,35,1,15.37,15.37
4228,1657,12,4,70.41,281.64
4229,1658,14,4,38.41,153.64
4230,1658,25,4,30.47,121.88
4231,1659,6,2,23.72,47.44
4232,1659,15,3,50.16,150.48
4233,1660,11,3,40.3,120.89999999999999
4234,1661,31,2,186.79,373.58
4235,1661,2,2,88.62,177.24
4236,1661,29,1,37.08,37.08
4237,1662,20,1,13.64,13.64
4238,1662,9,1,54.0,54.0
4239,1662,25,2,28.29,56.58
4240,1662,51,4,41.17,164.68
4241,1662,49,4,25.06,100.24
4242,1663,25,2,27.07,54.14
4243,1663,54,4,24.09,96.36
4244,1663,12,2,71.04,142.08
4245,1664,53,2,43.51,87.02
4246,1664,6,3,22.6,67.80000000000001
4247,1664,20,1,13.42,13.42
4248,1665,14,1,33.92,33.92
4249,1665,5,3,40.58,121.74
4250,1666,53,1,46.03,46.03
4251,1667,36,2,27.52,55.04
4252,1668,5,3,39.46,118.38
4253,1668,24,3,21.17,63.510000000000005
4254,1668,9,2,59.61,119.22
4255,1669,26,4,19.44,77.76
4256,1670,39,4,33.91,135.64
4257,1670,6,4,22.6,90.4
4258,1670,41,1,50.46,50.46
4259,1670,3,3,26.78,80.34
4260,1670,5,4,38.71,154.84
4261,1671,34,1,32.61,32.61
4262,1671,53,3,43.23,129.69
4263,1671,52,3,22.91,68.73
4264,1671,46,3,59.13,177.39000000000001
4265,1671,8,4,114.04,456.16
4266,1672,35,4,16.04,64.16
4267,1673,4,3,46.99,140.97
4268,1673,31,2,181.83,363.66
4269,1674,12,3,64.69,194.07
4270,1675,45,4,72.9,291.6
4271,1675,41,3,47.71,143.13
4272,1675,54,3,24.01,72.03
4273,1675,39,2,33.72,67.44
4274,1675,13,3,49.97,149.91
4275,1676,41,4,47.96,191.84
4276,1676,20,2,14.01,28.02
4277,1677,18,3,70.05,210.14999999999998
4278,1678,31,1,184.02,184.02
4279,1678,51,1,37.49,37.49
4280,1678,55,2,31.6,63.2
4281,1678,40,3,17.91,53.730000000000004
4282,1679,7,3,15.08,45.24
4283,1679,12,2,63.14,126.28
4284,1680,50,3,15.59,46.769999999999996
4285,1680,17,1,148.07,148.07
4286,1681,53,4,41.9,167.6
4287,1681,28,2,67.32,134.64
4288,1681,51,4,36.39,145.56
4289,1681,25,3,28.41,85.23
4290,1681,9,1,54.22,54.22
4291,1682,19,4,19.01,76.04
4292,1683,53,3,44.59,133.77
4293,1683,37,2,53.14,106.28
4294,1684,37,2,52.84,105.68
4295,1685,2,2,92.57,185.14
4296,1685,8,1,117.11,117.11
4297,1686,21,1,87.76,87.76
4298,1686,35,4,16.28,65.12
4299,1687,4,3,44.51,133.53
4300,1687,29,3,34.38,103.14000000000001
4301,1687,25,1,30.42,30.42
4302,1688,1,2,11.61,23.22
4303,1688,51,4,39.78,159.12
4304,1688,12,4,67.18,268.72
4305,1689,24,2,19.55,39.1
4306,1690,50,1,15.8,15.8
4307,1690,43,4,84.92,339.68
4308,1690,52,4,21.66,86.64
4309,1690,16,3,381.76,1145.28
4310,1691,16,4,402.69,1610.76
4311,1691,54,2,21.66,43.32
4312,1691,31,2,197.78,395.56
4313,1691,42,3,67.93,203.79000000000002
4314,1692,34,1,30.9,30.9
4315,1692,2,1,83.11,83.11
4316,1693,6,3,24.19,72.57000000000001
4317,1694,9,4,52.62,210.48
4318,1694,22,1,235.85,235.85
4319,1694,25,4,27.6,110.4
4320,1694,27,2,21.83,43.66
4321,1695,43,3,84.87,254.61
4322,1695,37,3,55.15,165.45
4323,1695,33,4,44.13,176.52
4324,1695,23,3,94.71,284.13
4325,1696,43,4,85.51,342.04
4326,1696,22,3,233.78,701.34
4327,1697,8,3,121.92,365.76
4328,1697,33,4,45.06,180.24
4329,1697,12,2,61.94,123.88
4330,1697,13,1,46.65,46.65
4331,1697,42,2,71.48,142.96
4332,1698,23,3,92.45,277.35
4333,1698,36,1,29.54,29.54
4334,1698,2,4,81.54,326.16
4335,1699,29,1,37.48,37.48
4336,1699,54,1,21.03,21.03
4337,1699,35,2,14.44,28.88
4338,1699,23,4,102.5,410.0
4339,1700,20,1,15.15,15.15
4340,1700,4,1,47.36,47.36
4341,1700,18,2,76.19,152.38
4342,1700,51,4,36.27,145.08
4343,1700,46,2,59.64,119.28
4344,1701,18,3,70.93,212.79000000000002
4345,1702,23,3,96.74,290.21999999999997
4346,1702,46,4,57.51,230.04
4347,1703,39,3,33.03,99.09
4348,1703,21,3,88.9,266.70000000000005
4349,1703,49,4,25.76,103.04
4350,1704,31,4,176.0,704.0
4351,1704,41,1,46.53,46.53
4352,1704,32,2,17.29,34.58
4353,1704,23,4,97.56,390.24
4354,1704,52,1,23.43,23.43
4355,1705,40,3,18.62,55.86
4356,1705,34,4,33.01,132.04
4357,1705,23,1,96.87,96.87
4358,1706,35,2,15.16,30.32
4359,1706,46,1,55.68,55.68
4360,1707,48,4,93.17,372.68
4361,1707,32,1,19.77,19.77
4362,1707,41,2,46.3,92.6
4363,1708,36,3,27.72,83.16
4364,1708,29,4,37.48,149.92
4365,1708,28,1,61.74,61.74
4366,1709,49,4,26.02,104.08
4367,1710,31,2,172.13,344.26
4368,1711,39,2,31.6,63.2
4369,1711,29,2,36.93,73.86
4370,1712,52,4,21.24,84.96
4371,1713,49,2,26.24,52.48
4372,1713,38,4,78.01,312.04
4373,1713,45,3,64.95,194.85000000000002
4374,1713,8,4,119.24,476.96
4375,1714,15,4,53.86,215.44
4376,1715,10,3,18.37,55.11
4377,1715,2,2,83.04,166.08
4378,1715,41,2,49.77,99.54
4379,1716,3,1,27.55,27.55
4380,1716,49,4,26.59,106.36
4381,1716,21,1,90.0,90.0
4382,1716,40,4,19.79,79.16
4383,1716,10,1,19.75,19.75
4384,1717,52,3,23.34,70.02
4385,1717,48,2,100.14,200.28
4386,1717,18,2,71.16,142.32
4387,1717,55,3,29.23,87.69
4388,1718,20,4,14.81,59.24
4389,1719,41,4,52.35,209.4
4390,1719,33,1,44.43,44.43
4391,1719,25,1,28.5,28.5
4392,1719,10,3,17.97,53.91
4393,1719,23,4,92.63,370.52
4394,1720,1,3,12.23,36.69
4395,1721,55,4,32.72,130.88
4396,1721,50,4,15.63,62.52
4397,1721,38,2,76.41,152.82
4398,1722,40,4,17.46,69.84
4399,1722,8,3,130.05,390.15000000000003
4400,1722,29,2,34.76,69.52
4401,1722,17,1,153.28,153.28
4402,1723,37,2,53.74,107.48
4403,1723,16,1,416.34,416.34
4404,1723,5,1,36.29,36.29
4405,1724,10,1,17.62,17.62
4406,1724,49,4,24.71,98.84
4407,1724,14,2,33.98,67.96
4408,1725,27,4,21.89,87.56
4409,1725,35,1,14.49,14.49
4410,1725,29,3,37.29,111.87
4411,1726,7,3,15.19,45.57
4412,1726,3,4,30.23,120.92
4413,1726,25,4,29.79,119.16
4414,1727,30,1,92.9,92.9
4415,1727,8,1,129.64,129.64
4416,1727,31,3,178.61,535.83
4417,1727,17,3,141.59,424.77
4418,1727,38,3,71.0,213.0
4419,1728,3,1,27.14,27.14
4420,1728,18,3,73.35,220.04999999999998
4421,1728,46,1,58.93,58.93
4422,1728,27,2,21.52,43.04
4423,1729,26,4,18.75,75.0
4424,1730,3,2,30.69,61.38
4425,1730,47,3,46.33,138.99
4426,1730,9,2,55.68,111.36
4427,1730,36,2,28.78,57.56
4428,1731,43,3,96.43,289.29
4429,1732,38,3,76.5,229.5
4430,1732,15,4,50.25,201.0
4431,1732,34,4,31.84,127.36
4432,1732,31,2,182.61,365.22
4433,1732,30,1,93.4,93.4
4434,1733,14,4,36.05,144.2
4435,1734,36,2,27.62,55.24
4436,1734,30,3,103.75,311.25
4437,1734,35,3,15.25,45.75
4438,1735,16,3,377.05,1131.15
4439,1736,1,4,12.17,48.68
4440,1736,4,4,48.41,193.64
4441,1736,16,3,388.13,1164.3899999999999
4442,1736,55,3,30.57,91.71000000000001
4443,1736,26,2,18.13,36.26
4444,1737,55,2,29.32,58.64
4445,1738,19,3,17.87,53.61
4446,1738,35,1,16.27,16.27
4447,1739,46,3,57.45,172.35000000000002
4448,1739,33,1,47.93,47.93
4449,1739,37,4,56.14,224.56
4450,1740,52,4,20.97,83.88
4451,1741,48,2,100.38,200.76
4452,1742,8,4,125.03,500.12
4453,1743,27,3,22.25,66.75
4454,1744,54,4,24.09,96.36
4455,1744,4,1,43.73,43.73
4456,1744,36,2,30.65,61.3
4457,1745,17,2,144.05,288.1
4458,1746,48,4,100.08,400.32
4459,1746,52,4,23.56,94.24
4460,1746,44,3,72.19,216.57
4461,1746,53,1,45.06,45.06
4462,1747,25,2,30.43,60.86
4463,1747,3,1,29.19,29.19
4464,1747,39,4,32.4,129.6
4465,1747,27,1,23.78,23.78
4466,1748,54,1,22.52,22.52
4467,1748,23,3,101.95,305.85
4468,1749,44,2,74.49,148.98
4469,1749,11,1,41.21,41.21
4470,1749,3,2,29.57,59.14
4471,1749,9,1,55.14,55.14
4472,1749,47,2,49.13,98.26
4473,1750,51,2,38.74,77.48
4474,1750,50,3,14.31,42.93
4475,1750,45,3,70.02,210.06
4476,1751,1,1,11.51,11.51
4477,1751,55,4,30.01,120.04
4478,1751,54,3,22.36,67.08
4479,1751,5,3,36.11,108.33
4480,1752,14,4,36.21,144.84
4481,1752,4,4,48.48,193.92
4482,1752,49,3,27.25,81.75
4483,1753,54,2,24.0,48.0
4484,1753,50,3,16.3,48.900000000000006
4485,1754,54,4,21.94,87.76
4486,1754,34,4,34.4,137.6
4487,1755,49,1,24.24,24.24
4488,1755,39,1,32.86,32.86
4489,1756,25,4,28.62,114.48
4490,1757,7,1,16.27,16.27
4491,1757,28,4,67.83,271.32
4492,1757,46,1,57.48,57.48
4493,1757,5,3,38.87,116.60999999999999
4494,1757,44,4,71.96,287.84
4495,1758,18,2,68.48,136.96
4496,1759,14,4,36.76,147.04
4497,1759,45,1,69.79,69.79
4498,1760,14,4,36.85,147.4
4499,1760,13,3,50.44,151.32
4500,1761,10,1,19.57,19.57
4501,1761,27,3,20.96,62.88
4502,1761,55,1,32.68,32.68
4503,1762,54,1,23.0,23.0
4504,1762,44,3,73.83,221.49
4505,1762,20,3,13.87,41.61
4506,1763,39,3,34.22,102.66
4507,1764,14,2,33.3,66.6
4508,1764,13,4,47.98,191.92
4509,1764,40,3,19.65,58.949999999999996
4510,1764,45,3,74.73,224.19
4511,1765,43,2,84.04,168.08
4512,1765,30,1,91.86,91.86
4513,1766,44,2,70.75,141.5
4514,1766,49,1,25.31,25.31
4515,1767,25,3,29.9,89.69999999999999
4516,1768,15,4,55.97,223.88
4517,1768,41,1,51.07,51.07
4518,1768,25,2,29.23,58.46
4519,1769,23,2,100.66,201.32
4520,1769,33,3,44.77,134.31
4521,1770,50,3,15.92,47.76
4522,1771,16,1,362.43,362.43
4523,1771,34,2,32.55,65.1
4524,1772,6,4,23.87,95.48
4525,1772,14,2,37.51,75.02
4526,1773,24,2,21.92,43.84
4527,1773,39,4,31.32,125.28
4528,1773,19,4,18.34,73.36
4529,1774,37,4,59.83,239.32
4530,1774,27,2,22.35,44.7
4531,1774,11,4,42.06,168.24
4532,1774,14,4,34.06,136.24
4533,1774,49,4,25.01,100.04
4534,1775,38,4,71.51,286.04
4535,1775,36,3,30.57,91.71000000000001
4536,1776,34,3,31.28,93.84
4537,1776,20,2,13.33,26.66
4538,1777,29,2,37.03,74.06
4539,1777,15,1,54.44,54.44
4540,1777,19,4,19.04,76.16
4541,1778,33,4,49.04,196.16
4542,1778,13,4,46.03,184.12
4543,1778,50,4,16.23,64.92
4544,1779,15,1,51.79,51.79
4545,1779,8,4,119.83,479.32
4546,1779,10,2,18.49,36.98
4547,1780,20,3,15.24,45.72
4548,1780,23,3,103.98,311.94
4549,1780,1,2,11.57,23.14
4550,1780,50,2,16.49,32.98
4551,1781,21,4,86.9,347.6
4552,1781,24,3,20.39,61.17
4553,1781,45,3,68.89,206.67000000000002
4554,1782,17,1,142.24,142.24
4555,1783,54,3,21.72,65.16
4556,1783,49,4,25.2,100.8
4557,1783,8,4,114.1,456.4
4558,1783,12,3,70.07,210.20999999999998
4559,1783,17,4,139.15,556.6
4560,1784,25,4,28.96,115.84
4561,1784,16,2,384.79,769.58
4562,1785,31,1,191.56,191.56
4563,1785,39,2,31.81,63.62
4564,1785,37,1,57.73,57.73
4565,1785,43,3,92.11,276.33
4566,1785,44,3,69.9,209.70000000000002
4567,1786,46,1,56.51,56.51
4568,1786,36,1,28.37,28.37
4569,1786,45,3,69.65,208.95000000000002
4570,1786,5,2,39.09,78.18
4571,1786,42,2,64.79,129.58
4572,1787,23,1,99.43,99.43
4573,1787,46,4,60.0,240.0
4574,1787,50,3,16.49,49.47
4575,1787,2,1,87.74,87.74
4576,1788,2,3,81.55,244.64999999999998
4577,1788,51,2,37.78,75.56
4578,1788,1,1,12.85,12.85
4579,1788,19,3,18.11,54.33
4580,1788,29,3,33.52,100.56
4581,1789,51,3,40.11,120.33
4582,1789,26,4,18.62,74.48
4583,1789,33,4,47.37,189.48
4584,1789,37,2,59.14,118.28
4585,1789,47,2,44.18,88.36
4586,1790,13,3,48.19,144.57
4587,1790,19,2,17.82,35.64
4588,1790,28,3,61.03,183.09
4589,1790,5,4,39.25,157.0
4590,1791,43,1,95.78,95.78
4591,1791,19,3,18.08,54.239999999999995
4592,1792,55,1,32.72,32.72
4593,1793,16,2,406.57,813.14
4594,1793,34,3,33.74,101.22
4595,1793,15,2,55.65,111.3
4596,1793,9,4,53.51,214.04
4597,1793,52,2,22.49,44.98
4598,1794,19,2,17.53,35.06
4599,1794,44,4,73.52,294.08
4600,1794,14,1,34.41,34.41
4601,1795,51,2,37.26,74.52
4602,1795,32,3,17.95,53.849999999999994
4603,1795,19,3,18.95,56.849999999999994
4604,1795,47,4,43.54,174.16
4605,1795,3,2,27.25,54.5
4606,1796,47,4,48.61,194.44
4607,1796,6,4,22.01,88.04
4608,1797,40,3,19.75,59.25
4609,1797,13,2,45.95,91.9
4610,1798,30,2,104.03,208.06
4611,1798,15,3,56.43,169.29
4612,1798,8,2,129.94,259.88
4613,1798,19,1,18.88,18.88
4614,1799,45,2,65.14,130.28
4615,1800,38,2,78.7,157.4
4616,1800,12,4,63.81,255.24
4617,1800,17,1,141.53,141.53
4618,1801,42,3,62.61,187.82999999999998
4619,1802,28,2,64.91,129.82
4620,1802,39,4,32.25,129.0
4621,1803,23,4,97.87,391.48
4622,1803,5,2,38.04,76.08
4623,1803,31,3,177.54,532.62
4624,1803,8,3,123.91,371.73
4625,1803,13,1,46.46,46.46
4626,1804,47,3,43.34,130.02
4627,1804,35,3,14.74,44.22
4628,1805,9,4,53.44,213.76
4629,1805,46,3,59.45,178.35000000000002
4630,1805,38,2,74.1,148.2
4631,1805,6,3,22.81,68.42999999999999
4632,1806,11,2,43.58,87.16
4633,1806,8,2,116.58,233.16
4634,1807,18,1,75.62,75.62
4635,1807,22,3,234.3,702.9000000000001
4636,1808,18,3,73.47,220.41
4637,1808,27,1,22.15,22.15
4638,1808,3,4,29.77,119.08
4639,1808,49,2,26.16,52.32
4640,1809,4,1,43.09,43.09
4641,1810,2,4,83.27,333.08
4642,1810,28,2,66.4,132.8
4643,1810,45,1,72.56,72.56
4644,1810,44,4,75.32,301.28
4645,1810,53,4,43.42,173.68
4646,1811,43,3,84.67,254.01
4647,1812,1,1,11.43,11.43
4648,1812,2,4,81.21,324.84
4649,1813,12,4,67.57,270.28
4650,1813,15,2,50.55,101.1
4651,1813,5,4,37.19,148.76
4652,1813,54,4,21.19,84.76
4653,1813,28,1,65.35,65.35
4654,1814,36,4,28.14,112.56
4655,1814,42,4,69.08,276.32
4656,1814,15,2,56.45,112.9
4657,1814,5,1,41.2,41.2
4658,1814,10,4,18.35,73.4
4659,1815,50,1,14.34,14.34
4660,1815,30,4,98.38,393.52
4661,1815,48,2,103.28,206.56
4662,1815,35,1,16.18,16.18
4663,1815,11,4,42.98,171.92
4664,1816,15,4,57.19,228.76
4665,1816,42,3,69.73,209.19
4666,1816,48,1,102.61,102.61
4667,1817,17,3,151.48,454.43999999999994
4668,1817,49,1,26.92,26.92
4669,1817,34,1,34.82,34.82
4670,1818,16,1,377.45,377.45
4671,1818,48,3,94.31,282.93
4672,1819,47,3,48.0,144.0
4673,1819,51,3,37.78,113.34
4674,1820,28,3,60.77,182.31
4675,1820,38,1,72.41,72.41
4676,1821,50,2,14.97,29.94
4677,1822,23,1,102.91,102.91
4678,1822,26,3,19.08,57.239999999999995
4679,1822,3,3,27.06,81.17999999999999
4680,1822,53,3,45.67,137.01
4681,1823,54,4,23.53,94.12
4682,1823,35,3,14.53,43.589999999999996
4683,1824,6,4,24.19,96.76
4684,1825,49,3,25.36,76.08
4685,1825,2,2,91.55,183.1
4686,1826,10,2,19.06,38.12
4687,1826,33,3,45.87,137.60999999999999
4688,1827,34,2,33.63,67.26
4689,1828,36,3,26.88,80.64
4690,1828,45,2,64.96,129.92
4691,1828,37,1,53.2,53.2
4692,1829,33,4,44.81,179.24
4693,1830,28,3,59.12,177.35999999999999
4694,1830,6,4,22.27,89.08
4695,1831,53,1,41.56,41.56
4696,1831,26,2,19.25,38.5
4697,1832,15,3,52.44,157.32
4698,1832,28,3,61.55,184.64999999999998
4699,1832,36,2,28.84,57.68
4700,1832,16,4,372.86,1491.44
4701,1833,55,2,29.61,59.22
4702,1834,18,1,71.79,71.79
4703,1834,55,4,30.4,121.6
4704,1834,14,3,34.23,102.69
4705,1834,53,3,41.4,124.19999999999999
4706,1834,5,1,38.59,38.59
4707,1835,15,4,55.03,220.12
4708,1835,8,3,131.13,393.39
4709,1835,19,1,18.04,18.04
4710,1835,37,3,56.37,169.10999999999999
4711,1836,18,3,69.05,207.14999999999998
4712,1837,7,4,14.64,58.56
4713,1837,8,1,126.42,126.42
4714,1837,18,4,72.61,290.44
4715,1837,2,4,93.27,373.08
4716,1838,7,2,14.76,29.52
4717,1839,9,3,59.12,177.35999999999999
4718,1839,12,1,63.53,63.53
4719,1839,19,1,18.84,18.84
4720,1840,25,4,29.54,118.16
4721,1840,33,1,47.47,47.47
4722,1840,32,3,19.74,59.22
4723,1841,14,2,34.13,68.26
4724,1841,27,3,24.1,72.30000000000001
4725,1841,24,3,19.04,57.12
4726,1842,14,1,33.42,33.42
4727,1842,17,1,143.19,143.19
4728,1842,6,3,23.26,69.78
4729,1842,19,4,18.7,74.8
4730,1843,40,2,19.47,38.94
4731,1843,51,2,38.07,76.14
4732,1843,8,3,124.16,372.48
4733,1844,3,4,26.89,107.56
4734,1844,45,4,65.01,260.04
4735,1845,33,1,48.57,48.57
4736,1845,43,3,89.96,269.88
4737,1845,20,2,13.97,27.94
4738,1845,17,4,155.69,622.76
4739,1846,3,1,29.35,29.35
4740,1846,33,3,43.94,131.82
4741,1847,39,4,34.35,137.4
4742,1847,25,1,29.21,29.21
4743,1848,8,4,121.14,484.56
4744,1848,9,1,58.82,58.82
4745,1848,23,1,103.72,103.72
4746,1848,20,4,13.32,53.28
4747,1849,28,3,66.81,200.43
4748,1849,5,4,39.89,159.56
4749,1849,21,2,88.78,177.56
4750,1850,46,4,59.8,239.2
4751,1850,22,1,224.44,224.44
4752,1850,52,2,21.75,43.5
4753,1851,6,1,21.5,21.5
4754,1851,13,2,50.45,100.9
4755,1852,13,2,48.36,96.72
4756,1852,53,4,43.35,173.4
4757,1852,45,1,67.72,67.72
4758,1852,4,1,48.75,48.75
4759,1853,41,3,45.7,137.10000000000002
4760,1854,53,3,40.96,122.88
4761,1854,19,2,17.51,35.02
4762,1854,25,4,30.13,120.52
4763,1855,1,3,11.64,34.92
4764,1855,17,3,145.51,436.53
4765,1855,32,3,19.69,59.07000000000001
4766,1855,39,3,30.9,92.69999999999999
4767,1856,54,4,23.22,92.88
4768,1856,49,2,25.5,51.0
4769,1856,50,3,14.79,44.37
4770,1857,36,2,26.78,53.56
4771,1857,49,3,26.48,79.44
4772,1858,41,4,48.0,192.0
4773,1859,40,2,17.81,35.62
4774,1859,14,2,33.27,66.54
4775,1859,31,2,172.46,344.92
4776,1859,20,4,14.0,56.0
4777,1860,53,1,42.73,42.73
4778,1860,37,1,60.23,60.23
4779,1860,19,3,19.75,59.25
4780,1861,21,2,92.38,184.76
4781,1862,36,2,30.26,60.52
4782,1862,51,3,39.96,119.88
4783,1863,50,2,16.02,32.04
4784,1863,37,1,52.38,52.38
4785,1863,20,1,13.67,13.67
4786,1863,55,1,32.47,32.47
4787,1863,8,1,114.68,114.68
4788,1864,18,2,73.22,146.44
4789,1864,43,2,87.12,174.24
4790,1864,22,1,235.86,235.86
4791,1865,49,3,26.39,79.17
4792,1865,19,3,19.05,57.150000000000006
4793,1865,46,4,59.55,238.2
4794,1866,6,4,23.89,95.56
4795,1866,42,2,64.92,129.84
4796,1866,25,4,28.55,114.2
4797,1866,17,2,147.79,295.58
4798,1866,13,2,48.93,97.86
4799,1867,25,3,28.39,85.17
4800,1867,17,4,153.94,615.76
4801,1868,52,1,23.24,23.24
4802,1868,8,1,124.03,124.03
4803,1869,14,2,35.72,71.44
4804,1869,3,3,29.4,88.19999999999999
4805,1869,26,2,18.62,37.24
4806,1870,16,3,368.04,1104.1200000000001
4807,1870,2,2,84.19,168.38
4808,1870,11,1,44.72,44.72
4809,1870,36,3,28.69,86.07000000000001
4810,1870,51,2,38.11,76.22
4811,1871,29,1,37.91,37.91
4812,1871,40,4,18.57,74.28
4813,1871,37,3,60.32,180.96
4814,1872,11,1,45.47,45.47
4815,1873,3,1,30.25,30.25
4816,1873,23,1,99.1,99.1
4817,1873,32,1,17.93,17.93
4818,1874,43,2,87.47,174.94
4819,1874,49,1,25.23,25.23
4820,1874,30,2,103.77,207.54
4821,1874,45,2,71.75,143.5
4822,1875,53,1,44.94,44.94
4823,1875,42,2,66.32,132.64
4824,1875,8,1,130.59,130.59
4825,1876,23,3,90.47,271.40999999999997
4826,1876,25,2,29.01,58.02
4827,1877,36,1,28.47,28.47
4828,1878,11,3,41.61,124.83
4829,1878,47,1,48.11,48.11
4830,1879,12,3,62.64,187.92000000000002
4831,1879,2,4,88.79,355.16
4832,1879,20,4,14.01,56.04
4833,1880,38,3,72.09,216.27
4834,1881,40,2,18.18,36.36
4835,1881,44,4,71.09,284.36
4836,1881,33,2,48.96,97.92
4837,1882,52,4,24.09,96.36
4838,1882,31,4,186.9,747.6
4839,1882,32,3,17.32,51.96
4840,1883,46,1,59.0,59.0
4841,1884,39,2,32.85,65.7
4842,1884,10,3,18.39,55.17
4843,1884,45,1,64.7,64.7
4844,1884,24,1,19.55,19.55
4845,1884,19,1,18.54,18.54
4846,1885,8,4,115.82,463.28
4847,1885,52,3,23.56,70.67999999999999
4848,1885,48,3,101.06,303.18
4849,1886,54,3,23.28,69.84
4850,1886,9,3,53.23,159.69
4851,1887,29,1,38.33,38.33
4852,1887,40,2,18.67,37.34
4853,1887,6,4,23.35,93.4
4854,1887,17,1,155.73,155.73
4855,1888,34,3,34.52,103.56
4856,1889,34,3,34.33,102.99
4857,1889,17,2,150.0,300.0
4858,1889,5,3,37.15,111.44999999999999
4859,1889,46,1,54.47,54.47
4860,1889,41,1,50.93,50.93
4861,1890,30,4,101.99,407.96
4862,1891,29,2,36.63,73.26
4863,1892,41,2,51.0,102.0
4864,1892,36,2,27.48,54.96
4865,1892,1,2,12.91,25.82
4866,1893,12,3,67.75,203.25
4867,1893,28,2,62.75,125.5
4868,1893,29,4,37.75,151.0
4869,1894,41,3,48.81,146.43
4870,1895,19,2,17.54,35.08
4871,1895,5,3,37.2,111.60000000000001
4872,1895,30,3,96.47,289.40999999999997
4873,1895,43,3,90.18,270.54
4874,1895,47,2,47.53,95.06
4875,1896,51,4,38.86,155.44
4876,1896,25,4,28.52,114.08
4877,1896,14,3,34.39,103.17
4878,1897,36,1,28.37,28.37
4879,1897,5,2,39.6,79.2
4880,1898,16,3,369.06,1107.18
4881,1899,44,3,77.65,232.95000000000002
4882,1899,48,3,96.45,289.35
4883,1899,12,4,68.18,272.72
4884,1899,37,1,56.16,56.16
4885,1900,36,3,29.51,88.53
4886,1900,49,2,26.06,52.12
4887,1900,28,4,64.95,259.8
4888,1901,8,2,126.78,253.56
4889,1901,36,4,26.63,106.52
4890,1901,52,1,22.72,22.72
4891,1902,35,1,16.08,16.08
4892,1902,43,3,90.54,271.62
4893,1902,51,4,41.76,167.04
4894,1903,25,1,28.41,28.41
4895,1903,10,2,19.66,39.32
4896,1904,35,3,15.23,45.69
4897,1904,23,1,94.63,94.63
4898,1904,22,4,215.49,861.96
4899,1904,55,2,28.56,57.12
4900,1905,23,3,95.88,287.64
4901,1906,33,2,43.25,86.5
4902,1906,30,3,100.15,300.45000000000005
4903,1907,49,1,24.6,24.6
4904,1907,54,4,24.09,96.36
4905,1907,3,3,29.21,87.63
4906,1907,33,1,43.04,43.04
4907,1908,7,3,15.03,45.089999999999996
4908,1909,43,4,95.96,383.84
4909,1909,15,1,54.36,54.36
4910,1909,45,4,73.23,292.92
4911,1910,40,1,17.32,17.32
4912,1910,23,2,93.06,186.12
4913,1910,47,3,47.25,141.75
4914,1911,53,3,40.43,121.28999999999999
4915,1911,30,3,96.02,288.06
4916,1911,24,2,21.27,42.54
4917,1912,14,3,34.42,103.26
4918,1912,26,4,19.76,79.04
4919,1913,19,1,19.02,19.02
4920,1913,27,3,21.99,65.97
4921,1913,12,3,66.53,199.59
4922,1913,35,4,14.92,59.68
4923,1913,53,3,39.95,119.85000000000001
4924,1914,34,3,32.45,97.35000000000001
4925,1914,36,3,29.75,89.25
4926,1914,2,2,86.56,173.12
4927,1915,35,4,16.35,65.4
4928,1915,1,3,11.75,35.25
4929,1915,12,2,65.83,131.66
4930,1916,32,1,19.55,19.55
4931,1917,44,4,74.34,297.36
4932,1917,22,1,220.24,220.24
4933,1917,29,4,37.12,148.48
4934,1917,26,4,19.35,77.4
4935,1918,14,3,34.11,102.33
4936,1918,46,4,56.25,225.0
4937,1919,9,1,54.81,54.81
4938,1919,21,3,83.75,251.25
4939,1919,45,2,74.27,148.54
4940,1920,4,4,45.44,181.76
4941,1920,41,3,51.2,153.60000000000002
4942,1920,13,2,45.78,91.56
4943,1920,14,1,37.71,37.71
4944,1920,16,1,396.09,396.09
4945,1921,4,1,46.41,46.41
4946,1922,29,4,34.43,137.72
4947,1922,46,4,54.48,217.92
4948,1923,33,2,46.0,92.0
4949,1923,19,2,19.14,38.28
4950,1923,46,4,56.39,225.56
4951,1924,31,2,196.25,392.5
4952,1924,10,1,19.58,19.58
4953,1924,44,3,77.84,233.52
4954,1925,37,4,56.71,226.84
4955,1925,3,1,30.68,30.68
4956,1926,8,1,120.03,120.03
4957,1926,33,2,45.13,90.26
4958,1927,42,4,66.88,267.52
4959,1927,46,2,57.33,114.66
4960,1928,27,1,21.49,21.49
4961,1928,25,3,28.45,85.35
4962,1928,55,1,29.18,29.18
4963,1929,32,4,18.16,72.64
4964,1929,25,1,28.86,28.86
4965,1930,34,4,34.99,139.96
4966,1930,32,1,18.37,18.37
4967,1930,48,3,91.09,273.27
4968,1931,2,1,81.61,81.61
4969,1932,50,4,14.26,57.04
4970,1932,17,1,153.89,153.89
4971,1933,29,1,36.46,36.46
4972,1933,36,2,28.4,56.8
4973,1933,26,4,19.25,77.0
4974,1933,30,1,92.96,92.96
4975,1933,40,4,19.39,77.56
4976,1934,11,2,45.71,91.42
4977,1934,40,3,17.34,52.019999999999996
4978,1935,18,3,70.88,212.64
4979,1935,16,3,416.4,1249.1999999999998
4980,1935,13,2,50.79,101.58
4981,1936,15,3,51.4,154.2
4982,1936,44,2,71.32,142.64
4983,1937,25,1,30.3,30.3
4984,1937,39,1,34.45,34.45
4985,1937,49,1,26.93,26.93
4986,1938,21,3,80.98,242.94
4987,1938,13,4,48.69,194.76
4988,1939,50,4,14.71,58.84
4989,1939,33,4,47.97,191.88
4990,1940,39,3,34.34,103.02000000000001
4991,1940,35,1,16.11,16.11
4992,1940,44,4,70.98,283.92
4993,1941,34,1,33.99,33.99
4994,1941,25,2,30.78,61.56
4995,1941,55,4,30.15,120.6
4996,1941,36,2,29.35,58.7
4997,1942,34,4,30.77,123.08
4998,1942,30,4,103.69,414.76
4999,1942,27,3,22.87,68.61
5000,1942,24,4,20.17,80.68
5001,1942,53,3,43.68,131.04
5002,1943,48,2,96.68,193.36
5003,1943,21,2,84.01,168.02
5004,1944,47,4,43.42,173.68
5005,1944,53,2,44.9,89.8
5006,1944,14,4,33.64,134.56
5007,1945,49,3,27.03,81.09
5008,1946,33,1,45.97,45.97
5009,1946,54,2,23.6,47.2
5010,1946,22,3,217.92,653.76
5011,1947,39,3,30.77,92.31
5012,1947,1,3,12.56,37.68
5013,1947,22,3,228.12,684.36
5014,1947,9,4,56.75,227.0
5015,1947,35,3,16.03,48.09
5016,1948,36,4,27.59,110.36
5017,1949,34,3,33.83,101.49
5018,1949,12,3,63.95,191.85000000000002
5019,1949,55,2,29.65,59.3
5020,1949,54,2,24.19,48.38
5021,1950,32,4,18.9,75.6
5022,1950,46,2,52.42,104.84
5023,1950,16,1,378.84,378.84
5024,1950,15,2,52.23,104.46
5025,1951,35,4,14.5,58.0
5026,1951,40,3,18.87,56.61
5027,1952,45,1,72.67,72.67
5028,1952,38,1,72.7,72.7
5029,1952,48,2,98.4,196.8
5030,1953,41,3,48.47,145.41
5031,1953,27,3,21.87,65.61
5032,1954,43,4,93.38,373.52
5033,1955,16,1,365.34,365.34
5034,1955,40,3,19.58,58.739999999999995
5035,1955,6,2,23.64,47.28
5036,1955,14,4,38.32,153.28
5037,1956,8,4,124.47,497.88
5038,1956,44,4,71.38,285.52
5039,1956,49,3,25.3,75.9
5040,1956,42,3,67.72,203.16
5041,1957,20,2,14.57,29.14
5042,1957,15,1,56.69,56.69
5043,1957,7,3,15.9,47.7
5044,1957,19,3,17.84,53.519999999999996
5045,1957,5,4,36.22,144.88
5046,1958,26,1,19.72,19.72
5047,1959,54,4,24.13,96.52
5048,1959,5,3,39.07,117.21000000000001
5049,1959,19,1,17.75,17.75
5050,1960,44,3,68.55,205.64999999999998
5051,1960,18,4,77.28,309.12
5052,1960,6,1,21.9,21.9
5053,1961,12,4,63.41,253.64
5054,1961,11,3,43.35,130.05
5055,1961,30,1,91.2,91.2
5056,1961,1,4,12.89,51.56
5057,1962,37,4,54.16,216.64
5058,1962,49,1,24.8,24.8
5059,1962,55,2,29.18,58.36
5060,1963,12,1,65.84,65.84
5061,1963,1,1,12.6,12.6
5062,1964,43,4,84.84,339.36
5063,1964,30,4,102.64,410.56
5064,1965,41,1,49.29,49.29
5065,1966,45,2,70.4,140.8
5066,1966,55,4,32.53,130.12
5067,1966,10,3,18.3,54.900000000000006
5068,1967,24,1,20.42,20.42
5069,1967,2,2,80.82,161.64
5070,1967,38,3,69.28,207.84
5071,1968,53,1,44.21,44.21
5072,1968,44,3,77.68,233.04000000000002
5073,1968,36,3,28.49,85.47
5074,1968,52,3,22.06,66.17999999999999
5075,1969,32,4,18.93,75.72
5076,1969,43,4,85.98,343.92
5077,1969,26,2,17.89,35.78
5078,1969,19,3,17.51,52.53
5079,1969,42,2,66.78,133.56
5080,1970,20,2,14.02,28.04
5081,1970,23,3,98.89,296.67
5082,1970,40,2,17.5,35.0
5083,1971,32,2,17.81,35.62
5084,1971,13,2,47.8,95.6
5085,1971,20,4,15.23,60.92
5086,1972,35,2,14.39,28.78
5087,1972,28,2,61.89,123.78
5088,1973,44,2,72.81,145.62
5089,1973,36,3,27.37,82.11
5090,1973,50,2,14.35,28.7
5091,1973,55,4,28.88,115.52
5092,1973,10,1,18.41,18.41
5093,1974,51,1,37.65,37.65
5094,1974,41,4,47.16,188.64
5095,1974,53,1,44.27,44.27
5096,1975,52,1,20.96,20.96
5097,1975,48,3,100.25,300.75
5098,1975,8,1,118.55,118.55
5099,1975,53,3,41.88,125.64000000000001
5100,1975,54,3,22.28,66.84
5101,1976,24,4,21.51,86.04
5102,1977,16,4,371.52,1486.08
5103,1977,7,4,14.75,59.0
5104,1977,14,3,36.92,110.76
5105,1977,26,1,19.04,19.04
5106,1977,9,4,54.09,216.36
5107,1978,22,4,240.91,963.64
5108,1978,30,1,101.95,101.95
5109,1979,36,3,27.64,82.92
5110,1979,41,4,51.08,204.32
5111,1979,53,2,42.49,84.98
5112,1980,45,2,70.34,140.68
5113,1980,51,4,38.66,154.64
5114,1981,39,2,32.97,65.94
5115,1981,29,3,35.1,105.30000000000001
5116,1982,45,4,68.66,274.64
5117,1982,28,3,61.56,184.68
5118,1982,50,4,15.91,63.64
5119,1982,55,3,32.57,97.71000000000001
5120,1983,31,4,188.75,755.0
5121,1983,51,3,41.62,124.85999999999999
5122,1983,2,2,83.54,167.08
5123,1984,12,1,64.93,64.93
5124,1984,37,3,57.47,172.41
5125,1984,27,4,23.82,95.28
5126,1985,8,1,121.2,121.2
5127,1985,47,4,42.86,171.44
5128,1985,15,4,53.54,214.16
5129,1986,17,4,143.33,573.32
5130,1986,10,4,17.36,69.44
5131,1987,29,1,36.04,36.04
5132,1987,44,4,75.13,300.52
5133,1988,8,2,121.61,243.22
5134,1988,29,3,36.52,109.56
5135,1988,55,2,30.44,60.88
5136,1988,25,3,26.96,80.88
5137,1988,53,3,41.97,125.91
5138,1989,35,3,16.48,49.44
5139,1989,55,1,31.71,31.71
5140,1989,1,1,12.15,12.15
5141,1989,19,1,19.12,19.12
5142,1990,11,2,44.79,89.58
5143,1991,47,2,48.97,97.94
5144,1991,2,1,81.3,81.3
5145,1992,46,2,55.22,110.44
5146,1992,41,1,49.26,49.26
5147,1993,8,3,119.26,357.78000000000003
5148,1994,37,1,58.12,58.12
5149,1994,19,1,17.98,17.98
5150,1995,38,4,76.21,304.84
5151,1995,52,3,22.13,66.39
5152,1995,48,3,103.41,310.23
5153,1995,22,2,239.69,479.38
5154,1995,11,2,44.25,88.5
5155,1996,55,3,31.22,93.66
5156,1997,4,2,47.52,95.04
5157,1997,35,2,15.47,30.94
5158,1998,7,4,14.48,57.92
5159,1998,53,1,40.39,40.39
5160,1998,2,3,92.38,277.14
5161,1998,5,3,38.45,115.35000000000001
5162,1998,47,3,46.98,140.94
5163,1999,41,2,47.66,95.32
5164,2000,29,4,36.16,144.64
5165,2000,46,3,57.41,172.23
5166,2000,24,1,19.2,19.2
5167,2000,33,4,47.13,188.52
5168,2000,52,2,21.4,42.8
5169,2001,16,4,391.13,1564.52
5170,2001,38,3,78.59,235.77
5171,2001,12,3,62.44,187.32
5172,2001,25,1,28.71,28.71
5173,2002,24,2,21.17,42.34
5174,2002,48,2,92.04,184.08
5175,2002,6,4,21.27,85.08
5176,2002,53,4,42.5,170.0
5177,2002,18,4,76.87,307.48
5178,2003,9,4,53.61,214.44
5179,2004,33,2,45.95,91.9
5180,2005,38,4,72.87,291.48
5181,2005,24,1,20.42,20.42
5182,2006,51,4,39.08,156.32
5183,2007,24,4,19.6,78.4
5184,2007,55,3,28.94,86.82000000000001
5185,2007,4,4,43.08,172.32
5186,2008,52,1,22.7,22.7
5187,2008,27,3,22.64,67.92
5188,2009,18,2,70.34,140.68
5189,2009,54,2,20.99,41.98
5190,2009,40,2,19.3,38.6
5191,2010,25,3,28.92,86.76
5192,2011,27,3,23.58,70.74
5193,2011,39,3,33.54,100.62
5194,2011,3,4,27.64,110.56
5195,2012,24,4,20.75,83.0
5196,2012,14,1,36.84,36.84
5197,2013,11,2,40.04,80.08
5198,2014,46,2,56.98,113.96
5199,2014,39,3,34.2,102.60000000000001
5200,2014,51,1,40.08,40.08
5201,2014,54,1,21.53,21.53
5202,2015,38,4,74.67,298.68
5203,2015,13,2,50.33,100.66
5204,2015,26,3,18.55,55.650000000000006
5205,2016,21,3,83.58,250.74
5206,2016,40,4,18.68,74.72
5207,2016,34,2,30.86,61.72
5208,2016,8,4,127.04,508.16
5209,2017,36,3,28.53,85.59
5210,2018,38,3,74.34,223.02
5211,2019,11,1,43.84,43.84
5212,2019,21,2,89.25,178.5
5213,2019,35,3,16.25,48.75
5214,2019,9,4,56.91,227.64
5215,2019,39,2,31.07,62.14
5216,2020,35,4,15.5,62.0
5217,2021,16,3,402.62,1207.8600000000001
5218,2021,35,2,14.38,28.76
5219,2022,27,2,23.74,47.48
5220,2022,17,1,151.58,151.58
5221,2022,15,4,52.62,210.48
5222,2023,31,2,171.09,342.18
5223,2024,30,4,102.55,410.2
5224,2024,21,4,88.13,352.52
5225,2024,39,3,34.45,103.35000000000001
5226,2025,15,3,54.27,162.81
5227,2025,7,1,14.82,14.82
5228,2025,44,3,75.42,226.26
5229,2026,48,1,95.61,95.61
5230,2026,13,4,47.27,189.08
5231,2027,22,1,225.87,225.87
5232,2028,54,4,21.62,86.48
5233,2029,19,3,17.73,53.19
5234,2029,21,3,88.89,266.67
5235,2029,25,2,28.51,57.02
5236,2029,36,1,29.97,29.97
5237,2029,29,2,37.55,75.1
5238,2030,2,1,81.95,81.95
5239,2030,51,3,37.05,111.14999999999999
5240,2031,23,1,100.23,100.23
5241,2031,47,1,45.99,45.99
5242,2031,30,3,96.33,288.99
5243,2032,26,3,18.85,56.550000000000004
5244,2032,44,4,74.58,298.32
5245,2032,12,2,66.89,133.78
5246,2033,37,2,56.39,112.78
5247,2033,16,1,401.33,401.33
5248,2034,15,3,52.87,158.60999999999999
5249,2034,51,2,40.64,81.28
5250,2034,10,2,19.02,38.04
5251,2035,44,4,74.4,297.6
5252,2035,32,1,18.6,18.6
5253,2036,44,1,73.0,73.0
5254,2036,29,3,34.03,102.09
5255,2036,1,2,11.95,23.9
5256,2037,30,3,90.59,271.77
5257,2038,16,4,408.08,1632.32
5258,2039,31,3,178.83,536.49
5259,2039,25,1,29.42,29.42
5260,2040,10,1,19.77,19.77
5261,2041,44,3,73.76,221.28000000000003
5262,2041,8,4,114.12,456.48
5263,2041,42,2,70.19,140.38
5264,2042,54,3,23.72,71.16
5265,2042,41,3,48.78,146.34
5266,2042,14,1,37.85,37.85
5267,2043,1,2,12.64,25.28
5268,2043,28,4,65.9,263.6
5269,2043,43,1,86.67,86.67
5270,2044,26,2,18.96,37.92
5271,2044,11,3,44.45,133.35000000000002
5272,2044,51,4,38.21,152.84
5273,2045,12,4,67.46,269.84
5274,2045,44,2,78.67,157.34
5275,2046,39,4,31.13,124.52
5276,2046,47,3,43.32,129.96
5277,2047,46,4,55.86,223.44
5278,2047,17,4,154.76,619.04
5279,2047,48,2,102.37,204.74
5280,2048,16,4,377.7,1510.8
5281,2049,10,4,18.98,75.92
5282,2050,41,1,50.62,50.62
5283,2051,50,1,15.23,15.23
5284,2051,53,1,42.14,42.14
5285,2051,4,2,43.86,87.72
5286,2051,52,4,22.09,88.36
5287,2052,24,1,19.69,19.69
5288,2052,49,3,26.55,79.65
5289,2053,3,3,29.6,88.80000000000001
5290,2053,47,4,48.75,195.0
5291,2054,19,3,18.1,54.300000000000004
5292,2054,42,2,67.7,135.4
5293,2055,15,3,55.29,165.87
5294,2055,25,4,28.37,113.48
5295,2056,7,2,14.3,28.6
5296,2056,6,3,21.84,65.52
5297,2056,25,3,28.8,86.4
5298,2057,22,2,218.57,437.14
5299,2057,33,4,47.05,188.2
5300,2057,37,1,52.28,52.28
5301,2058,26,4,18.18,72.72
5302,2058,49,1,25.47,25.47
5303,2058,13,3,49.55,148.64999999999998
5304,2058,34,3,31.52,94.56
5305,2059,21,1,87.09,87.09
5306,2059,23,4,103.17,412.68
5307,2059,26,2,18.12,36.24
5308,2060,7,3,15.97,47.910000000000004
5309,2060,26,2,18.38,36.76
5310,2061,13,4,52.03,208.12
5311,2061,22,1,232.05,232.05
5312,2061,23,3,103.0,309.0
5313,2061,50,1,15.44,15.44
5314,2062,5,2,40.33,80.66
5315,2062,31,3,177.19,531.5699999999999
5316,2062,35,2,15.16,30.32
5317,2062,16,4,385.32,1541.28
5318,2063,23,4,90.93,363.72
5319,2063,19,4,18.86,75.44
5320,2063,25,2,28.28,56.56
5321,2064,24,2,20.02,40.04
5322,2064,29,1,36.05,36.05
5323,2064,39,2,31.64,63.28
5324,2065,3,2,27.53,55.06
5325,2065,5,2,36.98,73.96
5326,2065,22,2,216.34,432.68
5327,2065,11,2,40.68,81.36
5328,2066,11,4,41.11,164.44
5329,2066,8,1,124.05,124.05
5330,2066,18,3,74.34,223.02
5331,2067,46,4,55.34,221.36
5332,2067,6,1,23.78,23.78
5333,2068,40,2,19.49,38.98
5334,2068,4,3,49.17,147.51
5335,2069,48,2,92.76,185.52
5336,2070,54,4,21.56,86.24
5337,2070,41,3,46.98,140.94
5338,2071,15,4,56.91,227.64
5339,2072,25,1,28.07,28.07
5340,2073,1,4,12.08,48.32
5341,2073,29,3,37.75,113.25
5342,2074,45,1,68.7,68.7
5343,2074,2,3,88.84,266.52
5344,2074,6,3,22.54,67.62
5345,2075,17,1,157.8,157.8
5346,2076,43,3,88.15,264.45000000000005
5347,2077,17,3,155.02,465.06000000000006
5348,2078,39,3,34.27,102.81
5349,2078,46,2,59.41,118.82
5350,2078,16,3,404.06,1212.18
5351,2078,21,1,89.22,89.22
5352,2078,10,1,17.52,17.52
5353,2079,53,2,42.03,84.06
5354,2079,1,3,12.87,38.61
5355,2080,40,3,18.65,55.949999999999996
5356,2080,23,1,92.56,92.56
5357,2080,45,2,74.54,149.08
5358,2081,19,4,19.49,77.96
5359,2081,11,3,42.62,127.85999999999999
5360,2081,54,1,23.93,23.93
5361,2082,55,2,32.94,65.88
5362,2082,8,2,128.89,257.78
5363,2082,46,4,59.54,238.16
5364,2082,1,4,11.61,46.44
5365,2082,20,2,14.68,29.36
5366,2083,35,4,15.69,62.76
5367,2083,25,2,26.95,53.9
5368,2083,34,1,33.74,33.74
5369,2084,54,1,22.14,22.14
5370,2085,19,1,17.74,17.74
5371,2085,24,2,21.33,42.66
5372,2086,15,1,51.43,51.43
5373,2086,5,4,39.06,156.24
5374,2086,50,1,15.03,15.03
5375,2086,10,3,17.15,51.449999999999996
5376,2086,8,1,127.54,127.54
5377,2087,53,3,44.34,133.02
5378,2087,4,3,48.07,144.21
5379,2088,9,1,57.93,57.93
5380,2088,34,1,30.48,30.48
5381,2088,49,3,25.32,75.96000000000001
5382,2089,27,3,23.31,69.92999999999999
5383,2090,21,3,91.46,274.38
5384,2091,44,3,72.8,218.39999999999998
5385,2091,45,3,70.84,212.52
5386,2091,42,1,68.44,68.44
5387,2091,2,3,92.2,276.6
5388,2092,29,2,37.19,74.38
5389,2092,48,4,95.95,383.8
5390,2092,23,2,103.31,206.62
5391,2092,49,4,26.86,107.44
5392,2092,52,1,21.63,21.63
5393,2093,1,4,11.77,47.08
5394,2093,33,3,42.84,128.52
5395,2093,26,3,19.4,58.199999999999996
5396,2094,8,3,124.56,373.68
5397,2094,38,3,78.49,235.46999999999997
5398,2094,28,4,64.38,257.52
5399,2094,12,3,65.59,196.77
5400,2095,21,1,83.3,83.3
5401,2095,27,4,22.08,88.32
5402,2096,11,1,41.41,41.41
5403,2097,21,2,84.48,168.96
5404,2097,53,2,41.57,83.14
5405,2098,24,2,21.93,43.86
5406,2099,11,2,41.79,83.58
5407,2100,1,1,12.71,12.71
5408,2100,41,3,46.53,139.59
5409,2100,31,1,176.79,176.79
5410,2101,24,1,19.85,19.85
5411,2101,51,2,41.49,82.98
5412,2102,18,1,69.81,69.81
5413,2103,12,3,67.18,201.54000000000002
5414,2103,1,3,11.92,35.76
5415,2104,14,3,34.88,104.64000000000001
5416,2104,8,2,128.38,256.76
5417,2104,11,3,41.63,124.89000000000001
5418,2105,37,2,60.24,120.48
5419,2106,39,1,31.12,31.12
5420,2106,26,2,17.13,34.26
5421,2106,17,2,145.7,291.4
5422,2107,34,4,33.74,134.96
5423,2108,52,3,21.26,63.78
5424,2108,55,2,30.29,60.58
5425,2109,40,2,19.49,38.98
5426,2109,9,3,52.58,157.74
5427,2110,50,3,16.27,48.81
5428,2110,52,3,24.09,72.27
5429,2110,11,2,45.01,90.02
5430,2110,32,4,19.74,78.96
5431,2110,10,1,17.49,17.49
5432,2111,35,3,16.42,49.260000000000005
5433,2111,11,4,45.27,181.08
5434,2112,38,3,73.71,221.13
5435,2112,47,3,43.25,129.75
5436,2113,47,4,48.34,193.36
5437,2113,16,4,371.81,1487.24
5438,2114,54,3,21.53,64.59
5439,2115,3,4,30.06,120.24
5440,2115,9,1,60.07,60.07
5441,2116,30,3,92.36,277.08
5442,2116,53,1,41.82,41.82
5443,2116,16,1,407.26,407.26
5444,2116,23,2,92.78,185.56
5445,2116,24,3,20.34,61.019999999999996
5446,2117,7,3,15.27,45.81
5447,2117,6,3,22.22,66.66
5448,2118,24,2,20.63,41.26
5449,2118,25,3,28.94,86.82000000000001
5450,2119,6,4,23.89,95.56
5451,2119,23,1,97.59,97.59
5452,2120,12,2,62.13,124.26
5453,2121,31,3,195.2,585.5999999999999
5454,2121,17,2,148.38,296.76
5455,2121,2,3,81.68,245.04000000000002
5456,2122,29,2,35.48,70.96
5457,2122,5,1,41.69,41.69
5458,2123,24,1,20.15,20.15
5459,2124,11,3,40.03,120.09
5460,2124,50,4,16.3,65.2
5461,2124,1,3,12.62,37.86
5462,2125,11,2,43.28,86.56
5463,2125,17,3,149.44,448.32
5464,2126,28,4,64.7,258.8
5465,2127,24,1,21.75,21.75
5466,2127,12,2,64.93,129.86
5467,2127,20,1,13.64,13.64
5468,2128,52,3,23.78,71.34
5469,2128,29,3,38.26,114.78
5470,2128,49,4,27.14,108.56
5471,2129,5,4,40.82,163.28
5472,2129,40,1,18.1,18.1
5473,2130,17,2,142.24,284.48
5474,2131,17,2,145.01,290.02
5475,2131,48,4,100.26,401.04
5476,2131,25,1,28.89,28.89
5477,2132,54,2,21.15,42.3
5478,2132,31,2,185.14,370.28
5479,2132,49,4,25.61,102.44
5480,2133,55,4,29.72,118.88
5481,2133,20,1,15.2,15.2
5482,2133,16,1,391.3,391.3
5483,2134,19,2,18.14,36.28
5484,2134,52,4,22.6,90.4
5485,2135,13,3,52.46,157.38
5486,2135,54,4,21.89,87.56
5487,2136,36,4,29.51,118.04
5488,2136,31,4,176.32,705.28
5489,2136,2,2,85.09,170.18
5490,2137,21,1,83.6,83.6
5491,2137,49,3,26.99,80.97
5492,2137,55,1,30.61,30.61
5493,2137,26,4,17.84,71.36
5494,2137,46,2,59.84,119.68
5495,2138,35,3,15.33,45.99
5496,2139,41,2,50.87,101.74
5497,2139,19,4,19.23,76.92
5498,2139,28,1,60.57,60.57
5499,2139,27,2,23.84,47.68
5500,2140,53,4,40.97,163.88
5501,2141,15,3,52.37,157.10999999999999
5502,2141,34,3,31.24,93.72
5503,2142,47,3,45.23,135.69
5504,2143,5,3,36.97,110.91
5505,2143,22,1,238.78,238.78
5506,2143,16,3,404.01,1212.03
5507,2143,30,1,90.76,90.76
5508,2143,52,3,21.33,63.989999999999995
5509,2144,3,2,28.31,56.62
5510,2145,34,2,31.78,63.56
5511,2145,12,3,63.72,191.16
5512,2145,15,1,53.12,53.12
5513,2146,41,3,46.54,139.62
5514,2147,17,1,157.09,157.09
5515,2148,52,1,21.47,21.47
5516,2149,54,3,23.03,69.09
5517,2149,15,2,55.02,110.04
5518,2149,4,3,43.23,129.69
5519,2149,22,4,209.58,838.32
5520,2150,43,1,91.1,91.1
5521,2150,9,2,58.39,116.78
5522,2150,47,1,49.11,49.11
5523,2151,3,2,27.0,54.0
5524,2151,54,2,22.66,45.32
5525,2151,16,1,396.01,396.01
5526,2151,28,1,64.26,64.26
5527,2152,35,2,16.32,32.64
5528,2152,45,2,74.48,148.96
5529,2152,38,1,72.29,72.29
5530,2153,45,4,67.88,271.52
5531,2153,33,2,46.72,93.44
5532,2154,34,3,32.92,98.76
5533,2154,45,4,71.52,286.08
5534,2155,14,1,36.93,36.93
5535,2156,5,3,36.3,108.89999999999999
5536,2156,27,3,23.91,71.73
5537,2156,1,3,11.59,34.769999999999996
5538,2157,7,3,15.18,45.54
5539,2157,39,2,30.72,61.44
5540,2157,20,1,14.23,14.23
5541,2158,22,3,209.97,629.91
5542,2159,21,1,87.99,87.99
5543,2159,44,4,78.74,314.96
5544,2160,32,2,17.26,34.52
5545,2160,1,2,12.37,24.74
5546,2160,4,2,44.6,89.2
5547,2161,24,4,21.26,85.04
5548,2161,34,4,34.88,139.52
5549,2162,8,1,130.52,130.52
5550,2162,29,4,37.1,148.4
5551,2162,41,1,50.95,50.95
5552,2163,20,1,13.84,13.84
5553,2163,42,2,70.48,140.96
5554,2164,19,2,17.5,35.0
5555,2164,25,4,30.46,121.84
5556,2164,8,4,120.55,482.2
5557,2165,48,2,100.76,201.52
5558,2165,18,4,69.34,277.36
5559,2165,40,3,17.72,53.16
5560,2165,31,2,190.37,380.74
5561,2166,49,1,24.81,24.81
5562,2166,53,4,41.53,166.12
5563,2166,33,1,48.49,48.49
5564,2166,15,1,51.44,51.44
5565,2167,36,3,28.89,86.67
5566,2167,11,4,44.82,179.28
5567,2168,28,4,62.73,250.92
5568,2169,12,2,63.67,127.34
5569,2169,38,3,72.18,216.54000000000002
5570,2169,34,2,32.44,64.88
5571,2170,41,2,46.0,92.0
5572,2170,14,4,35.61,142.44
5573,2170,1,3,12.9,38.7
5574,2171,26,1,17.98,17.98
5575,2171,23,1,92.19,92.19
5576,2172,48,3,102.24,306.71999999999997
5577,2173,45,2,70.32,140.64
5578,2173,42,3,68.59,205.77
5579,2173,3,2,27.7,55.4
5580,2173,22,4,229.58,918.32
5581,2174,10,4,17.61,70.44
5582,2174,7,2,16.09,32.18
5583,2175,54,4,21.31,85.24
5584,2176,3,1,27.93,27.93
5585,2176,55,4,29.05,116.2
5586,2176,19,2,18.02,36.04
5587,2177,41,2,47.8,95.6
5588,2178,44,2,72.41,144.82
5589,2178,47,4,47.44,189.76
5590,2178,13,2,49.0,98.0
5591,2178,33,4,43.27,173.08
5592,2179,45,3,72.09,216.27
5593,2180,27,1,22.1,22.1
5594,2181,39,3,34.47,103.41
5595,2181,34,4,33.7,134.8
5596,2182,17,4,146.49,585.96
5597,2182,28,1,65.18,65.18
5598,2182,18,3,70.67,212.01
5599,2182,4,2,49.48,98.96
5600,2182,36,4,30.55,122.2
5601,2183,55,1,31.66,31.66
5602,2183,51,2,38.77,77.54
5603,2183,13,4,47.59,190.36
5604,2183,18,2,77.59,155.18
5605,2183,26,3,17.92,53.760000000000005
5606,2184,40,2,18.04,36.08
5607,2184,3,3,30.18,90.53999999999999
5608,2184,24,4,19.98,79.92
5609,2185,9,2,53.27,106.54
5610,2185,36,3,27.37,82.11
5611,2185,48,1,90.74,90.74
5612,2186,38,1,70.7,70.7
5613,2186,12,2,69.07,138.14
5614,2186,2,4,87.72,350.88
5615,2187,28,4,60.3,241.2
5616,2187,33,2,46.26,92.52
5617,2188,31,1,172.37,172.37
5618,2188,32,1,17.22,17.22
5619,2189,31,4,191.41,765.64
5620,2189,53,2,42.9,85.8
5621,2189,50,1,16.4,16.4
5622,2190,39,3,30.74,92.22
5623,2190,18,1,68.87,68.87
5624,2190,42,2,67.69,135.38
5625,2191,31,1,191.03,191.03
5626,2191,11,1,43.94,43.94
5627,2191,39,2,33.7,67.4
5628,2191,47,4,45.7,182.8
5629,2191,8,3,130.07,390.21
5630,2192,20,2,14.73,29.46
5631,2192,21,3,90.77,272.31
5632,2193,33,1,47.49,47.49
5633,2194,38,3,75.99,227.96999999999997
5634,2195,24,4,20.59,82.36
5635,2195,43,1,95.57,95.57
5636,2195,25,4,28.41,113.64
5637,2196,55,1,32.41,32.41
5638,2196,29,3,37.77,113.31
5639,2197,33,4,48.44,193.76
5640,2197,6,3,23.64,70.92
5641,2198,15,2,52.96,105.92
5642,2198,2,1,83.66,83.66
5643,2199,42,2,71.12,142.24
5644,2199,24,3,21.97,65.91
5645,2199,8,1,131.09,131.09
5646,2199,27,4,23.14,92.56
5647,2199,47,4,46.43,185.72
5648,2200,8,3,122.09,366.27
5649,2200,31,1,180.94,180.94
5650,2200,4,3,46.58,139.74
5651,2201,30,1,102.65,102.65
5652,2201,15,3,56.53,169.59
5653,2201,34,3,31.7,95.1
5654,2202,9,1,54.53,54.53
5655,2202,6,4,23.07,92.28
5656,2202,49,4,24.68,98.72
5657,2202,13,1,51.71,51.71
5658,2202,18,4,74.09,296.36
5659,2203,11,2,40.82,81.64
5660,2203,13,1,49.68,49.68
5661,2203,32,2,17.35,34.7
5662,2203,12,1,63.4,63.4
5663,2204,15,1,55.77,55.77
5664,2204,43,2,96.4,192.8
5665,2204,6,1,21.54,21.54
5666,2204,50,2,15.2,30.4
5667,2205,38,1,77.78,77.78
5668,2205,46,4,56.33,225.32
5669,2205,41,1,51.09,51.09
5670,2206,47,4,44.13,176.52
5671,2207,34,3,33.73,101.19
5672,2208,51,2,38.94,77.88
5673,2208,16,3,396.14,1188.42
5674,2209,33,4,48.66,194.64
5675,2209,24,4,21.39,85.56
5676,2209,10,4,18.81,75.24
5677,2209,15,3,54.81,164.43
5678,2209,43,4,88.54,354.16
5679,2210,54,3,22.03,66.09
5680,2210,2,2,81.91,163.82
5681,2211,29,2,37.47,74.94
5682,2211,50,3,15.63,46.89
5683,2211,11,1,42.77,42.77
5684,2211,43,2,96.17,192.34
5685,2211,30,4,98.69,394.76
5686,2212,50,4,16.31,65.24
5687,2212,4,2,48.88,97.76
5688,2212,2,4,89.81,359.24
5689,2213,45,3,65.79,197.37
5690,2213,52,1,21.41,21.41
5691,2214,43,3,88.41,265.23
5692,2214,24,2,19.65,39.3
5693,2214,50,2,16.26,32.52
5694,2215,51,3,38.06,114.18
5695,2215,10,3,19.19,57.57000000000001
5696,2216,40,2,17.67,35.34
5697,2217,1,1,12.2,12.2
5698,2218,35,1,15.76,15.76
5699,2219,46,4,56.0,224.0
5700,2220,51,1,36.81,36.81
5701,2220,14,1,36.62,36.62
5702,2221,24,2,21.45,42.9
5703,2221,7,2,15.0,30.0
5704,2222,35,1,15.01,15.01
5705,2222,44,1,70.45,70.45
5706,2223,15,4,54.1,216.4
5707,2223,10,4,18.93,75.72
5708,2223,49,1,26.9,26.9
5709,2224,34,1,35.17,35.17
5710,2224,31,1,181.25,181.25
5711,2224,43,3,91.79,275.37
5712,2225,39,3,31.94,95.82000000000001
5713,2225,18,1,73.78,73.78
5714,2225,12,1,70.56,70.56
5715,2225,36,4,27.18,108.72
5716,2226,34,4,31.9,127.6
5717,2226,15,3,53.55,160.64999999999998
5718,2226,29,2,37.02,74.04
5719,2226,41,4,51.96,207.84
5720,2227,55,1,31.73,31.73
5721,2227,14,2,34.23,68.46
5722,2228,14,1,34.24,34.24
5723,2228,49,3,27.2,81.6
5724,2228,25,3,27.02,81.06
5725,2229,7,1,16.28,16.28
5726,2229,29,4,34.36,137.44
5727,2229,10,2,17.4,34.8
5728,2230,35,1,14.88,14.88
5729,2230,13,2,50.19,100.38
5730,2230,46,2,55.3,110.6
5731,2231,27,3,23.06,69.17999999999999
5732,2231,48,1,99.93,99.93
5733,2231,41,3,50.19,150.57
5734,2232,41,4,49.77,199.08
5735,2232,34,2,32.46,64.92
5736,2233,45,1,67.3,67.3
5737,2233,30,3,92.32,276.96
5738,2234,6,4,21.51,86.04
5739,2234,39,4,31.24,124.96
5740,2235,17,2,158.69,317.38
5741,2235,37,4,55.89,223.56
5742,2236,11,3,40.49,121.47
5743,2236,53,3,42.98,128.94
5744,2236,42,3,62.14,186.42000000000002
5745,2237,42,2,68.98,137.96
5746,2237,1,1,12.56,12.56
5747,2238,49,1,26.25,26.25
5748,2238,6,4,23.43,93.72
5749,2239,22,1,223.78,223.78
5750,2239,7,1,15.29,15.29
5751,2239,36,4,28.63,114.52
5752,2239,27,1,21.83,21.83
5753,2239,12,1,66.22,66.22
5754,2240,37,1,52.91,52.91
5755,2240,38,4,78.45,313.8
5756,2241,32,2,19.07,38.14
5757,2241,55,3,31.88,95.64
5758,2241,16,2,381.61,763.22
5759,2241,14,4,35.59,142.36
5760,2241,47,2,44.72,89.44
5761,2242,42,1,68.3,68.3
5762,2242,45,3,73.61,220.82999999999998
5763,2242,9,1,58.51,58.51
5764,2242,54,4,21.83,87.32
5765,2242,6,2,20.9,41.8
5766,2243,27,3,20.95,62.849999999999994
5767,2243,3,2,27.36,54.72
5768,2243,34,1,31.99,31.99
5769,2244,13,3,48.42,145.26
5770,2244,5,3,41.12,123.35999999999999
5771,2244,26,3,17.61,52.83
5772,2244,49,1,26.78,26.78
5773,2245,44,1,77.31,77.31
5774,2246,36,2,27.1,54.2
5775,2246,29,3,37.82,113.46000000000001
5776,2247,2,1,89.98,89.98
5777,2248,34,4,30.51,122.04
5778,2249,46,3,52.85,158.55
5779,2249,14,1,37.56,37.56
5780,2250,15,2,53.8,107.6
5781,2250,31,3,177.99,533.97
5782,2251,23,1,94.0,94.0
5783,2252,23,1,96.78,96.78
5784,2252,17,2,137.91,275.82
5785,2252,55,1,28.68,28.68
5786,2253,9,2,57.78,115.56
5787,2253,48,3,91.45,274.35
5788,2253,14,1,36.21,36.21
5789,2254,29,1,36.65,36.65
5790,2254,36,3,29.63,88.89
5791,2255,47,3,44.37,133.10999999999999
5792,2255,2,4,87.52,350.08
5793,2256,42,2,65.0,130.0
5794,2257,11,3,43.66,130.98
5795,2257,27,2,20.92,41.84
5796,2257,30,3,95.49,286.46999999999997
5797,2258,41,2,46.55,93.1
5798,2258,6,1,22.92,22.92
5799,2258,10,4,18.37,73.48
5800,2258,19,4,18.14,72.56
5801,2259,47,1,47.24,47.24
5802,2259,9,4,57.81,231.24
5803,2259,31,1,173.52,173.52
5804,2259,24,3,21.66,64.98
5805,2260,47,2,46.94,93.88
5806,2260,35,2,15.01,30.02
5807,2260,24,1,21.17,21.17
5808,2261,22,2,236.46,472.92
5809,2261,20,1,13.72,13.72
5810,2262,42,1,67.74,67.74
5811,2263,6,2,22.14,44.28
5812,2263,53,1,44.07,44.07
5813,2264,53,3,44.6,133.8
5814,2264,9,3,53.3,159.89999999999998
5815,2264,22,2,241.95,483.9
5816,2264,1,1,13.06,13.06
5817,2264,32,4,17.54,70.16
5818,2265,45,3,72.43,217.29000000000002
5819,2265,5,1,40.41,40.41
5820,2266,15,4,51.07,204.28
5821,2266,10,1,17.61,17.61
5822,2266,53,3,43.17,129.51
5823,2266,28,1,64.75,64.75
5824,2266,18,4,71.88,287.52
5825,2267,31,1,195.89,195.89
5826,2268,42,4,65.94,263.76
5827,2268,50,3,15.7,47.099999999999994
5828,2269,47,2,42.77,85.54
5829,2270,36,1,30.61,30.61
5830,2271,42,3,65.03,195.09
5831,2271,50,4,16.32,65.28
5832,2272,51,4,37.66,150.64
5833,2273,16,4,379.16,1516.64
5834,2273,38,1,75.65,75.65
5835,2274,6,1,22.38,22.38
5836,2274,47,4,49.24,196.96
5837,2274,36,1,27.29,27.29
5838,2274,44,4,78.3,313.2
5839,2274,3,1,27.72,27.72
5840,2275,13,4,50.17,200.68
5841,2276,42,2,62.17,124.34
5842,2276,33,3,46.25,138.75
5843,2277,12,3,68.33,204.99
5844,2277,41,4,49.63,198.52
5845,2277,25,1,29.6,29.6
5846,2277,13,4,48.07,192.28
5847,2277,37,4,56.95,227.8
5848,2278,10,2,17.82,35.64
5849,2278,18,4,70.28,281.12
5850,2278,32,2,18.52,37.04
5851,2279,40,1,19.26,19.26
5852,2279,23,2,101.74,203.48
5853,2279,16,1,366.82,366.82
5854,2279,7,2,14.31,28.62
5855,2280,15,1,51.98,51.98
5856,2280,2,3,83.26,249.78000000000003
5857,2281,42,1,63.08,63.08
5858,2281,14,2,38.09,76.18
5859,2281,35,2,16.36,32.72
5860,2282,23,4,92.83,371.32
5861,2283,21,3,93.1,279.29999999999995
5862,2283,6,3,21.88,65.64
5863,2283,46,2,60.44,120.88
5864,2283,12,4,63.38,253.52
5865,2283,3,2,29.69,59.38
5866,2284,8,2,124.24,248.48
5867,2284,32,2,17.89,35.78
5868,2284,43,4,84.08,336.32
5869,2285,11,2,43.11,86.22
5870,2286,41,4,50.18,200.72
5871,2286,46,1,57.94,57.94
5872,2286,50,1,15.83,15.83
5873,2287,23,1,100.37,100.37
5874,2287,21,3,80.92,242.76
5875,2287,26,1,17.93,17.93
5876,2287,40,2,17.57,35.14
5877,2287,2,3,86.59,259.77
5878,2288,32,4,18.75,75.0
5879,2289,17,2,138.44,276.88
5880,2289,1,3,12.82,38.46
5881,2289,29,2,37.33,74.66
5882,2289,12,1,67.07,67.07
5883,2289,52,4,22.15,88.6
5884,2290,51,1,36.58,36.58
5885,2291,19,4,18.45,73.8
5886,2292,51,4,37.95,151.8
5887,2292,25,3,28.75,86.25
5888,2292,12,3,67.2,201.60000000000002
5889,2292,36,1,30.22,30.22
5890,2292,27,2,23.31,46.62
5891,2293,4,1,45.45,45.45
5892,2294,49,3,24.7,74.1
5893,2294,3,1,30.71,30.71
5894,2294,50,4,16.2,64.8
5895,2295,34,4,30.64,122.56
5896,2296,4,1,49.22,49.22
5897,2296,51,4,40.94,163.76
5898,2297,21,2,90.5,181.0
5899,2298,44,2,69.74,139.48
5900,2298,1,3,12.74,38.22
5901,2298,45,4,65.91,263.64
5902,2298,19,3,18.56,55.67999999999999
5903,2299,47,4,47.81,191.24
5904,2299,41,1,49.96,49.96
5905,2300,53,2,43.74,87.48
5906,2300,44,1,70.27,70.27
5907,2301,47,4,43.64,174.56
5908,2301,48,1,104.44,104.44
5909,2301,9,3,58.47,175.41
5910,2302,15,4,55.85,223.4
5911,2302,6,1,21.71,21.71
5912,2302,32,1,19.31,19.31
5913,2303,52,4,22.55,90.2
5914,2303,29,2,36.36,72.72
5915,2303,21,3,83.9,251.70000000000002
5916,2303,44,4,74.24,296.96
5917,2303,19,1,17.17,17.17
5918,2304,31,1,171.87,171.87
5919,2304,41,4,45.72,182.88
5920,2305,20,1,15.28,15.28
5921,2305,26,3,17.9,53.699999999999996
5922,2306,46,4,52.41,209.64
5923,2306,35,3,15.16,45.480000000000004
5924,2307,22,3,231.15,693.45
5925,2307,11,2,42.43,84.86
5926,2307,44,4,76.78,307.12
5927,2307,48,4,99.31,397.24
5928,2307,32,1,17.34,17.34
5929,2308,4,4,47.23,188.92
5930,2309,23,4,100.08,400.32
5931,2310,25,2,30.49,60.98
5932,2311,53,2,44.5,89.0
5933,2311,12,1,64.68,64.68
5934,2311,11,4,44.85,179.4
5935,2312,43,3,93.64,280.92
5936,2312,11,4,41.45,165.8
5937,2313,45,2,70.25,140.5
5938,2313,8,3,117.48,352.44
5939,2313,9,3,56.76,170.28
5940,2314,37,3,55.98,167.94
5941,2314,3,3,29.37,88.11
5942,2314,44,2,70.7,141.4
5943,2314,21,4,83.61,334.44
5944,2315,55,3,30.96,92.88
5945,2316,5,2,37.17,74.34
5946,2316,49,4,26.44,105.76
5947,2316,2,4,85.38,341.52
5948,2317,30,3,90.9,272.70000000000005
5949,2317,22,3,216.95,650.8499999999999
5950,2317,40,2,17.7,35.4
5951,2318,10,4,17.17,68.68
5952,2319,13,4,48.94,195.76
5953,2319,47,2,45.83,91.66
5954,2319,4,3,48.78,146.34
5955,2320,2,1,90.58,90.58
5956,2321,6,2,21.25,42.5
5957,2322,22,1,231.69,231.69
5958,2322,3,2,26.88,53.76
5959,2322,52,3,22.64,67.92
5960,2323,46,3,56.05,168.14999999999998
5961,2324,15,3,56.5,169.5
5962,2325,14,2,33.74,67.48
5963,2325,36,2,30.46,60.92
5964,2326,35,1,14.74,14.74
5965,2326,3,4,28.97,115.88
5966,2326,51,3,40.33,120.99
5967,2327,19,1,18.69,18.69
5968,2328,9,4,58.46,233.84
5969,2329,10,1,18.08,18.08
5970,2329,11,2,44.74,89.48
5971,2329,14,2,35.88,71.76
5972,2330,31,3,177.85,533.55
5973,2331,41,4,47.1,188.4
5974,2331,53,1,44.3,44.3
5975,2331,32,2,19.53,39.06
5976,2331,49,3,25.96,77.88
5977,2331,31,2,187.99,375.98
5978,2332,10,1,18.88,18.88
5979,2332,13,1,46.28,46.28
5980,2332,47,2,48.07,96.14
5981,2333,8,4,123.04,492.16
5982,2333,14,1,35.79,35.79
5983,2334,3,2,30.45,60.9
5984,2335,40,4,19.6,78.4
5985,2335,55,3,31.61,94.83
5986,2336,41,3,48.72,146.16
5987,2337,36,2,28.5,57.0
5988,2338,12,2,69.43,138.86
5989,2338,4,4,48.52,194.08
5990,2338,19,2,19.24,38.48
5991,2338,36,4,28.64,114.56
5992,2338,9,4,57.16,228.64
5993,2339,8,2,123.27,246.54
5994,2340,27,4,22.33,89.32
5995,2340,14,4,34.49,137.96
5996,2340,26,1,19.37,19.37
5997,2340,2,4,85.8,343.2
5998,2341,31,4,177.98,711.92
5999,2342,36,1,29.06,29.06
6000,2342,48,2,96.23,192.46
6001,2343,5,3,40.2,120.60000000000001
6002,2343,52,1,22.27,22.27
6003,2343,53,2,44.98,89.96
6004,2344,34,1,34.97,34.97
6005,2344,36,1,29.88,29.88
6006,2344,31,3,195.02,585.0600000000001
6007,2344,54,2,21.75,43.5
6008,2345,44,3,77.49,232.46999999999997
6009,2345,9,4,52.95,211.8
6010,2345,36,2,29.28,58.56
6011,2346,10,2,19.35,38.7
6012,2346,12,1,63.64,63.64
6013,2346,43,4,92.43,369.72
6014,2347,3,3,26.99,80.97
6015,2347,25,4,27.54,110.16
6016,2348,52,1,21.75,21.75
6017,2348,14,2,37.39,74.78
6018,2348,19,3,18.95,56.849999999999994
6019,2348,28,4,61.44,245.76
6020,2349,8,4,131.71,526.84
6021,2349,16,4,367.99,1471.96
6022,2349,30,2,91.85,183.7
6023,2350,3,4,26.67,106.68
6024,2351,8,3,121.09,363.27
6025,2351,44,2,71.39,142.78
6026,2351,27,2,23.9,47.8
6027,2351,22,2,235.94,471.88
6028,2351,1,1,12.24,12.24
6029,2352,37,3,53.62,160.85999999999999
6030,2352,33,3,48.77,146.31
6031,2352,17,1,147.46,147.46
6032,2353,41,3,47.89,143.67000000000002
6033,2353,16,3,416.82,1250.46
6034,2354,3,3,28.52,85.56
6035,2354,23,1,103.31,103.31
6036,2354,25,3,30.26,90.78
6037,2355,29,3,33.27,99.81
6038,2355,1,1,12.87,12.87
6039,2355,16,4,405.4,1621.6
6040,2356,43,4,86.36,345.44
6041,2356,3,4,30.38,121.52
6042,2357,52,4,21.54,86.16
6043,2357,39,3,34.95,104.85000000000001
6044,2358,16,2,374.94,749.88
6045,2359,35,1,15.04,15.04
6046,2359,49,2,27.03,54.06
6047,2359,38,2,69.62,139.24
6048,2360,49,1,24.89,24.89
6049,2360,6,1,23.65,23.65
6050,2360,8,1,128.76,128.76
6051,2360,30,4,102.82,411.28
6052,2360,29,4,38.26,153.04
6053,2361,2,3,87.68,263.04
6054,2361,22,4,237.95,951.8
6055,2361,29,4,38.24,152.96
6056,2361,34,1,34.65,34.65
6057,2361,42,3,64.13,192.39
6058,2362,29,1,35.91,35.91
6059,2363,17,1,149.37,149.37
6060,2363,38,1,78.39,78.39
6061,2363,53,1,43.73,43.73
6062,2363,33,2,44.74,89.48
6063,2363,37,3,56.53,169.59
6064,2364,23,2,101.5,203.0
6065,2364,28,1,61.62,61.62
6066,2365,13,4,46.16,184.64
6067,2366,53,1,40.88,40.88
6068,2366,49,4,25.95,103.8
6069,2366,51,1,41.74,41.74
6070,2366,34,2,31.47,62.94
6071,2367,4,3,46.53,139.59
6072,2367,35,4,14.8,59.2
6073,2367,50,2,16.21,32.42
6074,2368,33,2,44.5,89.0
6075,2368,54,3,23.39,70.17
6076,2368,6,1,22.35,22.35
6077,2369,40,4,17.74,70.96
6078,2369,27,3,24.19,72.57000000000001
6079,2369,4,4,43.86,175.44
6080,2370,16,2,390.1,780.2
6081,2371,34,1,34.35,34.35
6082,2371,39,2,32.88,65.76
6083,2371,11,3,45.28,135.84
6084,2371,23,1,97.1,97.1
6085,2371,53,4,43.71,174.84
6086,2372,15,1,56.06,56.06
6087,2372,44,1,73.19,73.19
6088,2373,49,2,25.51,51.02
6089,2373,35,4,16.19,64.76
6090,2373,53,4,40.61,162.44
6091,2374,13,1,48.27,48.27
6092,2374,55,4,32.37,129.48
6093,2374,6,2,23.57,47.14
6094,2374,53,3,45.15,135.45
6095,2374,5,1,40.81,40.81
6096,2375,15,4,51.88,207.52
6097,2375,12,1,63.13,63.13
6098,2375,16,2,403.53,807.06
6099,2376,6,1,22.03,22.03
6100,2376,44,2,76.7,153.4
6101,2376,21,1,82.76,82.76
6102,2377,23,3,102.92,308.76
6103,2377,54,3,21.09,63.269999999999996
6104,2377,43,1,86.87,86.87
6105,2377,48,4,104.48,417.92
6106,2378,4,3,46.52,139.56
6107,2379,31,3,187.73,563.1899999999999
6108,2379,11,1,40.77,40.77
6109,2379,36,4,29.04,116.16
6110,2380,53,4,42.19,168.76
6111,2381,16,1,392.22,392.22
6112,2381,38,3,72.25,216.75
6113,2381,28,2,61.47,122.94
6114,2382,48,1,94.08,94.08
6115,2382,49,1,24.87,24.87
6116,2382,14,3,36.81,110.43
6117,2382,41,3,48.62,145.85999999999999
6118,2382,12,4,64.33,257.32
6119,2383,21,4,85.61,342.44
6120,2383,20,4,14.49,57.96
6121,2383,45,4,74.7,298.8
6122,2383,35,2,14.6,29.2
6123,2384,9,2,56.26,112.52
6124,2384,20,3,13.8,41.400000000000006
6125,2385,39,4,30.66,122.64
6126,2385,4,3,47.04,141.12
6127,2385,7,1,14.45,14.45
6128,2385,10,3,19.73,59.19
6129,2385,1,4,11.93,47.72
6130,2386,24,1,20.59,20.59
6131,2387,45,3,70.6,211.79999999999998
6132,2387,9,4,56.43,225.72
6133,2387,19,4,18.16,72.64
6134,2387,16,1,391.68,391.68
6135,2387,41,3,50.14,150.42000000000002
6136,2388,17,2,157.39,314.78
6137,2388,9,4,55.06,220.24
6138,2388,51,4,36.99,147.96
6139,2389,15,1,52.07,52.07
6140,2389,37,4,60.11,240.44
6141,2390,7,1,16.28,16.28
6142,2391,30,1,92.15,92.15
6143,2392,42,1,70.54,70.54
6144,2393,55,3,30.94,92.82000000000001
6145,2393,5,2,39.66,79.32
6146,2394,11,3,45.73,137.19
6147,2394,37,3,56.57,169.71
6148,2394,33,1,48.21,48.21
6149,2395,8,1,120.03,120.03
6150,2396,3,1,29.02,29.02
6151,2396,23,3,97.62,292.86
6152,2397,50,3,14.89,44.67
6153,2398,41,3,48.92,146.76
6154,2398,27,2,23.26,46.52
6155,2399,8,2,131.59,263.18
6156,2400,11,1,43.45,43.45
6157,2400,10,3,17.65,52.949999999999996
6158,2401,35,1,16.05,16.05
6159,2401,14,2,34.09,68.18
6160,2402,48,4,103.44,413.76
6161,2402,19,4,17.32,69.28
6162,2402,32,2,18.25,36.5
6163,2402,23,1,95.9,95.9
6164,2403,18,1,70.51,70.51
6165,2404,40,1,18.81,18.81
6166,2405,29,3,37.88,113.64000000000001
6167,2405,39,3,32.81,98.43
6168,2405,40,1,19.29,19.29
6169,2405,5,2,37.54,75.08
6170,2406,43,3,88.39,265.17
6171,2406,42,4,68.54,274.16
6172,2406,27,1,21.69,21.69
6173,2407,42,4,69.37,277.48
6174,2407,24,4,21.48,85.92
6175,2408,24,1,20.48,20.48
6176,2408,21,4,83.5,334.0
6177,2408,23,1,92.79,92.79
6178,2408,7,2,16.11,32.22
6179,2408,45,4,73.87,295.48
6180,2409,30,2,95.93,191.86
6181,2409,21,4,82.71,330.84
6182,2410,21,3,82.93,248.79000000000002
6183,2410,6,2,20.95,41.9
6184,2410,38,4,76.54,306.16
6185,2411,22,2,234.59,469.18
6186,2411,49,4,24.19,96.76
6187,2411,8,3,131.61,394.83000000000004
6188,2412,20,3,13.31,39.93
6189,2412,45,3,72.0,216.0
6190,2412,41,2,49.98,99.96
6191,2412,7,2,16.14,32.28
6192,2412,52,3,24.02,72.06
6193,2413,18,3,77.4,232.20000000000002
6194,2414,19,1,18.1,18.1
6195,2414,21,3,81.97,245.91
6196,2414,35,4,16.05,64.2
6197,2414,51,4,40.43,161.72
6198,2414,9,1,59.12,59.12
6199,2415,43,4,85.58,342.32
6200,2415,18,2,78.33,156.66
6201,2416,55,2,30.34,60.68
6202,2416,14,1,34.84,34.84
6203,2416,54,1,24.06,24.06
6204,2417,26,1,18.07,18.07
6205,2417,54,4,22.98,91.92
6206,2417,31,4,188.44,753.76
6207,2418,54,1,23.64,23.64
6208,2419,24,2,20.8,41.6
6209,2419,15,1,49.81,49.81
6210,2419,46,1,59.42,59.42
6211,2419,35,2,15.56,31.12
6212,2419,29,1,37.78,37.78
6213,2420,20,4,14.78,59.12
6214,2420,6,1,22.28,22.28
6215,2420,42,3,69.72,209.16
6216,2420,55,4,29.79,119.16
6217,2420,54,1,21.49,21.49
6218,2421,19,3,18.61,55.83
6219,2421,22,3,211.94,635.8199999999999
6220,2422,33,4,46.6,186.4
6221,2422,32,2,18.6,37.2
6222,2423,4,3,44.56,133.68
6223,2424,17,3,152.09,456.27
6224,2424,52,3,21.01,63.03
6225,2424,55,4,30.86,123.44
6226,2424,33,4,44.86,179.44
6227,2424,14,2,36.33,72.66
6228,2425,12,4,64.16,256.64
6229,2425,4,1,43.05,43.05
6230,2425,1,1,13.06,13.06
6231,2425,20,1,14.99,14.99
6232,2426,18,4,68.48,273.92
6233,2427,2,3,86.29,258.87
6234,2427,44,4,72.03,288.12
6235,2427,17,3,156.98,470.93999999999994
6236,2427,30,1,93.71,93.71
6237,2427,32,1,18.17,18.17
6238,2428,36,4,29.35,117.4
6239,2428,55,1,29.12,29.12
6240,2428,18,2,75.92,151.84
6241,2428,33,1,43.0,43.0
6242,2428,51,2,37.35,74.7
6243,2429,48,4,98.75,395.0
6244,2429,22,2,209.07,418.14
6245,2429,3,4,27.83,111.32
6246,2430,11,3,45.04,135.12
6247,2431,34,4,33.9,135.6
6248,2432,52,3,23.74,71.22
6249,2432,19,2,17.65,35.3
6250,2432,1,4,12.2,48.8
6251,2432,31,4,182.26,729.04
6252,2433,28,4,63.34,253.36
6253,2433,40,4,18.87,75.48
6254,2434,50,2,14.44,28.88
6255,2435,17,1,148.7,148.7
6256,2435,45,1,65.49,65.49
6257,2435,20,4,13.85,55.4
6258,2436,16,2,405.95,811.9
6259,2436,31,1,184.35,184.35
6260,2436,29,4,33.92,135.68
6261,2436,17,1,149.36,149.36
6262,2436,25,4,29.33,117.32
6263,2437,3,2,26.83,53.66
6264,2437,40,2,17.92,35.84
6265,2438,2,3,91.23,273.69
6266,2438,19,1,18.99,18.99
6267,2439,39,4,33.58,134.32
6268,2440,15,3,56.74,170.22
6269,2440,32,3,19.21,57.63
6270,2441,50,2,15.72,31.44
6271,2441,10,1,18.86,18.86
6272,2441,12,2,69.84,139.68
6273,2441,48,2,94.31,188.62
6274,2441,34,3,33.84,101.52000000000001
6275,2442,8,1,123.44,123.44
6276,2442,10,1,19.45,19.45
6277,2442,14,3,36.49,109.47
6278,2443,4,1,49.26,49.26
6279,2443,2,3,84.71,254.13
6280,2443,18,2,74.81,149.62
6281,2444,35,1,15.63,15.63
6282,2444,20,4,13.9,55.6
6283,2445,1,2,13.19,26.38
6284,2446,9,2,60.24,120.48
6285,2446,31,1,178.3,178.3
6286,2446,47,1,48.14,48.14
6287,2446,16,2,414.89,829.78
6288,2446,26,4,18.86,75.44
6289,2447,35,4,15.24,60.96
6290,2447,2,3,87.71,263.13
6291,2447,17,1,137.77,137.77
6292,2447,42,3,67.37,202.11
6293,2447,29,1,34.41,34.41
6294,2448,6,4,22.12,88.48
6295,2449,15,1,53.31,53.31
6296,2449,37,1,57.52,57.52
6297,2449,29,1,33.95,33.95
6298,2450,16,3,402.36,1207.08
6299,2450,32,2,17.41,34.82
6300,2450,28,3,64.34,193.02
6301,2451,26,1,18.42,18.42
6302,2451,33,1,43.93,43.93
6303,2451,55,2,29.21,58.42
6304,2451,15,2,56.98,113.96
6305,2452,53,2,45.15,90.3
6306,2452,52,2,24.15,48.3
6307,2452,55,4,28.53,114.12
6308,2453,33,2,44.9,89.8
6309,2453,43,2,92.51,185.02
6310,2454,45,3,72.95,218.85000000000002
6311,2454,52,3,21.77,65.31
6312,2454,22,3,217.4,652.2
6313,2455,50,1,15.3,15.3
6314,2455,18,3,75.1,225.29999999999998
6315,2455,19,2,18.44,36.88
6316,2455,45,2,70.14,140.28
6317,2456,5,4,38.9,155.6
6318,2456,53,3,45.58,136.74
6319,2456,40,1,17.99,17.99
6320,2457,46,2,54.98,109.96
6321,2457,20,4,14.32,57.28
6322,2458,1,4,12.76,51.04
6323,2459,54,3,23.42,70.26
6324,2459,6,3,21.36,64.08
6325,2459,41,4,51.57,206.28
6326,2459,13,2,48.27,96.54
6327,2460,6,1,23.67,23.67
6328,2460,38,3,78.58,235.74
6329,2460,34,2,34.07,68.14
6330,2461,8,2,127.79,255.58
6331,2461,5,1,37.92,37.92
6332,2461,3,2,30.5,61.0
6333,2462,37,1,54.45,54.45
6334,2462,51,3,40.96,122.88
6335,2463,50,2,16.18,32.36
6336,2463,29,2,35.23,70.46
6337,2463,31,3,185.18,555.54
6338,2463,4,2,43.33,86.66
6339,2463,5,1,41.23,41.23
6340,2464,39,1,31.51,31.51
6341,2464,4,4,48.98,195.92
6342,2464,20,3,14.43,43.29
6343,2465,4,2,47.26,94.52
6344,2465,21,2,91.95,183.9
6345,2465,29,2,38.15,76.3
6346,2465,30,4,102.42,409.68
6347,2466,32,4,17.5,70.0
6348,2466,45,3,69.92,209.76
6349,2466,14,1,36.87,36.87
6350,2466,47,4,44.32,177.28
6351,2467,13,2,49.0,98.0
6352,2468,51,1,37.99,37.99
6353,2468,34,2,33.26,66.52
6354,2469,48,2,101.02,202.04
6355,2469,15,3,54.84,164.52
6356,2470,18,4,76.39,305.56
6357,2470,54,3,21.63,64.89
6358,2470,11,3,42.15,126.44999999999999
6359,2470,50,3,14.77,44.31
6360,2471,38,4,73.26,293.04
6361,2471,17,2,148.57,297.14
6362,2472,1,3,11.93,35.79
6363,2472,49,4,26.43,105.72
6364,2473,15,4,56.78,227.12
6365,2474,32,1,17.47,17.47
6366,2474,41,4,48.75,195.0
6367,2474,7,4,16.44,65.76
6368,2475,34,3,32.98,98.94
6369,2476,35,1,15.92,15.92
6370,2476,46,2,59.94,119.88
6371,2476,30,1,92.86,92.86
6372,2477,40,4,18.9,75.6
6373,2478,48,4,101.28,405.12
6374,2478,35,1,16.11,16.11
6375,2478,36,3,26.66,79.98
6376,2478,45,1,72.32,72.32
6377,2478,17,4,140.68,562.72
6378,2479,1,3,12.73,38.19
6379,2480,47,1,46.85,46.85
6380,2480,41,4,52.15,208.6
6381,2480,12,2,61.97,123.94
6382,2481,34,4,30.46,121.84
6383,2481,10,2,19.35,38.7
6384,2481,15,3,56.7,170.10000000000002
6385,2482,24,3,19.1,57.300000000000004
6386,2482,4,4,45.18,180.72
6387,2482,2,3,92.33,276.99
6388,2483,51,2,37.95,75.9
6389,2484,29,1,33.62,33.62
6390,2484,47,2,43.4,86.8
6391,2484,46,4,54.42,217.68
6392,2484,9,4,53.2,212.8
6393,2484,3,4,28.29,113.16
6394,2485,47,3,48.82,146.46
6395,2485,25,1,27.16,27.16
6396,2486,55,1,31.35,31.35
6397,2486,44,1,76.84,76.84
6398,2486,23,3,92.16,276.48
6399,2486,27,3,21.05,63.150000000000006
6400,2486,54,1,21.01,21.01
6401,2487,5,4,37.85,151.4
6402,2488,37,3,52.82,158.46
6403,2488,21,1,83.99,83.99
6404,2489,38,2,74.32,148.64
6405,2489,3,2,29.4,58.8
6406,2490,3,2,29.81,59.62
6407,2490,25,2,29.19,58.38
6408,2490,31,2,197.02,394.04
6409,2491,3,2,27.51,55.02
6410,2491,24,2,20.32,40.64
6411,2491,33,3,47.37,142.10999999999999
6412,2491,15,4,56.19,224.76
6413,2491,12,2,66.01,132.02
6414,2492,29,1,36.75,36.75
6415,2493,44,3,77.1,231.29999999999998
6416,2493,5,3,40.07,120.21000000000001
6417,2493,32,2,17.85,35.7
6418,2493,19,2,18.21,36.42
6419,2494,17,1,139.97,139.97
6420,2494,35,2,16.32,32.64
6421,2494,36,1,30.49,30.49
6422,2495,48,4,98.02,392.08
6423,2496,6,2,23.05,46.1
6424,2496,51,2,38.19,76.38
6425,2496,5,2,39.29,78.58
6426,2497,52,3,23.43,70.28999999999999
6427,2497,22,2,237.63,475.26
6428,2498,21,4,86.95,347.8
6429,2498,9,3,58.01,174.03
6430,2499,23,2,104.29,208.58
6431,2499,30,2,97.48,194.96
6432,2499,33,1,43.47,43.47
6433,2500,29,3,34.96,104.88
6434,2500,43,3,90.35,271.04999999999995
6435,2501,15,1,51.9,51.9
6436,2501,50,3,16.18,48.54
6437,2501,13,2,52.05,104.1
6438,2501,40,4,18.95,75.8
6439,2502,52,3,24.05,72.15
6440,2502,46,4,53.13,212.52
6441,2502,41,3,50.63,151.89000000000001
6442,2502,18,1,71.73,71.73
6443,2502,4,1,43.62,43.62
6444,2503,6,4,23.95,95.8
6445,2503,14,3,38.33,114.99
6446,2503,49,1,23.87,23.87
6447,2504,34,2,33.89,67.78
6448,2504,3,3,30.36,91.08
6449,2505,54,1,22.4,22.4
6450,2505,2,4,91.96,367.84
6451,2505,53,2,44.05,88.1
6452,2505,46,2,57.99,115.98
6453,2506,39,1,30.58,30.58
6454,2506,15,4,56.2,224.8
6455,2507,15,2,55.67,111.34
6456,2507,41,2,45.86,91.72
6457,2507,31,4,174.09,696.36
6458,2507,3,3,29.53,88.59
6459,2507,36,3,29.66,88.98
6460,2508,5,4,39.32,157.28
6461,2508,15,2,56.4,112.8
6462,2508,29,4,36.93,147.72
6463,2508,7,2,15.78,31.56
6464,2508,34,3,31.75,95.25
6465,2509,51,1,40.96,40.96
6466,2509,7,1,15.88,15.88
6467,2509,22,1,210.43,210.43
6468,2509,33,1,43.46,43.46
6469,2509,40,3,18.45,55.349999999999994
6470,2510,38,1,77.4,77.4
6471,2511,12,1,63.23,63.23
6472,2512,53,3,44.54,133.62
6473,2512,18,1,73.59,73.59
6474,2512,51,2,40.81,81.62
6475,2512,11,2,43.03,86.06
6476,2512,49,3,24.58,73.74
6477,2513,7,2,15.95,31.9
6478,2513,54,3,21.67,65.01
6479,2514,50,4,15.9,63.6
6480,2515,39,1,31.43,31.43
6481,2515,8,3,115.42,346.26
6482,2516,10,1,18.44,18.44
6483,2516,25,4,30.12,120.48
6484,2517,2,4,88.67,354.68
6485,2517,27,4,23.02,92.08
6486,2517,48,2,93.62,187.24
6487,2517,50,2,14.46,28.92
6488,2517,4,2,44.87,89.74
6489,2518,38,3,71.43,214.29000000000002
6490,2518,49,4,24.11,96.44
6491,2518,17,2,141.08,282.16
6492,2519,6,4,22.6,90.4
6493,2520,10,1,19.33,19.33
6494,2520,15,3,55.35,166.05
6495,2521,6,1,22.53,22.53
6496,2521,27,1,24.19,24.19
6497,2522,1,4,12.73,50.92
6498,2522,21,1,90.67,90.67
6499,2522,55,2,32.39,64.78
6500,2523,46,3,59.38,178.14000000000001
6501,2524,42,4,64.88,259.52
6502,2524,25,2,29.49,58.98
6503,2524,44,4,68.59,274.36
6504,2524,20,1,14.35,14.35
6505,2524,38,1,73.67,73.67
6506,2525,49,1,24.04,24.04
6507,2525,50,3,16.13,48.39
6508,2526,41,2,50.26,100.52
6509,2526,28,4,65.36,261.44
6510,2527,49,1,26.72,26.72
6511,2528,8,3,117.12,351.36
6512,2528,55,2,32.27,64.54
6513,2529,19,3,18.02,54.06
6514,2529,10,3,19.58,58.739999999999995
6515,2529,15,2,52.63,105.26
6516,2530,52,3,21.64,64.92
6517,2530,2,1,80.93,80.93
6518,2531,25,1,28.46,28.46
6519,2531,15,2,50.96,101.92
6520,2532,38,3,74.45,223.35000000000002
6521,2533,52,3,21.57,64.71000000000001
6522,2533,12,3,65.67,197.01
6523,2533,31,3,180.79,542.37
6524,2534,27,2,23.06,46.12
6525,2534,53,2,45.71,91.42
6526,2534,9,3,52.67,158.01
6527,2535,48,1,100.64,100.64
6528,2535,32,1,18.13,18.13
6529,2535,47,2,45.6,91.2
6530,2536,19,4,19.59,78.36
6531,2536,49,4,23.8,95.2
6532,2536,52,3,23.31,69.92999999999999
6533,2536,48,1,91.94,91.94
6534,2536,50,3,14.85,44.55
6535,2537,6,1,21.42,21.42
6536,2537,5,2,41.73,83.46
6537,2537,46,4,56.71,226.84
6538,2538,52,4,22.57,90.28
6539,2538,41,2,48.99,97.98
6540,2539,21,2,84.39,168.78
6541,2539,16,4,406.18,1624.72
6542,2539,44,1,72.93,72.93
6543,2540,49,4,24.0,96.0
6544,2540,38,3,75.46,226.38
6545,2541,47,4,49.27,197.08
6546,2541,41,4,52.39,209.56
6547,2541,51,1,38.23,38.23
6548,2541,9,2,55.29,110.58
6549,2542,6,1,23.85,23.85
6550,2543,14,3,36.28,108.84
6551,2543,6,4,20.97,83.88
6552,2544,22,2,227.09,454.18
6553,2544,11,4,42.04,168.16
6554,2544,25,2,27.21,54.42
6555,2544,42,1,66.57,66.57
6556,2545,28,4,67.48,269.92
6557,2545,52,3,21.73,65.19
6558,2545,55,4,29.93,119.72
6559,2546,24,1,19.44,19.44
6560,2546,38,3,71.65,214.95000000000002
6561,2546,2,4,82.98,331.92
6562,2547,54,2,21.67,43.34
6563,2548,10,4,18.18,72.72
6564,2548,52,2,21.01,42.02
6565,2548,28,4,64.21,256.84
6566,2549,43,4,86.68,346.72
6567,2549,47,2,44.72,89.44
6568,2549,23,2,91.28,182.56
6569,2549,8,2,127.11,254.22
6570,2549,44,2,72.46,144.92
6571,2550,5,1,39.22,39.22
6572,2551,12,1,64.24,64.24
6573,2551,2,2,93.26,186.52
6574,2551,18,4,74.27,297.08
6575,2551,29,1,34.97,34.97
6576,2552,11,3,44.05,132.14999999999998
6577,2552,47,3,48.35,145.05
6578,2553,17,1,140.13,140.13
6579,2553,18,3,69.22,207.66
6580,2554,42,4,66.47,265.88
6581,2554,43,3,95.91,287.73
6582,2554,46,2,52.63,105.26
6583,2554,44,1,78.03,78.03
6584,2555,1,1,12.85,12.85
6585,2555,35,2,15.49,30.98
6586,2556,55,3,32.76,98.28
6587,2557,55,4,30.27,121.08
6588,2557,39,2,32.84,65.68
6589,2558,27,2,22.01,44.02
6590,2558,41,3,49.34,148.02
6591,2558,49,2,26.72,53.44
6592,2558,52,4,22.6,90.4
6593,2559,55,3,32.58,97.74
6594,2560,35,3,15.63,46.89
6595,2560,40,1,17.66,17.66
6596,2561,34,3,34.21,102.63
6597,2561,26,1,17.1,17.1
6598,2561,5,1,38.02,38.02
6599,2561,28,2,62.19,124.38
6600,2561,46,4,58.99,235.96
6601,2562,51,2,40.36,80.72
6602,2562,20,1,14.61,14.61
6603,2563,42,4,61.83,247.32
6604,2564,55,4,29.17,116.68
6605,2564,39,2,30.96,61.92
6606,2564,52,2,22.88,45.76
6607,2565,17,4,150.72,602.88
6608,2566,7,4,15.24,60.96
6609,2567,49,4,25.71,102.84
6610,2567,47,4,49.24,196.96
6611,2567,13,3,49.29,147.87
6612,2568,32,2,17.61,35.22
6613,2569,23,4,95.61,382.44
6614,2569,28,2,65.25,130.5
6615,2569,20,2,15.04,30.08
6616,2569,27,1,21.59,21.59
6617,2570,54,2,21.15,42.3
6618,2570,8,2,119.22,238.44
6619,2571,27,1,23.07,23.07
6620,2572,53,3,44.52,133.56
6621,2573,43,2,91.57,183.14
6622,2573,49,1,24.83,24.83
6623,2573,52,4,22.78,91.12
6624,2574,12,1,70.83,70.83
6625,2574,38,2,77.24,154.48
6626,2575,42,3,71.31,213.93
6627,2575,51,2,39.91,79.82
6628,2576,5,1,40.61,40.61
6629,2576,3,1,27.63,27.63
6630,2576,26,1,17.61,17.61
6631,2577,29,3,37.55,112.64999999999999
6632,2578,43,2,92.25,184.5
6633,2579,32,3,17.14,51.42
6634,2580,45,1,65.83,65.83
6635,2580,10,3,17.11,51.33
6636,2581,50,3,14.72,44.160000000000004
6637,2582,4,4,46.59,186.36
6638,2582,35,4,15.99,63.96
6639,2582,19,4,17.43,69.72
6640,2583,33,4,46.04,184.16
6641,2583,45,4,65.42,261.68
6642,2583,15,2,52.5,105.0
6643,2584,43,1,85.94,85.94
6644,2584,38,3,72.78,218.34
6645,2584,2,2,83.82,167.64
6646,2584,33,3,43.28,129.84
6647,2585,40,1,18.29,18.29
6648,2586,19,2,17.44,34.88
6649,2586,4,1,48.26,48.26
6650,2587,20,2,14.29,28.58
6651,2588,30,4,102.73,410.92
6652,2589,49,1,25.91,25.91
6653,2590,51,1,38.77,38.77
6654,2590,53,4,39.94,159.76
6655,2590,41,2,52.26,104.52
6656,2590,27,2,22.45,44.9
6657,2591,35,3,15.83,47.49
6658,2591,54,3,20.95,62.849999999999994
6659,2591,31,2,181.71,363.42
6660,2591,48,3,97.59,292.77
6661,2592,43,3,93.9,281.70000000000005
6662,2592,21,3,85.86,257.58
6663,2592,39,1,30.6,30.6
6664,2592,30,1,102.87,102.87
6665,2592,22,3,223.16,669.48
6666,2593,1,4,12.08,48.32
6667,2593,48,1,97.25,97.25
6668,2593,18,1,68.52,68.52
6669,2594,36,2,29.4,58.8
6670,2594,5,4,38.33,153.32
6671,2595,8,3,117.04,351.12
6672,2595,19,4,18.06,72.24
6673,2595,50,4,14.7,58.8
6674,2596,48,3,103.85,311.54999999999995
6675,2597,3,4,28.73,114.92
6676,2597,40,2,19.72,39.44
6677,2598,30,3,101.16,303.48
6678,2598,52,2,20.99,41.98
6679,2599,41,2,48.99,97.98
6680,2599,35,4,15.67,62.68
6681,2600,53,3,40.86,122.58
6682,2601,9,4,60.05,240.2
6683,2602,23,4,99.88,399.52
6684,2602,49,3,26.54,79.62
6685,2602,48,4,97.86,391.44
6686,2603,27,2,22.08,44.16
6687,2604,9,4,56.5,226.0
6688,2604,12,2,70.45,140.9
6689,2604,32,1,18.41,18.41
6690,2605,33,4,43.79,175.16
6691,2605,21,1,82.16,82.16
6692,2605,51,1,40.4,40.4
6693,2606,33,4,43.76,175.04
6694,2606,10,3,19.02,57.06
6695,2606,20,3,14.45,43.349999999999994
6696,2607,38,4,70.76,283.04
6697,2607,7,1,16.16,16.16
6698,2607,2,2,89.08,178.16
6699,2608,1,1,12.24,12.24
6700,2608,39,1,31.8,31.8
6701,2609,21,1,92.15,92.15
6702,2609,22,1,232.29,232.29
6703,2610,54,2,21.64,43.28
6704,2611,46,3,59.27,177.81
6705,2612,40,2,17.15,34.3
6706,2613,30,1,94.86,94.86
6707,2614,10,4,18.75,75.0
6708,2614,51,1,40.35,40.35
6709,2614,6,2,23.46,46.92
6710,2615,36,2,29.22,58.44
6711,2615,30,4,95.46,381.84
6712,2615,27,2,22.18,44.36
6713,2615,34,3,31.09,93.27
6714,2615,7,2,15.39,30.78
6715,2616,37,1,52.61,52.61
6716,2616,31,4,182.91,731.64
6717,2617,30,2,96.1,192.2
6718,2617,13,3,51.57,154.71
6719,2617,27,2,21.59,43.18
6720,2618,33,2,43.45,86.9
6721,2619,7,1,16.14,16.14
6722,2619,36,1,28.84,28.84
6723,2619,11,3,44.34,133.02
6724,2620,36,4,29.6,118.4
6725,2621,30,1,103.02,103.02
6726,2621,27,4,23.99,95.96
6727,2621,53,2,43.9,87.8
6728,2622,52,3,22.89,68.67
6729,2622,25,3,28.24,84.72
6730,2622,46,3,55.74,167.22
6731,2623,50,1,16.37,16.37
6732,2624,25,4,26.74,106.96
6733,2624,26,3,17.65,52.949999999999996
6734,2625,49,4,25.59,102.36
6735,2625,31,2,188.17,376.34
6736,2626,5,4,39.26,157.04
6737,2626,6,4,23.19,92.76
6738,2627,49,2,25.12,50.24
6739,2627,30,3,93.78,281.34000000000003
6740,2627,34,3,34.43,103.28999999999999
6741,2627,21,4,89.39,357.56
6742,2627,9,1,54.13,54.13
6743,2628,26,3,18.5,55.5
6744,2628,40,4,18.04,72.16
6745,2628,24,3,21.18,63.54
6746,2628,23,3,102.63,307.89
6747,2628,45,1,73.94,73.94
6748,2629,47,1,46.09,46.09
6749,2630,17,2,141.23,282.46
6750,2631,4,4,45.44,181.76
6751,2632,30,1,101.72,101.72
6752,2632,11,2,40.64,81.28
6753,2632,43,1,85.06,85.06
6754,2633,24,1,19.4,19.4
6755,2633,14,3,36.83,110.49
6756,2633,33,3,48.93,146.79
6757,2633,32,4,17.33,69.32
6758,2634,8,2,116.68,233.36
6759,2634,31,3,172.29,516.87
6760,2634,16,4,363.65,1454.6
6761,2635,48,4,91.8,367.2
6762,2635,14,1,37.37,37.37
6763,2635,4,2,46.7,93.4
6764,2635,44,3,71.91,215.73
6765,2635,31,4,196.75,787.0
6766,2636,16,3,383.56,1150.68
6767,2637,41,2,46.5,93.0
6768,2637,28,2,59.09,118.18
6769,2637,5,4,41.39,165.56
6770,2638,53,4,45.5,182.0
6771,2638,51,3,36.52,109.56
6772,2639,17,4,141.81,567.24
6773,2640,44,1,74.11,74.11
6774,2640,29,1,37.47,37.47
6775,2641,52,4,23.58,94.32
6776,2641,51,2,40.95,81.9
6777,2642,47,1,46.85,46.85
6778,2642,54,2,24.14,48.28
6779,2642,33,3,44.38,133.14000000000001
6780,2643,35,2,14.45,28.9
6781,2643,41,4,48.47,193.88
6782,2644,10,2,17.39,34.78
6783,2644,20,3,14.0,42.0
6784,2644,8,1,130.72,130.72
6785,2644,54,1,22.38,22.38
6786,2645,15,1,51.79,51.79
6787,2645,47,2,47.17,94.34
6788,2645,7,4,15.79,63.16
6789,2646,53,2,46.1,92.2
6790,2647,5,4,36.27,145.08
6791,2648,24,2,19.64,39.28
6792,2648,13,1,47.73,47.73
6793,2648,31,4,183.16,732.64
6794,2648,51,1,37.52,37.52
6795,2648,15,1,55.27,55.27
6796,2649,1,1,12.35,12.35
6797,2649,34,3,33.28,99.84
6798,2649,48,4,91.53,366.12
6799,2650,44,3,74.59,223.77
6800,2650,6,2,21.3,42.6
6801,2650,7,3,15.45,46.349999999999994
6802,2651,18,3,76.06,228.18
6803,2652,4,2,47.19,94.38
6804,2652,46,1,54.75,54.75
6805,2653,38,2,75.2,150.4
6806,2653,40,2,17.56,35.12
6807,2654,47,2,45.15,90.3
6808,2654,21,3,87.18,261.54
6809,2655,47,3,48.66,145.98
6810,2656,2,3,93.34,280.02
6811,2656,29,3,35.97,107.91
6812,2656,33,1,48.24,48.24
6813,2657,37,2,57.64,115.28
6814,2657,7,1,15.24,15.24
6815,2657,29,3,34.37,103.10999999999999
6816,2658,28,3,63.09,189.27
6817,2658,46,3,58.27,174.81
6818,2658,53,4,40.78,163.12
6819,2658,5,1,41.53,41.53
6820,2659,48,4,102.46,409.84
6821,2659,37,3,54.33,162.99
6822,2660,9,3,52.87,158.60999999999999
6823,2660,14,4,35.94,143.76
6824,2660,43,2,85.18,170.36
6825,2661,7,1,16.0,16.0
6826,2661,13,1,45.64,45.64
6827,2661,9,1,55.66,55.66
6828,2662,27,1,22.36,22.36
6829,2663,30,4,103.94,415.76
6830,2664,51,1,39.46,39.46
6831,2664,53,2,40.79,81.58
6832,2665,35,2,16.13,32.26
6833,2665,46,3,60.41,181.23
6834,2665,24,1,19.63,19.63
6835,2666,14,3,34.95,104.85000000000001
6836,2666,35,4,16.14,64.56
6837,2667,44,1,74.83,74.83
6838,2667,53,4,41.63,166.52
6839,2667,27,1,22.35,22.35
6840,2668,50,4,14.35,57.4
6841,2669,43,3,88.86,266.58
6842,2669,5,4,36.51,146.04
6843,2669,3,2,28.49,56.98
6844,2669,15,2,50.81,101.62
6845,2669,16,3,415.32,1245.96
6846,2670,48,3,103.87,311.61
6847,2670,29,4,37.54,150.16
6848,2670,9,3,59.05,177.14999999999998
6849,2670,26,1,17.37,17.37
6850,2671,24,3,21.73,65.19
6851,2671,15,3,56.3,168.89999999999998
6852,2671,25,1,28.53,28.53
6853,2672,4,3,45.43,136.29
6854,2673,34,4,32.77,131.08
6855,2673,18,1,77.62,77.62
6856,2674,9,3,56.25,168.75
6857,2674,18,4,74.79,299.16
6858,2675,47,3,45.55,136.64999999999998
6859,2675,19,3,18.37,55.11
6860,2675,30,1,96.95,96.95
6861,2675,18,2,71.02,142.04
6862,2676,17,2,157.15,314.3
6863,2676,34,3,32.92,98.76
6864,2676,2,3,87.51,262.53000000000003
6865,2677,39,1,34.82,34.82
6866,2677,19,4,17.63,70.52
6867,2677,35,3,15.28,45.839999999999996
6868,2678,3,4,28.34,113.36
6869,2679,49,4,24.27,97.08
6870,2679,31,1,178.78,178.78
6871,2679,2,2,81.17,162.34
6872,2680,9,4,52.48,209.92
6873,2680,20,1,14.31,14.31
6874,2681,49,2,25.96,51.92
6875,2681,42,2,65.16,130.32
6876,2681,1,3,12.23,36.69
6877,2681,14,2,33.73,67.46
6878,2681,4,4,45.77,183.08
6879,2682,13,4,45.81,183.24
6880,2682,49,1,24.31,24.31
6881,2682,36,3,28.08,84.24
6882,2683,36,1,30.57,30.57
6883,2683,40,3,19.21,57.63
6884,2683,26,3,17.47,52.41
6885,2683,38,4,78.22,312.88
6886,2684,27,1,22.26,22.26
6887,2684,7,1,14.47,14.47
6888,2684,26,4,17.16,68.64
6889,2684,10,1,19.41,19.41
6890,2684,1,4,11.48,45.92
6891,2685,12,1,67.51,67.51
6892,2685,11,3,44.99,134.97
6893,2685,35,1,16.12,16.12
6894,2686,33,4,48.97,195.88
6895,2686,18,3,75.65,226.95000000000002
6896,2686,16,1,396.95,396.95
6897,2687,35,4,16.34,65.36
6898,2687,24,2,21.22,42.44
6899,2687,47,2,43.67,87.34
6900,2687,53,2,43.61,87.22
6901,2688,37,3,55.32,165.96
6902,2688,7,3,16.07,48.21
6903,2688,32,1,18.78,18.78
6904,2688,1,4,12.55,50.2
6905,2689,49,4,25.12,100.48
6906,2689,22,1,212.19,212.19
6907,2690,52,2,22.23,44.46
6908,2690,34,3,34.33,102.99
6909,2690,48,3,96.87,290.61
6910,2691,41,1,52.24,52.24
6911,2691,32,3,17.92,53.760000000000005
6912,2692,22,2,214.79,429.58
6913,2693,35,3,14.76,44.28
6914,2694,11,4,40.36,161.44
6915,2694,1,4,12.0,48.0
6916,2694,26,1,18.36,18.36
6917,2695,3,1,29.82,29.82
6918,2696,38,1,70.33,70.33
6919,2696,18,1,77.93,77.93
6920,2696,55,2,28.75,57.5
6921,2696,42,3,66.07,198.20999999999998
6922,2696,47,2,43.08,86.16
6923,2697,2,1,87.99,87.99
6924,2697,13,3,46.49,139.47
6925,2697,52,3,23.16,69.48
6926,2698,39,3,30.91,92.73
6927,2698,38,4,77.67,310.68
6928,2698,31,3,173.79,521.37
6929,2698,53,1,43.06,43.06
6930,2699,39,4,32.92,131.68
6931,2699,44,2,78.42,156.84
6932,2699,52,4,22.53,90.12
6933,2699,55,1,32.38,32.38
6934,2700,1,2,11.82,23.64
6935,2700,25,4,28.81,115.24
6936,2700,32,4,19.04,76.16
6937,2700,55,4,30.38,121.52
6938,2701,50,1,16.0,16.0
6939,2702,47,1,46.27,46.27
6940,2703,19,2,18.48,36.96
6941,2703,50,2,14.38,28.76
6942,2704,23,1,94.97,94.97
6943,2704,26,2,19.24,38.48
6944,2704,12,4,65.11,260.44
6945,2705,25,2,28.11,56.22
6946,2705,19,3,17.44,52.32000000000001
6947,2706,27,3,24.18,72.53999999999999
6948,2707,52,1,21.55,21.55
6949,2707,45,2,74.58,149.16
6950,2708,8,2,116.53,233.06
6951,2709,38,2,69.58,139.16
6952,2710,12,2,69.75,139.5
6953,2710,53,4,40.1,160.4
6954,2711,42,1,64.07,64.07
6955,2712,5,3,37.79,113.37
6956,2712,31,4,189.66,758.64
6957,2712,24,3,20.52,61.56
6958,2713,43,3,83.78,251.34
6959,2714,40,2,17.39,34.78
6960,2715,4,4,46.47,185.88
6961,2715,18,2,69.21,138.42
6962,2715,36,4,28.51,114.04
6963,2716,20,4,15.19,60.76
6964,2716,5,4,37.26,149.04
6965,2716,30,2,103.39,206.78
6966,2716,52,2,21.57,43.14
6967,2717,50,2,15.48,30.96
6968,2717,44,3,76.07,228.20999999999998
6969,2717,4,3,43.87,131.60999999999999
6970,2718,33,2,44.1,88.2
6971,2718,55,2,29.55,59.1
6972,2719,28,1,62.87,62.87
6973,2719,22,2,210.35,420.7
6974,2719,44,3,71.58,214.74
6975,2720,32,1,17.39,17.39
6976,2721,18,1,70.33,70.33
6977,2722,20,3,15.07,45.21
6978,2722,3,4,29.8,119.2
6979,2722,31,2,184.8,369.6
6980,2722,5,3,36.54,109.62
6981,2722,11,2,40.71,81.42
6982,2723,26,4,19.64,78.56
6983,2723,45,4,71.25,285.0
6984,2724,11,2,41.52,83.04
6985,2725,13,4,45.77,183.08
6986,2725,25,3,29.17,87.51
6987,2726,1,3,12.36,37.08
6988,2726,44,3,73.14,219.42000000000002
6989,2726,48,4,94.2,376.8
6990,2727,27,4,22.18,88.72
6991,2727,54,4,24.07,96.28
6992,2727,32,4,19.19,76.76
6993,2728,30,1,91.48,91.48
6994,2728,5,3,39.58,118.74
6995,2729,8,4,117.05,468.2
6996,2730,54,2,22.98,45.96
6997,2730,8,3,131.63,394.89
6998,2730,28,4,61.29,245.16
6999,2731,23,2,96.33,192.66
7000,2731,1,3,11.56,34.68
7001,2731,13,3,49.45,148.35000000000002
7002,2731,46,3,56.81,170.43
7003,2732,4,2,49.45,98.9
7004,2733,21,4,81.34,325.36
7005,2733,29,2,34.59,69.18
7006,2734,5,3,38.4,115.19999999999999
7007,2734,20,1,13.44,13.44
7008,2735,3,1,30.1,30.1
7009,2735,38,3,72.64,217.92000000000002
7010,2735,54,2,21.43,42.86
7011,2736,5,1,37.77,37.77
7012,2736,4,2,47.11,94.22
7013,2736,30,2,97.42,194.84
7014,2737,8,3,130.45,391.34999999999997
7015,2737,34,4,34.97,139.88
7016,2737,36,2,30.54,61.08
7017,2738,40,2,18.45,36.9
7018,2739,4,1,46.26,46.26
7019,2739,19,2,19.4,38.8
7020,2740,53,3,45.1,135.3
7021,2740,22,1,218.02,218.02
7022,2740,21,3,84.86,254.57999999999998
7023,2741,53,1,43.65,43.65
7024,2741,38,4,70.96,283.84
7025,2742,41,4,52.11,208.44
7026,2742,24,2,21.48,42.96
7027,2742,31,3,197.12,591.36
7028,2742,4,2,47.91,95.82
7029,2742,30,1,90.91,90.91
7030,2743,50,2,16.47,32.94
7031,2743,46,2,57.22,114.44
7032,2744,23,4,95.85,383.4
7033,2745,45,1,72.07,72.07
7034,2745,10,4,18.15,72.6
7035,2745,48,2,95.21,190.42
7036,2745,15,4,55.63,222.52
7037,2746,49,4,25.9,103.6
7038,2746,6,1,21.06,21.06
7039,2747,21,1,84.03,84.03
7040,2747,13,1,51.83,51.83
7041,2748,46,2,55.88,111.76
7042,2748,51,3,38.99,116.97
7043,2749,29,1,33.74,33.74
7044,2749,32,2,19.49,38.98
7045,2750,25,3,30.39,91.17
7046,2750,33,2,48.32,96.64
7047,2750,40,2,19.42,38.84
7048,2751,30,2,91.86,183.72
7049,2752,28,3,62.57,187.71
7050,2752,26,2,17.6,35.2
7051,2752,50,1,15.91,15.91
7052,2753,7,3,14.32,42.96
7053,2753,33,2,47.49,94.98
7054,2754,33,2,47.24,94.48
7055,2755,48,1,92.44,92.44
7056,2755,27,3,21.41,64.23
7057,2755,45,3,72.94,218.82
7058,2755,55,4,29.19,116.76
7059,2756,7,4,16.41,65.64
7060,2757,11,2,41.09,82.18
7061,2757,23,4,95.99,383.96
7062,2757,28,2,66.08,132.16
7063,2757,30,3,104.12,312.36
7064,2757,7,1,15.48,15.48
7065,2758,46,2,57.51,115.02
7066,2758,4,1,45.58,45.58
7067,2758,5,1,40.13,40.13
7068,2759,32,4,18.0,72.0
7069,2759,6,4,22.22,88.88
7070,2760,54,4,21.68,86.72
7071,2760,51,4,36.19,144.76
7072,2760,18,4,71.31,285.24
7073,2760,55,4,30.86,123.44
7074,2760,7,2,16.38,32.76
7075,2761,10,4,18.02,72.08
7076,2761,13,3,52.19,156.57
7077,2761,36,2,30.61,61.22
7078,2762,2,4,84.01,336.04
7079,2762,5,1,39.97,39.97
7080,2762,31,4,182.85,731.4
7081,2762,39,3,33.36,100.08
7082,2763,41,2,47.79,95.58
7083,2763,42,3,69.29,207.87
7084,2764,37,1,56.37,56.37
7085,2765,37,4,55.19,220.76
7086,2765,42,3,63.28,189.84
7087,2766,19,3,18.82,56.46
7088,2766,2,1,83.33,83.33
7089,2766,9,3,55.64,166.92000000000002
7090,2766,37,3,60.16,180.48
7091,2766,26,1,18.86,18.86
7092,2767,35,3,14.27,42.81
7093,2767,18,4,69.61,278.44
7094,2767,49,4,26.5,106.0
7095,2767,31,3,172.13,516.39
7096,2767,36,1,29.91,29.91
7097,2768,37,3,55.58,166.74
7098,2769,12,1,69.42,69.42
7099,2769,46,2,52.31,104.62
7100,2770,54,1,21.02,21.02
7101,2770,32,4,18.99,75.96
7102,2770,51,2,36.39,72.78
7103,2771,23,4,96.74,386.96
7104,2772,8,4,125.31,501.24
7105,2772,13,1,50.87,50.87
7106,2772,32,1,17.54,17.54
7107,2772,12,4,65.14,260.56
7108,2773,1,2,12.01,24.02
7109,2773,14,1,34.95,34.95
7110,2774,20,1,14.22,14.22
7111,2775,2,2,89.26,178.52
7112,2775,53,1,43.15,43.15
7113,2775,38,2,78.15,156.3
7114,2776,8,2,122.96,245.92
7115,2776,22,2,213.63,427.26
7116,2776,9,1,55.19,55.19
7117,2776,40,1,18.61,18.61
7118,2777,21,2,87.45,174.9
7119,2777,17,2,148.07,296.14
7120,2778,41,4,50.84,203.36
7121,2778,13,4,46.47,185.88
7122,2778,43,1,95.2,95.2
7123,2779,1,4,11.46,45.84
7124,2779,11,1,41.31,41.31
7125,2780,39,2,31.23,62.46
7126,2780,25,3,27.77,83.31
7127,2781,24,2,19.05,38.1
7128,2781,41,4,51.65,206.6
7129,2781,27,4,22.0,88.0
7130,2781,23,1,92.97,92.97
7131,2781,19,2,19.59,39.18
7132,2782,7,2,16.44,32.88
7133,2782,17,3,144.91,434.73
7134,2782,19,2,17.28,34.56
7135,2782,31,4,195.2,780.8
7136,2783,32,4,18.19,72.76
7137,2784,29,3,34.57,103.71000000000001
7138,2785,47,2,47.93,95.86
7139,2785,42,1,65.19,65.19
7140,2785,7,1,15.28,15.28
7141,2785,33,1,43.78,43.78
7142,2786,31,1,189.13,189.13
7143,2786,27,2,21.66,43.32
7144,2786,49,4,24.76,99.04
7145,2786,25,3,28.58,85.74
7146,2786,18,1,72.65,72.65
7147,2787,52,2,22.7,45.4
7148,2787,35,2,15.96,31.92
7149,2788,35,4,16.32,65.28
7150,2789,23,1,96.25,96.25
7151,2789,12,4,65.64,262.56
7152,2789,35,2,15.47,30.94
7153,2790,32,1,19.15,19.15
7154,2791,9,4,55.63,222.52
7155,2791,47,2,44.96,89.92
7156,2791,29,4,36.83,147.32
7157,2791,48,4,92.98,371.92
7158,2792,8,1,123.03,123.03
7159,2792,11,2,40.17,80.34
7160,2793,2,2,91.39,182.78
7161,2793,5,3,36.2,108.60000000000001
7162,2793,20,2,14.62,29.24
7163,2794,30,3,92.48,277.44
7164,2794,47,1,47.63,47.63
7165,2795,44,2,68.53,137.06
7166,2795,51,1,36.56,36.56
7167,2795,7,4,14.36,57.44
7168,2796,19,4,17.82,71.28
7169,2796,46,1,58.85,58.85
7170,2797,29,4,36.48,145.92
7171,2797,37,4,58.24,232.96
7172,2797,12,4,71.3,285.2
7173,2798,53,1,44.63,44.63
7174,2798,41,4,52.12,208.48
7175,2798,17,4,144.78,579.12
7176,2798,47,3,48.12,144.35999999999999
7177,2799,44,4,76.21,304.84
7178,2799,16,4,415.84,1663.36
7179,2799,25,3,30.06,90.17999999999999
7180,2800,30,3,92.36,277.08
7181,2800,9,3,54.71,164.13
7182,2800,54,4,21.64,86.56
7183,2801,50,3,16.45,49.349999999999994
7184,2802,43,2,86.86,173.72
7185,2802,41,3,47.89,143.67000000000002
7186,2802,47,3,46.46,139.38
7187,2802,45,1,66.69,66.69
7188,2802,12,3,65.95,197.85000000000002
7189,2803,20,4,14.8,59.2
7190,2803,19,1,19.13,19.13
7191,2803,5,1,37.29,37.29
7192,2804,44,4,68.59,274.36
7193,2805,17,1,154.05,154.05
7194,2805,33,3,49.11,147.32999999999998
7195,2805,9,1,60.06,60.06
7196,2806,41,2,46.86,93.72
7197,2806,54,3,22.84,68.52
7198,2807,10,2,19.48,38.96
7199,2808,49,3,25.27,75.81
7200,2808,12,1,68.5,68.5
7201,2808,14,3,34.49,103.47
7202,2808,24,2,21.8,43.6
7203,2809,12,1,68.09,68.09
7204,2810,1,2,11.96,23.92
7205,2810,47,2,46.08,92.16
7206,2810,4,3,45.31,135.93
7207,2810,11,4,43.73,174.92
7208,2811,26,2,18.94,37.88
7209,2811,46,4,59.79,239.16
7210,2811,6,1,21.48,21.48
7211,2811,39,1,32.76,32.76
7212,2812,52,1,23.76,23.76
7213,2813,46,3,53.48,160.44
7214,2813,23,3,100.28,300.84000000000003
7215,2813,51,3,39.45,118.35000000000001
7216,2813,45,4,66.15,264.6
7217,2814,2,4,89.84,359.36
7218,2815,54,3,24.05,72.15
7219,2815,20,2,14.72,29.44
7220,2815,18,4,69.07,276.28
7221,2816,4,1,48.01,48.01
7222,2816,3,3,30.64,91.92
7223,2816,17,1,156.22,156.22
7224,2817,12,2,68.88,137.76
7225,2817,47,4,43.54,174.16
7226,2817,33,2,45.75,91.5
7227,2817,18,4,77.57,310.28
7228,2818,25,4,28.38,113.52
7229,2818,36,1,29.85,29.85
7230,2818,11,2,44.54,89.08
7231,2818,1,3,12.47,37.410000000000004
7232,2818,28,3,60.04,180.12
7233,2819,48,3,96.92,290.76
7234,2819,35,4,15.82,63.28
7235,2820,28,4,66.14,264.56
7236,2821,37,4,58.03,232.12
7237,2821,22,4,228.39,913.56
7238,2821,31,4,174.15,696.6
7239,2822,46,2,57.67,115.34
7240,2823,13,3,47.74,143.22
7241,2823,35,4,14.52,58.08
7242,2824,1,2,12.95,25.9
7243,2824,15,3,56.0,168.0
7244,2825,53,4,45.87,183.48
7245,2826,17,1,147.93,147.93
7246,2826,28,2,63.97,127.94
7247,2826,34,3,31.55,94.65
7248,2827,1,4,12.01,48.04
7249,2827,22,4,214.16,856.64
7250,2827,44,3,71.13,213.39
7251,2828,9,2,60.45,120.9
7252,2828,42,2,67.23,134.46
7253,2828,27,1,23.59,23.59
7254,2829,38,2,75.08,150.16
7255,2829,14,3,37.96,113.88
7256,2830,10,2,17.66,35.32
7257,2830,3,1,28.44,28.44
7258,2831,6,1,23.3,23.3
7259,2831,22,2,221.61,443.22
7260,2831,25,4,27.78,111.12
7261,2831,36,1,29.55,29.55
7262,2832,6,1,21.97,21.97
7263,2832,28,2,59.23,118.46
7264,2832,45,3,65.44,196.32
7265,2833,9,1,57.09,57.09
7266,2833,47,2,48.48,96.96
7267,2833,16,4,405.4,1621.6
7268,2834,26,1,17.6,17.6
7269,2834,41,1,50.93,50.93
7270,2834,20,4,14.29,57.16
7271,2835,33,1,44.44,44.44
7272,2836,55,2,29.88,59.76
7273,2836,43,1,95.56,95.56
7274,2837,12,3,67.77,203.31
7275,2837,38,2,77.63,155.26
7276,2837,11,1,41.38,41.38
7277,2837,39,1,34.99,34.99
7278,2838,26,1,18.8,18.8
7279,2839,16,3,409.19,1227.57
7280,2839,3,4,28.0,112.0
7281,2839,8,3,127.62,382.86
7282,2839,15,2,56.8,113.6
7283,2840,6,1,21.64,21.64
7284,2841,51,3,40.15,120.44999999999999
7285,2842,31,1,197.73,197.73
7286,2842,49,1,26.04,26.04
7287,2842,21,1,88.56,88.56
7288,2842,13,3,47.9,143.7
7289,2842,27,1,24.17,24.17
7290,2843,24,1,19.09,19.09
7291,2843,21,2,86.13,172.26
7292,2843,15,1,55.29,55.29
7293,2843,7,2,14.71,29.42
7294,2844,44,3,68.77,206.31
7295,2844,48,4,99.55,398.2
7296,2845,53,4,44.82,179.28
7297,2845,42,2,63.23,126.46
7298,2845,31,3,189.33,567.99
7299,2846,2,2,82.08,164.16
7300,2846,55,4,32.65,130.6
7301,2846,1,1,11.77,11.77
7302,2846,22,2,224.56,449.12
7303,2846,47,1,48.05,48.05
7304,2847,33,4,47.79,191.16
7305,2847,21,2,89.64,179.28
7306,2848,20,4,14.67,58.68
7307,2849,32,3,19.4,58.199999999999996
7308,2849,41,2,48.67,97.34
7309,2850,39,2,34.73,69.46
7310,2850,13,2,49.21,98.42
7311,2850,26,2,17.54,35.08
7312,2850,38,3,77.21,231.63
7313,2850,52,4,21.55,86.2
7314,2851,11,4,43.86,175.44
7315,2852,14,4,34.87,139.48
7316,2852,20,4,14.39,57.56
7317,2852,4,4,45.13,180.52
7318,2852,55,2,29.47,58.94
7319,2852,40,2,19.71,39.42
7320,2853,34,4,33.46,133.84
7321,2854,45,2,67.08,134.16
7322,2854,26,3,18.62,55.86
7323,2854,24,1,20.08,20.08
7324,2854,23,4,100.91,403.64
7325,2855,8,2,129.85,259.7
7326,2855,1,4,13.2,52.8
7327,2855,43,3,92.96,278.88
7328,2855,19,3,19.34,58.019999999999996
7329,2855,44,4,78.34,313.36
7330,2856,27,3,23.93,71.78999999999999
7331,2856,6,4,23.1,92.4
7332,2856,48,3,102.34,307.02
7333,2857,10,3,18.31,54.92999999999999
7334,2858,54,2,21.05,42.1
7335,2858,32,2,17.8,35.6
7336,2858,34,3,31.07,93.21000000000001
7337,2859,14,4,35.08,140.32
7338,2859,13,3,47.64,142.92000000000002
7339,2859,46,4,53.78,215.12
7340,2860,16,1,414.75,414.75
7341,2861,55,3,31.85,95.55000000000001
7342,2861,52,1,22.64,22.64
7343,2861,11,1,42.95,42.95
7344,2861,14,1,35.13,35.13
7345,2861,29,2,35.27,70.54
7346,2862,28,2,59.13,118.26
7347,2862,36,3,30.58,91.74
7348,2862,21,3,86.18,258.54
7349,2863,17,1,159.13,159.13
7350,2863,22,2,238.94,477.88
7351,2864,26,4,17.76,71.04
7352,2864,12,3,65.4,196.20000000000002
7353,2865,41,3,48.05,144.14999999999998
7354,2865,48,1,97.12,97.12
7355,2866,54,1,22.8,22.8
7356,2866,5,2,41.38,82.76
7357,2866,28,2,60.98,121.96
7358,2866,13,2,52.56,105.12
7359,2866,24,2,21.23,42.46
7360,2867,2,4,88.74,354.96
7361,2868,46,3,53.6,160.8
7362,2869,7,1,16.21,16.21
7363,2870,32,2,18.01,36.02
7364,2871,7,1,15.32,15.32
7365,2871,28,4,67.33,269.32
7366,2871,10,2,18.42,36.84
7367,2871,35,3,15.62,46.86
7368,2871,30,4,96.02,384.08
7369,2872,5,4,41.23,164.92
7370,2872,25,4,27.84,111.36
7371,2872,49,2,24.0,48.0
7372,2873,3,2,28.32,56.64
7373,2873,38,2,72.53,145.06
7374,2873,5,1,40.34,40.34
7375,2873,49,4,25.22,100.88
7376,2874,32,2,19.68,39.36
7377,2874,42,3,68.4,205.20000000000002
7378,2874,34,4,30.71,122.84
7379,2875,19,3,19.06,57.17999999999999
7380,2875,7,3,15.39,46.17
7381,2875,54,1,22.88,22.88
7382,2875,41,3,46.08,138.24
7383,2875,53,3,45.14,135.42000000000002
7384,2876,1,2,12.29,24.58
7385,2876,47,2,47.29,94.58
7386,2876,8,4,121.52,486.08
7387,2877,29,4,37.07,148.28
7388,2877,27,1,22.22,22.22
7389,2877,7,2,16.1,32.2
7390,2877,32,1,18.23,18.23
7391,2877,25,2,27.9,55.8
7392,2878,36,1,27.17,27.17
7393,2878,16,4,367.85,1471.4
7394,2879,31,1,180.15,180.15
7395,2879,22,4,225.0,900.0
7396,2879,23,4,97.09,388.36
7397,2880,1,2,12.0,24.0
7398,2880,48,4,93.41,373.64
7399,2880,33,2,43.17,86.34
7400,2880,32,2,17.36,34.72
7401,2880,10,1,18.51,18.51
7402,2881,1,4,13.0,52.0
7403,2881,10,2,19.15,38.3
7404,2881,18,4,76.85,307.4
7405,2881,19,1,18.42,18.42
7406,2882,55,3,30.99,92.97
7407,2882,51,1,37.36,37.36
7408,2882,50,3,14.5,43.5
7409,2882,3,2,30.56,61.12
7410,2883,1,4,12.86,51.44
7411,2884,46,2,59.22,118.44
7412,2885,25,2,27.89,55.78
7413,2886,39,1,34.58,34.58
7414,2887,51,1,38.19,38.19
7415,2887,15,1,50.66,50.66
7416,2887,30,3,97.73,293.19
7417,2888,14,3,36.95,110.85000000000001
7418,2888,10,1,17.5,17.5
7419,2888,53,1,40.0,40.0
7420,2888,7,4,15.41,61.64
7421,2888,12,4,66.82,267.28
7422,2889,44,3,75.76,227.28000000000003
7423,2889,46,2,58.43,116.86
7424,2889,21,2,81.98,163.96
7425,2889,23,1,91.23,91.23
7426,2889,11,3,44.85,134.55
7427,2890,10,3,18.35,55.050000000000004
7428,2890,7,4,16.45,65.8
7429,2890,22,1,226.13,226.13
7430,2891,50,1,14.32,14.32
7431,2891,18,4,74.6,298.4
7432,2892,38,1,73.37,73.37
7433,2893,32,2,19.27,38.54
7434,2893,16,2,384.16,768.32
7435,2893,17,3,146.63,439.89
7436,2894,22,1,209.84,209.84
7437,2894,52,4,22.56,90.24
7438,2894,30,1,103.85,103.85
7439,2895,38,3,75.05,225.14999999999998
7440,2895,26,3,17.23,51.69
7441,2896,8,4,126.49,505.96
7442,2896,17,4,156.26,625.04
7443,2896,10,2,18.39,36.78
7444,2897,9,4,60.39,241.56
7445,2897,10,1,18.24,18.24
7446,2898,4,3,44.39,133.17000000000002
7447,2898,11,1,43.66,43.66
7448,2898,30,4,97.27,389.08
7449,2898,19,4,17.36,69.44
7450,2899,21,1,86.9,86.9
7451,2899,44,3,78.95,236.85000000000002
7452,2899,50,4,15.37,61.48
7453,2899,52,4,21.09,84.36
7454,2900,44,4,75.02,300.08
7455,2901,7,2,14.39,28.78
7456,2901,36,1,28.69,28.69
7457,2902,37,3,57.72,173.16
7458,2903,19,1,19.43,19.43
7459,2903,18,4,71.89,287.56
7460,2903,43,3,94.29,282.87
7461,2903,29,3,38.14,114.42
7462,2903,50,2,16.18,32.36
7463,2904,51,1,37.34,37.34
7464,2904,34,3,32.28,96.84
7465,2904,6,3,20.91,62.730000000000004
7466,2905,12,2,65.75,131.5
7467,2905,11,1,40.12,40.12
7468,2905,8,2,128.01,256.02
7469,2906,14,2,36.77,73.54
7470,2906,50,2,15.85,31.7
7471,2907,42,4,69.5,278.0
7472,2907,8,4,119.05,476.2
7473,2908,18,3,68.65,205.95000000000002
7474,2908,6,3,21.19,63.57000000000001
7475,2909,16,1,388.91,388.91
7476,2909,17,2,152.85,305.7
7477,2910,22,3,216.41,649.23
7478,2911,26,1,17.57,17.57
7479,2911,28,2,65.76,131.52
7480,2911,9,1,56.85,56.85
7481,2911,39,1,30.62,30.62
7482,2912,25,1,28.36,28.36
7483,2912,35,1,16.04,16.04
7484,2912,32,1,19.74,19.74
7485,2912,43,4,86.3,345.2
7486,2912,2,1,89.24,89.24
7487,2913,54,2,21.11,42.22
7488,2914,44,2,74.01,148.02
7489,2915,30,3,95.92,287.76
7490,2915,7,1,15.6,15.6
7491,2916,40,2,19.09,38.18
7492,2916,11,1,42.32,42.32
7493,2916,31,2,192.35,384.7
7494,2916,18,2,75.59,151.18
7495,2917,9,2,58.54,117.08
7496,2917,2,1,81.08,81.08
7497,2918,39,2,33.54,67.08
7498,2918,12,4,67.48,269.92
7499,2918,22,3,225.34,676.02
7500,2919,18,1,73.66,73.66
7501,2919,12,1,70.54,70.54
7502,2919,17,1,150.26,150.26
7503,2919,16,3,361.53,1084.59
7504,2919,36,3,28.75,86.25
7505,2920,55,1,28.65,28.65
7506,2921,17,4,140.82,563.28
7507,2921,5,2,38.95,77.9
7508,2922,41,1,46.75,46.75
7509,2922,49,3,25.97,77.91
7510,2922,45,3,71.03,213.09
7511,2922,33,4,44.83,179.32
7512,2923,51,4,40.6,162.4
7513,2923,39,1,32.87,32.87
7514,2923,43,3,90.22,270.65999999999997
7515,2924,48,3,91.74,275.21999999999997
7516,2924,54,4,21.76,87.04
7517,2924,17,4,158.91,635.64
7518,2924,35,4,16.06,64.24
7519,2924,19,3,19.62,58.86
7520,2925,11,3,45.68,137.04
7521,2926,39,3,33.3,99.89999999999999
7522,2926,42,4,67.92,271.68
7523,2926,53,3,43.74,131.22
7524,2926,34,3,32.15,96.44999999999999
7525,2926,41,4,46.38,185.52
7526,2927,29,4,36.14,144.56
7527,2928,48,3,92.19,276.57
7528,2928,38,2,68.84,137.68
7529,2928,32,2,17.39,34.78
7530,2929,42,4,67.27,269.08
7531,2929,17,3,145.57,436.71
7532,2929,47,3,47.25,141.75
7533,2930,22,4,225.8,903.2
7534,2930,34,2,31.53,63.06
7535,2930,46,4,54.21,216.84
7536,2930,2,3,88.62,265.86
7537,2930,40,2,17.72,35.44
7538,2931,24,1,19.17,19.17
7539,2932,10,2,18.95,37.9
7540,2932,32,4,19.5,78.0
7541,2933,46,3,54.17,162.51
7542,2934,19,4,17.4,69.6
7543,2934,22,3,216.25,648.75
7544,2934,32,4,17.24,68.96
7545,2934,12,1,62.01,62.01
7546,2935,48,3,101.99,305.96999999999997
7547,2936,38,1,76.89,76.89
7548,2936,53,4,40.57,162.28
7549,2936,10,1,18.51,18.51
7550,2937,1,4,12.6,50.4
7551,2937,20,1,13.5,13.5
7552,2937,33,2,42.99,85.98
7553,2937,36,3,27.24,81.72
7554,2938,29,4,35.03,140.12
7555,2938,20,3,14.75,44.25
7556,2938,3,3,29.24,87.72
7557,2938,53,4,40.83,163.32
7558,2939,42,1,70.52,70.52
7559,2939,29,1,34.86,34.86
7560,2939,25,2,28.49,56.98
7561,2939,35,4,15.86,63.44
7562,2939,24,4,21.13,84.52
7563,2940,42,3,69.34,208.02
7564,2940,29,4,38.19,152.76
7565,2940,15,1,51.49,51.49
7566,2940,25,2,28.12,56.24
7567,2940,32,3,18.35,55.050000000000004
7568,2941,51,2,38.25,76.5
7569,2942,55,4,31.6,126.4
7570,2943,20,3,14.36,43.08
7571,2944,52,1,22.01,22.01
7572,2944,29,3,36.1,108.30000000000001
7573,2944,42,3,62.41,187.23
7574,2944,12,4,62.09,248.36
7575,2944,7,1,16.03,16.03
7576,2945,19,3,18.11,54.33
7577,2945,49,2,24.68,49.36
7578,2946,7,1,14.72,14.72
7579,2947,18,3,71.43,214.29000000000002
7580,2947,16,1,399.58,399.58
7581,2948,2,3,92.78,278.34000000000003
7582,2948,35,4,15.93,63.72
7583,2948,44,4,78.9,315.6
7584,2949,31,1,172.66,172.66
7585,2950,31,1,197.05,197.05
7586,2950,34,3,33.05,99.14999999999999
7587,2951,46,3,58.91,176.73
7588,2952,43,4,89.64,358.56
7589,2952,52,3,22.42,67.26
7590,2952,12,1,66.68,66.68
7591,2953,17,3,138.26,414.78
7592,2953,45,2,72.71,145.42
7593,2954,10,2,19.59,39.18
7594,2954,49,2,24.41,48.82
7595,2954,18,4,72.29,289.16
7596,2954,36,3,29.73,89.19
7597,2954,29,3,33.71,101.13
7598,2955,40,4,19.64,78.56
7599,2955,6,2,22.21,44.42
7600,2956,10,2,18.98,37.96
7601,2956,15,1,55.76,55.76
7602,2957,19,3,18.85,56.550000000000004
7603,2957,31,3,180.14,540.42
7604,2958,13,4,46.19,184.76
7605,2958,42,2,65.88,131.76
7606,2958,55,2,32.2,64.4
7607,2959,34,2,32.76,65.52
7608,2959,15,1,51.23,51.23
7609,2959,33,1,43.91,43.91
7610,2959,23,2,94.66,189.32
7611,2960,31,1,179.53,179.53
7612,2960,35,3,15.09,45.269999999999996
7613,2961,52,3,23.61,70.83
7614,2961,38,4,68.9,275.6
7615,2961,15,2,54.93,109.86
7616,2961,18,2,71.04,142.08
7617,2962,42,3,68.52,205.56
7618,2962,33,1,43.08,43.08
7619,2962,35,3,14.97,44.910000000000004
7620,2963,11,2,45.13,90.26
7621,2964,49,2,25.08,50.16
7622,2964,50,4,15.45,61.8
7623,2965,46,1,55.69,55.69
7624,2965,31,3,184.27,552.8100000000001
7625,2966,19,4,17.21,68.84
7626,2966,32,2,18.46,36.92
7627,2967,51,4,37.66,150.64
7628,2967,21,2,89.77,179.54
7629,2967,9,4,52.55,210.2
7630,2968,17,1,154.04,154.04
7631,2968,43,3,94.85,284.54999999999995
7632,2968,9,2,60.29,120.58
7633,2969,2,1,92.79,92.79
7634,2969,13,4,46.06,184.24
7635,2970,35,3,15.75,47.25
7636,2970,27,4,21.29,85.16
7637,2970,2,1,88.8,88.8
7638,2971,17,4,148.88,595.52
7639,2971,52,1,21.51,21.51
7640,2971,51,3,40.37,121.10999999999999
7641,2972,55,1,30.74,30.74
7642,2973,8,3,115.02,345.06
7643,2973,17,4,149.44,597.76
7644,2973,6,2,21.6,43.2
7645,2974,34,4,34.97,139.88
7646,2974,14,2,38.33,76.66
7647,2974,54,3,21.48,64.44
7648,2975,30,2,92.6,185.2
7649,2975,2,1,82.47,82.47
7650,2976,7,2,16.49,32.98
7651,2977,19,3,17.38,52.14
7652,2978,26,3,18.01,54.03
7653,2978,4,1,45.19,45.19
7654,2979,28,2,59.93,119.86
7655,2979,46,1,54.09,54.09
7656,2979,31,4,195.91,783.64
7657,2980,5,2,36.38,72.76
7658,2980,42,2,66.01,132.02
7659,2980,30,2,101.24,202.48
7660,2981,4,2,47.24,94.48
7661,2981,2,4,86.81,347.24
7662,2981,30,1,104.21,104.21
7663,2982,10,1,17.85,17.85
7664,2982,37,4,53.13,212.52
7665,2983,31,2,177.06,354.12
7666,2983,3,3,30.79,92.37
7667,2983,2,1,81.74,81.74
7668,2983,9,2,58.92,117.84
7669,2983,53,3,43.94,131.82
7670,2984,3,2,27.75,55.5
7671,2984,27,1,22.79,22.79
7672,2984,34,2,31.52,63.04
7673,2985,13,3,52.16,156.48
7674,2985,53,4,40.18,160.72
7675,2985,49,4,26.39,105.56
7676,2986,30,1,101.59,101.59
7677,2986,13,4,52.02,208.08
7678,2986,26,3,18.77,56.31
7679,2987,49,1,24.05,24.05
7680,2987,50,2,14.92,29.84
7681,2988,41,2,47.55,95.1
7682,2988,9,4,56.23,224.92
7683,2988,47,1,48.49,48.49
7684,2988,1,2,12.96,25.92
7685,2988,6,4,21.65,86.6
7686,2989,13,2,48.33,96.66
7687,2989,45,3,71.56,214.68
7688,2989,52,2,22.72,45.44
7689,2990,15,2,53.77,107.54
7690,2990,32,2,19.13,38.26
7691,2990,34,3,30.93,92.78999999999999
7692,2991,44,4,77.19,308.76
7693,2992,17,2,138.44,276.88
7694,2992,54,2,22.75,45.5
7695,2992,29,3,37.35,112.05000000000001
7696,2993,31,2,185.73,371.46
7697,2993,13,2,46.24,92.48
7698,2993,44,3,71.68,215.04000000000002
7699,2993,2,2,90.83,181.66
7700,2993,43,3,93.06,279.18
7701,2994,34,3,34.35,103.05000000000001
7702,2995,45,4,74.66,298.64
7703,2995,28,4,60.25,241.0
7704,2995,24,4,20.2,80.8
7705,2995,30,3,93.82,281.46
7706,2995,11,3,44.49,133.47
7707,2996,27,3,22.23,66.69
7708,2996,9,2,60.03,120.06
7709,2996,16,3,409.22,1227.66
7710,2997,5,1,37.77,37.77
7711,2997,22,3,235.61,706.83
7712,2997,28,1,65.21,65.21
7713,2998,23,3,101.82,305.46
7714,2998,6,2,21.31,42.62
7715,2998,17,1,142.99,142.99
7716,2999,19,2,17.17,34.34
7717,3000,1,2,11.75,23.5
7718,3000,47,3,49.23,147.69
7719,3001,53,3,45.95,137.85000000000002
7720,3001,43,3,92.75,278.25
7721,3002,22,4,218.31,873.24
7722,3003,43,3,88.76,266.28000000000003
7723,3003,42,4,68.32,273.28
7724,3003,22,4,210.67,842.68
7725,3003,55,2,29.81,59.62
7726,3003,18,1,78.03,78.03
7727,3004,43,1,87.58,87.58
7728,3004,46,2,52.31,104.62
7729,3004,14,3,36.14,108.42
7730,3005,46,2,53.37,106.74
7731,3006,5,4,39.53,158.12
7732,3006,30,1,92.18,92.18
7733,3006,24,2,19.13,38.26
7734,3006,7,1,14.85,14.85
7735,3007,4,4,48.33,193.32
7736,3007,14,1,35.45,35.45
7737,3008,15,4,54.64,218.56
7738,3009,55,1,28.96,28.96
7739,3009,34,1,34.11,34.11
7740,3010,54,4,21.41,85.64
7741,3010,27,2,21.26,42.52
7742,3010,44,2,77.81,155.62
7743,3010,19,1,17.18,17.18
7744,3011,19,4,18.66,74.64
7745,3012,3,1,29.54,29.54
7746,3013,7,4,15.62,62.48
7747,3013,13,4,50.68,202.72
7748,3014,24,2,21.8,43.6
7749,3014,18,2,73.23,146.46
7750,3014,51,1,40.0,40.0
7751,3014,26,4,18.02,72.08
7752,3014,49,1,23.95,23.95
7753,3015,15,4,51.03,204.12
7754,3015,9,4,60.1,240.4
7755,3015,55,4,30.24,120.96
7756,3015,51,3,40.97,122.91
7757,3016,28,2,65.97,131.94
7758,3016,40,3,17.62,52.86
7759,3016,45,3,73.62,220.86
7760,3016,31,3,188.56,565.6800000000001
7761,3017,44,3,71.89,215.67000000000002
7762,3017,45,2,68.85,137.7
7763,3017,29,4,38.3,153.2
7764,3018,12,3,63.31,189.93
7765,3019,52,3,22.28,66.84
7766,3019,5,2,36.72,73.44
7767,3020,24,3,21.4,64.19999999999999
7768,3021,41,1,50.13,50.13
7769,3022,53,4,46.02,184.08
7770,3022,12,4,68.35,273.4
7771,3022,28,1,60.72,60.72
7772,3022,41,3,46.96,140.88
7773,3022,36,4,26.85,107.4
7774,3023,27,4,21.36,85.44
7775,3023,55,2,31.93,63.86
7776,3023,12,2,70.9,141.8
7777,3024,42,2,65.95,131.9
7778,3024,3,4,30.77,123.08
7779,3025,52,2,23.09,46.18
7780,3025,3,1,29.16,29.16
7781,3026,28,4,63.21,252.84
7782,3026,11,1,43.54,43.54
7783,3026,33,2,44.57,89.14
7784,3026,48,2,100.15,200.3
7785,3026,39,4,32.27,129.08
7786,3027,1,1,12.13,12.13
7787,3027,9,3,58.81,176.43
7788,3027,11,4,42.61,170.44
7789,3028,49,1,26.18,26.18
7790,3028,37,1,53.08,53.08
7791,3028,41,1,52.61,52.61
7792,3028,36,2,29.15,58.3
7793,3029,43,4,85.56,342.24
7794,3029,5,3,41.69,125.07
7795,3029,22,1,221.95,221.95
7796,3030,28,2,59.04,118.08
7797,3031,25,1,30.75,30.75
7798,3031,7,4,14.52,58.08
7799,3032,53,3,43.07,129.21
7800,3033,11,3,44.01,132.03
7801,3033,50,3,15.85,47.55
7802,3033,1,4,12.79,51.16
7803,3034,55,4,32.97,131.88
7804,3035,36,2,28.87,57.74
7805,3035,42,4,64.16,256.64
7806,3036,4,1,46.42,46.42
7807,3036,42,4,64.91,259.64
7808,3036,24,4,19.89,79.56
7809,3036,40,3,19.34,58.019999999999996
7810,3037,48,4,94.36,377.44
7811,3037,28,2,68.19,136.38
7812,3038,3,3,27.66,82.98
7813,3038,34,1,31.05,31.05
7814,3039,25,3,28.78,86.34
7815,3039,3,3,27.14,81.42
7816,3039,28,3,66.89,200.67000000000002
7817,3040,5,1,37.57,37.57
7818,3041,40,1,18.06,18.06
7819,3041,18,3,69.31,207.93
7820,3041,53,4,40.41,161.64
7821,3041,9,2,57.59,115.18
7822,3041,5,2,37.9,75.8
7823,3042,35,1,15.11,15.11
7824,3042,45,2,71.75,143.5
7825,3043,11,1,40.59,40.59
7826,3043,9,4,52.58,210.32
7827,3043,36,2,30.05,60.1
7828,3044,10,1,18.0,18.0
7829,3044,47,2,43.26,86.52
7830,3044,18,4,71.29,285.16
7831,3044,5,1,40.81,40.81
7832,3045,24,4,21.63,86.52
7833,3045,8,2,129.38,258.76
7834,3046,54,2,23.51,47.02
7835,3047,38,3,72.28,216.84
7836,3047,14,2,34.21,68.42
7837,3047,44,3,78.47,235.41
7838,3048,7,1,14.57,14.57
7839,3049,32,3,18.54,55.62
7840,3050,38,4,71.12,284.48
7841,3050,51,1,37.1,37.1
7842,3050,39,3,33.77,101.31
7843,3051,48,2,100.49,200.98
7844,3051,45,3,74.54,223.62
7845,3052,29,3,34.78,104.34
7846,3052,31,3,189.56,568.6800000000001
7847,3052,3,4,26.88,107.52
7848,3052,23,1,104.08,104.08
7849,3052,41,4,50.05,200.2
7850,3053,17,1,152.15,152.15
7851,3053,7,1,15.64,15.64
7852,3053,19,4,18.22,72.88
7853,3053,34,3,31.77,95.31
7854,3053,13,3,52.32,156.96
7855,3054,25,1,30.69,30.69
7856,3055,25,1,26.98,26.98
7857,3055,44,4,70.2,280.8
7858,3056,39,1,34.83,34.83
7859,3057,54,4,24.11,96.44
7860,3057,17,4,141.38,565.52
7861,3058,11,2,42.89,85.78
7862,3058,5,3,37.69,113.07
7863,3059,26,1,18.89,18.89
7864,3059,24,3,20.84,62.519999999999996
7865,3059,32,2,19.14,38.28
7866,3060,27,4,22.63,90.52
7867,3060,3,4,27.38,109.52
7868,3061,3,2,29.02,58.04
7869,3061,52,1,21.66,21.66
7870,3061,7,2,15.96,31.92
7871,3061,49,1,24.92,24.92
7872,3061,28,4,62.05,248.2
7873,3062,38,3,76.78,230.34
7874,3062,45,1,73.56,73.56
7875,3063,20,2,14.13,28.26
7876,3063,18,3,77.68,233.04000000000002
7877,3063,41,3,45.75,137.25
7878,3064,2,2,83.42,166.84
7879,3065,9,1,57.0,57.0
7880,3065,40,2,18.79,37.58
7881,3066,13,1,52.17,52.17
7882,3066,43,2,96.36,192.72
7883,3067,46,4,59.34,237.36
7884,3067,54,2,23.39,46.78
7885,3067,12,4,70.1,280.4
7886,3068,16,4,365.6,1462.4
7887,3068,19,2,18.48,36.96
7888,3068,12,2,68.57,137.14
7889,3069,14,4,35.19,140.76
7890,3070,1,3,13.14,39.42
7891,3070,10,3,19.12,57.36
7892,3070,11,1,43.68,43.68
7893,3071,52,2,23.99,47.98
7894,3071,16,1,408.33,408.33
7895,3071,42,4,63.02,252.08
7896,3071,46,1,57.01,57.01
7897,3072,9,3,57.5,172.5
7898,3072,33,1,46.28,46.28
7899,3073,24,1,20.31,20.31
7900,3074,34,3,32.46,97.38
7901,3074,1,1,12.69,12.69
7902,3074,17,3,158.62,475.86
7903,3074,19,3,18.15,54.449999999999996
7904,3074,2,1,81.55,81.55
7905,3075,50,4,15.45,61.8
7906,3075,9,4,54.63,218.52
7907,3075,49,4,26.74,106.96
7908,3075,14,3,36.35,109.05000000000001
7909,3076,2,4,90.73,362.92
7910,3077,38,4,71.51,286.04
7911,3077,31,2,172.89,345.78
7912,3077,30,4,102.53,410.12
7913,3077,13,1,52.69,52.69
7914,3077,23,1,98.06,98.06
7915,3078,47,2,48.72,97.44
7916,3079,49,1,24.58,24.58
7917,3079,46,1,57.65,57.65
7918,3080,9,4,54.13,216.52
7919,3080,42,1,70.77,70.77
7920,3081,20,4,15.26,61.04
7921,3081,10,3,19.27,57.81
7922,3081,52,4,24.11,96.44
7923,3081,17,1,145.95,145.95
7924,3082,48,4,95.44,381.76
7925,3082,2,4,80.79,323.16
7926,3082,13,3,52.32,156.96
7927,3082,4,3,47.7,143.10000000000002
7928,3082,23,2,100.35,200.7
7929,3083,38,4,74.32,297.28
7930,3084,52,4,21.34,85.36
7931,3084,7,4,15.86,63.44
7932,3085,9,2,54.22,108.44
7933,3085,12,3,61.83,185.49
7934,3085,43,3,87.32,261.96
7935,3085,35,3,14.9,44.7
7936,3085,16,1,396.2,396.2
7937,3086,10,3,19.57,58.71
7938,3086,25,2,30.76,61.52
7939,3086,5,2,37.0,74.0
7940,3086,17,3,152.61,457.83000000000004
7941,3086,8,3,130.72,392.15999999999997
7942,3087,23,1,100.17,100.17
7943,3087,38,2,78.49,156.98
7944,3087,11,4,45.35,181.4
7945,3088,21,3,91.53,274.59000000000003
7946,3089,45,4,74.7,298.8
7947,3089,38,2,75.22,150.44
7948,3089,39,3,30.51,91.53
7949,3090,44,2,69.64,139.28
7950,3090,3,2,29.74,59.48
7951,3090,18,1,70.39,70.39
7952,3090,16,4,394.9,1579.6
7953,3091,33,2,43.02,86.04
7954,3092,5,1,37.2,37.2
7955,3092,39,3,30.86,92.58
7956,3092,18,1,68.62,68.62
7957,3092,14,2,34.18,68.36
7958,3092,19,2,17.34,34.68
7959,3093,13,4,52.28,209.12
7960,3093,37,2,55.91,111.82
7961,3094,8,4,126.48,505.92
7962,3094,3,3,29.82,89.46000000000001
7963,3094,16,4,407.44,1629.76
7964,3094,32,3,18.25,54.75
7965,3094,54,2,23.82,47.64
7966,3095,51,3,37.26,111.78
7967,3095,14,1,37.49,37.49
7968,3095,15,2,56.01,112.02
7969,3095,16,1,402.85,402.85
7970,3095,23,2,96.27,192.54
7971,3096,3,2,28.41,56.82
7972,3096,29,2,33.62,67.24
7973,3097,5,4,37.07,148.28
7974,3097,32,3,18.77,56.31
7975,3097,36,4,30.41,121.64
7976,3097,24,3,20.55,61.650000000000006
7977,3097,34,4,33.9,135.6
7978,3098,8,2,127.81,255.62
7979,3098,9,3,58.31,174.93
7980,3098,42,3,69.81,209.43
7981,3099,49,4,27.38,109.52
7982,3099,33,4,43.27,173.08
7983,3099,47,4,46.16,184.64
7984,3100,32,3,18.31,54.92999999999999
7985,3100,43,1,87.06,87.06
7986,3100,39,2,33.57,67.14
7987,3101,42,4,61.85,247.4
7988,3101,33,3,45.71,137.13
7989,3101,55,3,29.32,87.96000000000001
7990,3102,31,2,189.36,378.72
7991,3103,52,2,21.25,42.5
7992,3103,9,2,58.84,117.68
7993,3103,8,2,114.03,228.06
7994,3103,29,3,35.96,107.88
7995,3104,26,4,19.64,78.56
7996,3104,34,2,33.07,66.14
7997,3104,22,2,228.63,457.26
7998,3105,53,4,44.43,177.72
7999,3105,31,3,189.81,569.4300000000001
8000,3106,47,4,44.67,178.68
8001,3106,40,2,19.11,38.22
8002,3107,16,4,402.51,1610.04
8003,3107,40,3,18.24,54.72
8004,3107,3,2,27.59,55.18
8005,3108,3,4,28.77,115.08
8006,3108,32,1,18.96,18.96
8007,3108,48,2,95.25,190.5
8008,3109,43,1,88.67,88.67
8009,3109,36,4,28.43,113.72
8010,3110,47,4,46.36,185.44
8011,3110,27,4,23.83,95.32
8012,3110,26,2,18.11,36.22
8013,3111,24,4,21.19,84.76
8014,3111,9,1,59.01,59.01
8015,3112,22,4,238.79,955.16
8016,3113,45,1,65.63,65.63
8017,3113,29,4,38.18,152.72
8018,3114,36,3,30.29,90.87
8019,3114,18,4,75.12,300.48
8020,3114,22,3,212.55,637.6500000000001
8021,3115,53,4,40.37,161.48
8022,3115,33,1,45.53,45.53
8023,3115,12,1,66.72,66.72
8024,3116,32,2,18.09,36.18
8025,3117,24,3,20.79,62.37
8026,3118,9,1,55.28,55.28
8027,3118,14,4,33.86,135.44
8028,3118,47,3,43.01,129.03
8029,3118,1,3,12.93,38.79
8030,3118,26,2,19.34,38.68
8031,3119,36,4,30.74,122.96
8032,3119,14,3,36.49,109.47
8033,3120,35,3,14.37,43.11
8034,3121,46,3,55.32,165.96
8035,3121,4,4,49.02,196.08
8036,3122,49,4,27.37,109.48
8037,3122,8,4,127.86,511.44
8038,3123,8,1,124.9,124.9
8039,3123,15,4,50.39,201.56
8040,3123,16,3,385.74,1157.22
8041,3123,13,2,47.24,94.48
8042,3123,40,1,17.29,17.29
8043,3124,20,1,15.13,15.13
8044,3124,33,3,46.66,139.98
8045,3125,9,4,56.08,224.32
8046,3125,24,4,21.16,84.64
8047,3126,48,1,100.28,100.28
8048,3127,49,2,24.66,49.32
8049,3127,47,1,43.73,43.73
8050,3128,23,3,104.34,313.02
8051,3128,26,3,19.53,58.59
8052,3128,55,1,32.91,32.91
8053,3128,36,2,30.08,60.16
8054,3128,8,1,131.17,131.17
8055,3129,12,2,65.97,131.94
8056,3129,29,4,34.54,138.16
8057,3129,52,2,24.15,48.3
8058,3129,9,4,59.0,236.0
8059,3129,22,3,215.08,645.24
8060,3130,23,3,101.28,303.84000000000003
8061,3130,28,3,59.85,179.55
8062,3130,22,1,216.57,216.57
8063,3131,10,4,19.09,76.36
8064,3131,21,3,84.65,253.95000000000002
8065,3132,53,2,43.9,87.8
8066,3133,34,1,34.57,34.57
8067,3133,50,3,15.23,45.69
8068,3134,26,3,17.51,52.53
8069,3134,9,1,57.52,57.52
8070,3134,47,1,46.53,46.53
8071,3135,15,1,57.08,57.08
8072,3136,51,3,37.73,113.19
8073,3136,11,4,44.81,179.24
8074,3136,27,2,22.52,45.04
8075,3136,50,3,14.52,43.56
8076,3136,47,4,45.64,182.56
8077,3137,51,4,37.78,151.12
8078,3137,22,1,233.61,233.61
8079,3137,49,1,25.45,25.45
8080,3138,28,4,62.58,250.32
8081,3139,28,3,61.47,184.41
8082,3140,7,1,15.12,15.12
8083,3140,1,1,12.13,12.13
8084,3140,38,3,70.04,210.12
8085,3141,44,1,77.59,77.59
8086,3141,45,1,70.73,70.73
8087,3141,9,2,54.39,108.78
8088,3142,11,2,45.66,91.32
8089,3142,29,2,34.55,69.1
8090,3142,2,3,91.79,275.37
8091,3142,33,3,45.35,136.05
8092,3143,36,3,28.74,86.22
8093,3143,12,4,65.92,263.68
8094,3143,23,1,102.23,102.23
8095,3144,3,1,27.36,27.36
8096,3144,2,2,81.51,163.02
8097,3144,55,1,31.88,31.88
8098,3145,8,3,117.96,353.88
8099,3145,15,4,51.4,205.6
8100,3146,33,4,49.36,197.44
8101,3146,18,4,78.91,315.64
8102,3147,45,3,71.77,215.31
8103,3148,20,1,13.71,13.71
8104,3148,26,4,18.85,75.4
8105,3148,8,3,122.59,367.77
8106,3149,19,2,19.65,39.3
8107,3150,28,1,66.53,66.53
8108,3151,10,1,17.18,17.18
8109,3151,17,2,156.53,313.06
8110,3151,40,1,18.76,18.76
8111,3152,33,4,45.82,183.28
8112,3152,18,1,71.18,71.18
8113,3153,5,2,39.15,78.3
8114,3153,24,4,19.95,79.8
8115,3153,43,3,90.34,271.02
8116,3153,1,4,12.06,48.24
8117,3153,54,3,23.58,70.74
8118,3154,17,3,147.52,442.56000000000006
8119,3154,48,3,94.85,284.54999999999995
8120,3154,38,3,72.75,218.25
8121,3155,33,1,45.5,45.5
8122,3156,10,3,19.53,58.59
8123,3156,54,4,21.1,84.4
8124,3157,14,4,33.39,133.56
8125,3158,43,2,94.64,189.28
8126,3158,18,3,70.58,211.74
8127,3159,55,2,28.63,57.26
8128,3160,38,1,77.6,77.6
8129,3160,13,2,50.22,100.44
8130,3160,16,2,370.34,740.68
8131,3160,5,2,39.74,79.48
8132,3161,41,4,48.4,193.6
8133,3161,53,3,43.63,130.89000000000001
8134,3162,22,2,241.74,483.48
8135,3162,49,3,25.32,75.96000000000001
8136,3162,28,1,66.55,66.55
8137,3163,8,1,118.77,118.77
8138,3163,26,4,19.49,77.96
8139,3163,41,2,51.12,102.24
8140,3164,35,1,14.38,14.38
8141,3164,5,3,38.1,114.30000000000001
8142,3164,49,1,24.83,24.83
8143,3164,11,3,42.31,126.93
8144,3164,38,3,75.19,225.57
8145,3165,11,2,40.2,80.4
8146,3165,1,3,11.52,34.56
8147,3166,27,1,22.94,22.94
8148,3166,42,1,63.61,63.61
8149,3167,9,1,53.83,53.83
8150,3168,21,1,89.14,89.14
8151,3168,40,3,19.27,57.81
8152,3169,18,1,78.8,78.8
8153,3169,5,4,40.56,162.24
8154,3169,30,3,102.77,308.31
8155,3169,37,4,59.51,238.04
8156,3170,2,2,82.03,164.06
8157,3170,49,3,26.79,80.37
8158,3170,52,4,21.94,87.76
8159,3171,12,4,64.8,259.2
8160,3171,41,2,46.8,93.6
8161,3172,34,2,31.91,63.82
8162,3172,32,4,19.22,76.88
8163,3173,27,4,21.56,86.24
8164,3173,17,2,138.9,277.8
8165,3174,3,3,27.45,82.35
8166,3174,47,4,44.0,176.0
8167,3174,2,1,85.62,85.62
8168,3174,21,3,90.54,271.62
8169,3174,25,2,27.51,55.02
8170,3175,9,2,53.68,107.36
8171,3175,28,4,66.92,267.68
8172,3175,18,1,78.53,78.53
8173,3175,27,1,22.88,22.88
8174,3176,14,1,34.25,34.25
8175,3177,25,1,29.16,29.16
8176,3177,45,4,73.48,293.92
8177,3178,54,3,20.93,62.79
8178,3178,29,2,37.64,75.28
8179,3178,13,1,50.25,50.25
8180,3178,9,2,57.64,115.28
8181,3178,12,3,66.82,200.45999999999998
8182,3179,15,3,51.73,155.19
8183,3179,39,3,34.04,102.12
8184,3179,21,2,90.59,181.18
8185,3180,5,2,39.76,79.52
8186,3180,36,4,30.64,122.56
8187,3180,27,1,23.4,23.4
8188,3181,2,2,90.48,180.96
8189,3181,35,4,16.36,65.44
8190,3181,52,3,23.19,69.57000000000001
8191,3181,45,1,68.7,68.7
8192,3182,21,4,81.22,324.88
8193,3183,29,4,37.78,151.12
8194,3183,28,1,60.01,60.01
8195,3183,12,3,69.34,208.02
8196,3183,48,4,92.85,371.4
8197,3183,24,3,20.47,61.41
8198,3184,38,3,75.77,227.31
8199,3185,11,1,43.62,43.62
8200,3185,35,1,15.52,15.52
8201,3186,23,2,102.37,204.74
8202,3186,7,2,14.26,28.52
8203,3186,14,4,36.87,147.48
8204,3187,26,3,18.51,55.53
8205,3187,32,3,19.13,57.39
8206,3187,36,1,27.13,27.13
8207,3188,32,4,18.54,74.16
8208,3189,35,3,15.21,45.63
8209,3189,36,3,30.45,91.35
8210,3190,10,4,17.63,70.52
8211,3190,25,2,30.69,61.38
8212,3191,32,3,18.1,54.300000000000004
8213,3192,40,2,18.63,37.26
8214,3192,3,3,30.14,90.42
8215,3193,29,2,36.98,73.96
8216,3193,41,3,51.74,155.22
8217,3194,48,1,95.51,95.51
8218,3194,45,2,74.22,148.44
8219,3194,10,4,18.13,72.52
8220,3194,40,4,19.63,78.52
8221,3194,39,2,33.52,67.04
8222,3195,55,3,30.18,90.53999999999999
8223,3195,51,2,37.14,74.28
8224,3195,33,2,49.3,98.6
8225,3196,54,3,22.55,67.65
8226,3197,32,4,19.54,78.16
8227,3197,55,3,32.32,96.96000000000001
8228,3197,53,3,45.74,137.22
8229,3198,24,3,19.03,57.09
8230,3199,32,3,19.62,58.86
8231,3199,34,4,34.82,139.28
8232,3199,36,1,29.36,29.36
8233,3199,2,2,90.31,180.62
8234,3200,55,3,29.43,88.28999999999999
8235,3200,5,2,39.38,78.76
8236,3200,30,1,101.33,101.33
8237,3200,35,4,14.53,58.12
8238,3201,25,3,27.31,81.92999999999999
8239,3202,41,3,47.34,142.02
8240,3202,46,4,55.7,222.8
8241,3203,4,2,45.18,90.36
8242,3203,11,4,40.04,160.16
8243,3203,44,3,71.31,213.93
8244,3203,15,4,56.64,226.56
8245,3203,8,1,119.02,119.02
8246,3204,45,1,71.87,71.87
8247,3205,51,4,36.52,146.08
8248,3206,42,1,66.38,66.38
8249,3206,27,4,23.09,92.36
8250,3207,47,1,46.21,46.21
8251,3208,21,2,84.04,168.08
8252,3208,13,4,50.72,202.88
8253,3209,18,3,78.9,236.70000000000002
8254,3210,3,1,28.76,28.76
8255,3210,24,1,20.1,20.1
8256,3210,1,1,12.69,12.69
8257,3210,44,4,79.12,316.48
8258,3211,45,3,70.53,211.59
8259,3211,9,2,58.04,116.08
8260,3212,29,2,33.44,66.88
8261,3212,33,2,43.99,87.98
8262,3213,47,1,44.62,44.62
8263,3213,32,2,17.62,35.24
8264,3214,3,3,27.83,83.49
8265,3214,33,2,44.88,89.76
8266,3214,47,2,47.51,95.02
8267,3214,32,1,19.01,19.01
8268,3214,21,1,93.45,93.45
8269,3215,35,1,14.74,14.74
8270,3215,3,3,30.48,91.44
8271,3215,11,3,42.54,127.62
8272,3215,12,4,62.41,249.64
8273,3216,25,1,30.72,30.72
8274,3216,29,2,36.51,73.02
8275,3217,35,4,16.28,65.12
8276,3217,49,3,27.29,81.87
8277,3217,25,4,30.65,122.6
8278,3218,22,2,233.73,467.46
8279,3218,17,4,140.49,561.96
8280,3218,37,1,53.67,53.67
8281,3218,8,2,123.24,246.48
8282,3218,50,2,15.79,31.58
8283,3219,7,4,15.22,60.88
8284,3220,48,2,96.42,192.84
8285,3220,30,1,98.14,98.14
8286,3220,26,2,17.21,34.42
8287,3221,9,2,53.56,107.12
8288,3222,18,4,75.41,301.64
8289,3222,30,1,93.21,93.21
8290,3223,12,4,62.27,249.08
8291,3223,44,1,75.13,75.13
8292,3224,24,2,19.27,38.54
8293,3225,50,2,14.26,28.52
8294,3226,13,1,52.1,52.1
8295,3226,55,4,32.84,131.36
8296,3227,47,1,48.66,48.66
8297,3227,26,4,18.55,74.2
8298,3227,42,2,62.47,124.94
8299,3228,48,3,103.13,309.39
8300,3228,8,4,123.91,495.64
8301,3229,7,1,14.78,14.78
8302,3230,37,2,57.41,114.82
8303,3230,18,4,76.2,304.8
8304,3230,55,1,28.7,28.7
8305,3230,2,2,80.91,161.82
8306,3230,54,4,22.53,90.12
8307,3231,20,2,13.32,26.64
8308,3231,53,3,41.9,125.69999999999999
8309,3231,31,1,171.64,171.64
8310,3231,26,3,17.86,53.58
8311,3231,34,4,32.21,128.84
8312,3232,28,1,61.97,61.97
8313,3232,38,4,75.46,301.84
8314,3232,15,2,56.57,113.14
8315,3232,37,3,53.26,159.78
8316,3232,26,3,18.93,56.79
8317,3233,36,3,27.35,82.05000000000001
8318,3234,47,1,43.15,43.15
8319,3235,24,3,21.21,63.63
8320,3235,46,1,55.42,55.42
8321,3236,45,2,68.33,136.66
8322,3237,55,2,31.96,63.92
8323,3237,23,1,97.19,97.19
8324,3237,4,4,48.2,192.8
8325,3238,52,3,23.09,69.27
8326,3238,29,3,37.26,111.78
8327,3238,2,1,84.89,84.89
8328,3239,32,4,18.51,74.04
8329,3239,50,4,15.66,62.64
8330,3240,30,1,92.47,92.47
8331,3241,46,4,55.46,221.84
8332,3241,38,1,74.28,74.28
8333,3242,42,2,62.25,124.5
8334,3242,43,1,90.18,90.18
8335,3242,19,1,19.46,19.46
8336,3242,1,4,12.38,49.52
8337,3242,20,4,14.52,58.08
8338,3243,16,1,386.48,386.48
8339,3243,8,2,125.01,250.02
8340,3244,2,4,92.18,368.72
8341,3245,15,3,52.06,156.18
8342,3246,14,2,37.0,74.0
8343,3246,47,1,45.73,45.73
8344,3247,22,1,234.15,234.15
8345,3248,5,1,38.12,38.12
8346,3248,43,2,95.94,191.88
8347,3248,16,2,376.24,752.48
8348,3249,7,4,15.13,60.52
8349,3249,26,1,18.51,18.51
8350,3249,8,1,123.71,123.71
8351,3250,8,3,131.46,394.38
8352,3250,30,1,101.83,101.83
8353,3251,18,1,74.52,74.52
8354,3251,49,3,24.08,72.24
8355,3252,32,2,18.85,37.7
8356,3252,2,4,88.37,353.48
8357,3253,3,1,26.75,26.75
8358,3253,6,4,22.02,88.08
8359,3253,17,4,140.82,563.28
8360,3253,14,1,37.97,37.97
8361,3253,21,3,83.81,251.43
8362,3254,53,3,41.86,125.58
8363,3254,35,1,15.6,15.6
8364,3254,25,3,26.63,79.89
8365,3255,35,3,15.79,47.37
8366,3256,50,3,15.8,47.400000000000006
8367,3256,40,3,19.17,57.510000000000005
8368,3256,52,3,23.38,70.14
8369,3257,13,4,49.37,197.48
8370,3257,28,2,60.51,121.02
8371,3257,31,3,191.07,573.21
8372,3258,7,2,16.23,32.46
8373,3258,5,3,40.19,120.57
8374,3258,54,2,21.33,42.66
8375,3259,55,4,30.13,120.52
8376,3259,1,2,12.0,24.0
8377,3259,20,4,13.71,54.84
8378,3259,8,2,120.89,241.78
8379,3259,54,2,23.53,47.06
8380,3260,9,3,60.26,180.78
8381,3260,13,4,50.49,201.96
8382,3261,50,3,14.89,44.67
8383,3261,1,4,12.29,49.16
8384,3262,29,3,37.05,111.14999999999999
8385,3262,41,4,47.01,188.04
8386,3263,25,2,27.18,54.36
8387,3263,24,1,19.83,19.83
8388,3264,9,3,54.38,163.14000000000001
8389,3264,14,1,35.81,35.81
8390,3264,12,3,71.04,213.12
8391,3265,45,3,71.49,214.46999999999997
8392,3265,16,1,372.85,372.85
8393,3266,29,3,34.81,104.43
8394,3267,44,3,78.11,234.32999999999998
8395,3267,1,4,13.16,52.64
8396,3268,34,1,34.22,34.22
8397,3268,3,2,27.19,54.38
8398,3268,28,3,59.87,179.60999999999999
8399,3268,18,3,73.72,221.16
8400,3268,30,2,102.9,205.8
8401,3269,54,3,23.73,71.19
8402,3270,8,4,125.43,501.72
8403,3270,6,1,23.6,23.6
8404,3270,48,1,101.9,101.9
8405,3270,4,2,42.93,85.86
8406,3271,55,2,30.24,60.48
8407,3271,48,3,90.6,271.79999999999995
8408,3271,31,3,174.51,523.53
8409,3272,44,2,72.37,144.74
8410,3273,10,1,18.88,18.88
8411,3273,47,4,44.81,179.24
8412,3273,37,2,54.65,109.3
8413,3273,26,3,18.71,56.13
8414,3274,40,4,19.18,76.72
8415,3274,33,4,43.15,172.6
8416,3274,34,3,30.85,92.55000000000001
8417,3275,3,3,28.15,84.44999999999999
8418,3276,13,3,50.8,152.39999999999998
8419,3277,6,1,22.76,22.76
8420,3277,28,3,64.43,193.29000000000002
8421,3277,42,3,70.35,211.04999999999998
8422,3278,17,2,152.64,305.28
8423,3278,37,1,53.35,53.35
8424,3279,28,4,63.24,252.96
8425,3279,1,3,12.13,36.39
8426,3279,22,4,238.14,952.56
8427,3280,14,3,36.27,108.81
8428,3280,33,1,45.06,45.06
8429,3280,3,2,29.17,58.34
8430,3281,46,2,53.77,107.54
8431,3281,2,3,88.01,264.03000000000003
8432,3282,35,2,14.29,28.58
8433,3282,53,2,43.34,86.68
8434,3282,21,4,80.75,323.0
8435,3283,36,1,30.48,30.48
8436,3283,12,2,63.42,126.84
8437,3284,46,2,56.32,112.64
8438,3284,16,2,413.04,826.08
8439,3284,25,2,26.75,53.5
8440,3284,9,3,54.95,164.85000000000002
8441,3285,23,1,99.3,99.3
8442,3286,11,4,45.98,183.92
8443,3286,34,2,34.62,69.24
8444,3287,21,4,85.23,340.92
8445,3287,5,1,41.57,41.57
8446,3287,40,1,18.31,18.31
8447,3287,38,3,77.61,232.82999999999998
8448,3288,44,3,73.8,221.39999999999998
8449,3288,54,1,23.13,23.13
8450,3288,10,2,18.15,36.3
8451,3288,13,4,50.41,201.64
8452,3288,34,1,33.01,33.01
8453,3289,28,4,68.0,272.0
8454,3289,13,4,47.8,191.2
8455,3289,23,4,98.41,393.64
8456,3290,53,4,40.73,162.92
8457,3290,20,1,14.18,14.18
8458,3291,1,2,11.87,23.74
8459,3291,27,1,21.85,21.85
8460,3291,18,3,70.42,211.26
8461,3292,31,4,175.75,703.0
8462,3292,51,4,37.77,151.08
8463,3293,40,2,17.36,34.72
8464,3293,1,2,13.2,26.4
8465,3294,10,3,19.57,58.71
8466,3294,32,2,17.49,34.98
8467,3294,37,2,52.57,105.14
8468,3295,54,2,22.48,44.96
8469,3295,36,2,28.69,57.38
8470,3296,28,4,59.3,237.2
8471,3297,22,2,234.46,468.92
8472,3298,4,3,46.28,138.84
8473,3299,21,2,83.88,167.76
8474,3299,39,3,31.7,95.1
8475,3300,3,3,29.95,89.85
8476,3300,42,4,71.27,285.08
8477,3300,26,2,19.77,39.54
8478,3300,5,1,41.6,41.6
8479,3300,48,4,102.8,411.2
8480,3301,48,4,96.48,385.92
8481,3301,12,3,66.56,199.68
8482,3301,9,1,57.17,57.17
8483,3301,29,3,33.57,100.71000000000001
8484,3302,40,1,19.36,19.36
8485,3302,29,3,38.23,114.69
8486,3302,37,1,57.02,57.02
8487,3302,49,1,26.71,26.71
8488,3302,55,4,31.34,125.36
8489,3303,47,2,47.36,94.72
8490,3303,22,2,234.49,468.98
8491,3303,2,3,88.84,266.52
8492,3303,40,2,17.73,35.46
8493,3303,46,3,58.88,176.64000000000001
8494,3304,37,4,53.99,215.96
8495,3304,9,3,57.52,172.56
8496,3304,27,2,21.77,43.54
8497,3305,26,2,18.53,37.06
8498,3305,45,1,72.94,72.94
8499,3306,34,3,34.26,102.78
8500,3307,16,4,381.45,1525.8
8501,3307,14,1,38.15,38.15
8502,3307,17,1,139.79,139.79
8503,3308,14,2,37.96,75.92
8504,3308,51,3,37.32,111.96000000000001
8505,3308,28,3,62.46,187.38
8506,3309,26,2,17.68,35.36
8507,3309,42,3,63.65,190.95
8508,3310,17,2,138.38,276.76
8509,3310,48,3,98.24,294.71999999999997
8510,3311,46,4,56.21,224.84
8511,3312,2,2,80.79,161.58
8512,3312,42,2,69.97,139.94
8513,3313,24,4,19.32,77.28
8514,3314,17,2,143.66,287.32
8515,3315,33,2,45.96,91.92
8516,3315,53,2,43.44,86.88
8517,3315,47,3,48.47,145.41
8518,3315,50,2,15.93,31.86
8519,3316,24,1,21.72,21.72
8520,3316,49,4,26.54,106.16
8521,3316,42,1,65.5,65.5
8522,3316,40,2,17.4,34.8
8523,3316,47,2,46.02,92.04
8524,3317,50,3,14.54,43.62
8525,3318,4,1,47.28,47.28
8526,3318,30,1,96.76,96.76
8527,3319,53,4,45.1,180.4
8528,3319,16,1,363.21,363.21
8529,3319,48,4,100.09,400.36
8530,3320,18,3,72.32,216.95999999999998
8531,3321,21,2,91.5,183.0
8532,3321,32,2,17.57,35.14
8533,3321,34,4,32.71,130.84
8534,3321,53,2,46.03,92.06
8535,3321,29,1,37.64,37.64
8536,3322,35,1,14.67,14.67
8537,3322,5,2,40.95,81.9
8538,3322,42,4,65.21,260.84
8539,3322,11,4,45.57,182.28
8540,3323,18,2,79.01,158.02
8541,3323,10,1,18.52,18.52
8542,3323,17,3,158.48,475.43999999999994
8543,3323,39,3,34.61,103.83
8544,3324,22,1,237.77,237.77
8545,3324,34,4,34.67,138.68
8546,3324,53,4,41.08,164.32
8547,3324,12,2,67.9,135.8
8548,3325,48,1,104.32,104.32
8549,3325,26,2,17.91,35.82
8550,3325,43,4,88.52,354.08
8551,3326,37,2,54.9,109.8
8552,3327,50,3,16.38,49.14
8553,3328,47,4,44.37,177.48
8554,3329,49,3,24.03,72.09
8555,3330,43,1,92.89,92.89
8556,3330,40,2,18.2,36.4
8557,3330,53,3,41.57,124.71000000000001
8558,3331,42,1,64.1,64.1
8559,3331,10,4,17.68,70.72
8560,3331,25,4,27.02,108.08
8561,3332,49,3,27.18,81.53999999999999
8562,3332,9,3,59.87,179.60999999999999
8563,3333,7,1,16.14,16.14
8564,3333,48,2,101.54,203.08
8565,3334,1,2,13.01,26.02
8566,3334,46,2,60.07,120.14
8567,3335,9,3,57.96,173.88
8568,3336,50,4,16.37,65.48
8569,3336,32,1,17.85,17.85
8570,3336,2,2,88.93,177.86
8571,3336,24,4,21.73,86.92
8572,3337,20,1,14.02,14.02
8573,3337,33,2,46.58,93.16
8574,3338,34,2,30.6,61.2
8575,3338,30,4,95.53,382.12
8576,3338,18,1,72.66,72.66
8577,3339,43,2,96.02,192.04
8578,3339,19,4,17.45,69.8
8579,3339,16,4,390.9,1563.6
8580,3340,14,2,33.92,67.84
8581,3340,31,1,189.58,189.58
8582,3340,15,1,55.61,55.61
8583,3341,45,1,72.72,72.72
8584,3341,37,1,57.71,57.71
8585,3341,46,1,57.84,57.84
8586,3341,27,3,21.8,65.4
8587,3342,48,1,95.47,95.47
8588,3342,24,4,21.41,85.64
8589,3342,18,1,73.67,73.67
8590,3342,26,1,18.0,18.0
8591,3343,8,4,126.52,506.08
8592,3343,25,3,27.54,82.62
8593,3343,41,2,45.62,91.24
8594,3343,36,2,28.66,57.32
8595,3343,35,3,15.36,46.08
8596,3344,2,2,93.26,186.52
8597,3344,46,1,56.18,56.18
8598,3344,33,2,42.87,85.74
8599,3344,34,4,32.13,128.52
8600,3344,50,2,15.66,31.32
8601,3345,36,4,27.06,108.24
8602,3345,55,4,32.02,128.08
8603,3345,30,2,96.79,193.58
8604,3345,31,4,184.09,736.36
8605,3346,25,4,30.15,120.6
8606,3346,21,3,81.58,244.74
8607,3347,32,1,19.25,19.25
8608,3347,39,4,32.4,129.6
8609,3348,31,4,194.85,779.4
8610,3349,23,1,101.94,101.94
8611,3349,52,2,22.69,45.38
8612,3349,30,1,92.26,92.26
8613,3350,40,1,18.1,18.1
8614,3350,17,2,149.88,299.76
8615,3350,19,1,19.33,19.33
8616,3351,41,1,49.66,49.66
8617,3352,41,4,50.95,203.8
8618,3352,21,4,91.17,364.68
8619,3352,32,3,18.47,55.41
8620,3353,36,3,29.65,88.94999999999999
8621,3353,22,2,209.36,418.72
8622,3354,10,3,19.7,59.099999999999994
8623,3355,44,3,78.28,234.84
8624,3355,11,2,41.59,83.18
8625,3355,20,1,13.66,13.66
8626,3356,18,4,76.83,307.32
8627,3356,33,1,42.97,42.97
8628,3356,41,1,49.12,49.12
8629,3357,15,4,55.69,222.76
8630,3357,39,4,32.09,128.36
8631,3357,34,1,31.55,31.55
8632,3358,34,2,34.72,69.44
8633,3358,55,3,30.36,91.08
8634,3358,17,3,140.64,421.91999999999996
8635,3358,39,4,34.08,136.32
8636,3359,45,1,67.99,67.99
8637,3359,25,1,29.82,29.82
8638,3359,10,1,17.36,17.36
8639,3359,44,1,73.34,73.34
8640,3359,41,3,52.32,156.96
8641,3360,40,4,18.69,74.76
8642,3360,14,1,33.73,33.73
8643,3360,8,2,131.14,262.28
8644,3361,51,2,40.97,81.94
8645,3361,21,3,86.38,259.14
8646,3362,50,3,15.72,47.160000000000004
8647,3362,51,2,38.09,76.18
8648,3363,10,4,17.35,69.4
8649,3364,37,3,54.02,162.06
8650,3364,4,1,49.43,49.43
8651,3364,43,1,92.54,92.54
8652,3364,29,2,37.5,75.0
8653,3364,23,2,99.32,198.64
8654,3365,22,4,216.88,867.52
8655,3366,35,2,15.67,31.34
8656,3366,37,3,56.85,170.55
8657,3366,36,1,27.78,27.78
8658,3367,21,2,83.77,167.54
8659,3367,20,2,14.32,28.64
8660,3367,27,4,21.85,87.4
8661,3367,55,3,31.51,94.53
8662,3367,36,2,28.43,56.86
8663,3368,11,3,42.74,128.22
8664,3369,6,1,21.09,21.09
8665,3369,17,3,158.22,474.65999999999997
8666,3369,2,4,88.57,354.28
8667,3369,45,2,65.31,130.62
8668,3370,4,3,43.87,131.60999999999999
8669,3371,5,4,39.77,159.08
8670,3371,37,2,53.49,106.98
8671,3371,51,3,41.66,124.97999999999999
8672,3372,52,2,22.48,44.96
8673,3372,32,3,19.3,57.900000000000006
8674,3372,13,4,47.97,191.88
8675,3373,35,4,14.31,57.24
8676,3373,11,4,43.36,173.44
8677,3374,26,4,18.36,73.44
8678,3374,7,2,16.46,32.92
8679,3374,5,1,39.0,39.0
8680,3375,55,4,29.03,116.12
8681,3375,7,3,14.59,43.769999999999996
8682,3375,54,1,21.31,21.31
8683,3376,29,2,38.17,76.34
8684,3376,39,4,33.26,133.04
8685,3377,36,1,27.46,27.46
8686,3378,50,4,15.23,60.92
8687,3378,55,4,32.72,130.88
8688,3378,48,3,94.57,283.71
8689,3378,21,1,82.33,82.33
8690,3378,6,2,23.83,47.66
8691,3379,5,2,40.78,81.56
8692,3380,15,4,54.62,218.48
8693,3380,1,2,11.72,23.44
8694,3380,3,3,28.51,85.53
8695,3380,27,3,22.91,68.73
8696,3381,52,3,23.71,71.13
8697,3381,21,3,91.4,274.20000000000005
8698,3382,25,4,28.95,115.8
8699,3382,1,1,11.67,11.67
8700,3382,55,1,29.04,29.04
8701,3382,29,1,35.3,35.3
8702,3383,1,2,11.9,23.8
8703,3384,9,4,60.09,240.36
8704,3384,16,2,376.7,753.4
8705,3385,29,1,37.31,37.31
8706,3386,38,1,72.86,72.86
8707,3386,11,2,42.63,85.26
8708,3386,39,1,30.63,30.63
8709,3386,32,3,18.35,55.050000000000004
8710,3386,7,3,15.6,46.8
8711,3387,54,1,21.22,21.22
8712,3387,47,4,45.05,180.2
8713,3387,9,1,56.29,56.29
8714,3387,1,1,12.71,12.71
8715,3387,35,3,14.66,43.980000000000004
8716,3388,53,2,42.31,84.62
8717,3388,44,1,68.52,68.52
8718,3389,27,1,22.0,22.0
8719,3389,29,3,36.59,109.77000000000001
8720,3390,4,4,45.48,181.92
8721,3390,37,4,57.23,228.92
8722,3390,50,4,14.84,59.36
8723,3390,16,3,361.88,1085.6399999999999
8724,3391,9,3,52.69,158.07
8725,3391,48,1,95.66,95.66
8726,3392,7,1,15.05,15.05
8727,3393,11,4,45.11,180.44
8728,3393,50,1,15.2,15.2
8729,3393,28,2,60.09,120.18
8730,3393,15,4,55.17,220.68
8731,3394,22,4,222.73,890.92
8732,3394,35,3,15.1,45.3
8733,3394,4,3,47.31,141.93
8734,3395,21,3,91.19,273.57
8735,3396,37,4,57.93,231.72
8736,3396,52,3,22.25,66.75
8737,3396,32,3,17.89,53.67
8738,3397,19,3,18.96,56.88
8739,3397,23,4,100.47,401.88
8740,3398,20,3,15.27,45.81
8741,3398,51,1,36.36,36.36
8742,3399,55,3,32.74,98.22
8743,3399,10,4,19.29,77.16
8744,3399,48,4,103.44,413.76
8745,3399,8,4,115.64,462.56
8746,3400,40,1,18.82,18.82
8747,3400,24,4,19.09,76.36
8748,3400,11,1,40.58,40.58
8749,3400,6,1,24.03,24.03
8750,3400,31,3,188.63,565.89
8751,3401,22,3,221.37,664.11
8752,3401,43,3,83.87,251.61
8753,3401,53,1,44.95,44.95
8754,3402,8,1,123.62,123.62
8755,3402,35,4,14.34,57.36
8756,3402,24,4,20.98,83.92
8757,3403,37,1,53.47,53.47
8758,3403,43,2,92.34,184.68
8759,3403,5,2,37.68,75.36
8760,3404,40,1,19.62,19.62
8761,3404,50,3,15.59,46.769999999999996
8762,3405,5,3,37.49,112.47
8763,3405,27,4,21.65,86.6
8764,3406,16,3,363.31,1089.93
8765,3406,33,4,48.69,194.76
8766,3406,11,3,45.34,136.02
8767,3406,4,4,45.3,181.2
8768,3407,30,3,94.12,282.36
8769,3407,40,1,18.28,18.28
8770,3407,1,2,11.53,23.06
8771,3408,47,3,49.1,147.3
8772,3408,25,1,27.81,27.81
8773,3408,51,3,39.56,118.68
8774,3408,50,4,15.46,61.84
8775,3408,34,3,33.59,100.77000000000001
8776,3409,35,2,15.36,30.72
8777,3410,14,3,33.37,100.10999999999999
8778,3410,39,3,32.53,97.59
8779,3410,27,4,21.72,86.88
8780,3410,18,3,70.3,210.89999999999998
8781,3410,46,3,58.89,176.67000000000002
8782,3411,29,3,38.02,114.06
8783,3411,6,1,23.21,23.21
8784,3412,6,4,21.97,87.88
8785,3412,3,4,27.79,111.16
8786,3412,55,1,29.06,29.06
8787,3413,50,1,15.81,15.81
8788,3413,25,4,27.2,108.8
8789,3413,47,1,44.23,44.23
8790,3414,6,2,21.31,42.62
8791,3414,36,4,28.04,112.16
8792,3415,39,3,35.04,105.12
8793,3416,48,2,91.61,183.22
8794,3416,47,2,44.24,88.48
8795,3416,54,3,23.1,69.30000000000001
8796,3417,6,1,21.28,21.28
8797,3418,14,2,35.6,71.2
8798,3418,53,1,40.77,40.77
8799,3418,21,1,85.07,85.07
8800,3418,18,4,78.91,315.64
8801,3418,28,3,60.75,182.25
8802,3419,55,4,30.14,120.56
8803,3419,29,2,33.42,66.84
8804,3419,25,3,30.06,90.17999999999999
8805,3419,19,1,19.13,19.13
8806,3420,13,1,50.26,50.26
8807,3420,34,2,32.21,64.42
8808,3420,43,3,89.41,268.23
8809,3421,5,1,39.04,39.04
8810,3421,34,4,34.7,138.8
8811,3422,4,4,47.01,188.04
8812,3422,40,1,19.23,19.23
8813,3422,6,1,21.33,21.33
8814,3422,5,4,36.32,145.28
8815,3423,10,2,17.82,35.64
8816,3423,4,1,47.4,47.4
8817,3423,43,3,89.3,267.9
8818,3424,8,2,114.61,229.22
8819,3424,22,2,225.63,451.26
8820,3424,13,2,50.39,100.78
8821,3424,36,3,30.21,90.63
8822,3425,4,3,47.61,142.82999999999998
8823,3425,10,1,19.29,19.29
8824,3425,25,4,29.35,117.4
8825,3426,40,1,18.87,18.87
8826,3426,54,1,21.91,21.91
8827,3426,9,4,54.91,219.64
8828,3427,32,1,18.64,18.64
8829,3427,42,3,64.55,193.64999999999998
8830,3428,5,4,41.63,166.52
8831,3429,39,2,31.01,62.02
8832,3429,22,2,239.49,478.98
8833,3429,41,3,47.04,141.12
8834,3430,20,3,13.38,40.14
8835,3430,6,2,22.7,45.4
8836,3430,55,4,31.08,124.32
8837,3430,48,3,98.93,296.79
8838,3430,50,3,15.96,47.88
8839,3431,3,3,30.63,91.89
8840,3431,36,3,27.76,83.28
8841,3431,8,4,128.13,512.52
8842,3431,37,2,60.43,120.86
8843,3431,20,3,15.3,45.900000000000006
8844,3432,1,1,12.82,12.82
8845,3432,11,3,43.01,129.03
8846,3433,19,3,18.58,55.739999999999995
8847,3434,15,1,51.58,51.58
8848,3434,42,1,63.09,63.09
8849,3434,16,1,379.66,379.66
8850,3434,52,3,21.67,65.01
8851,3434,21,1,88.63,88.63
8852,3435,4,2,45.13,90.26
8853,3435,43,2,83.68,167.36
8854,3436,27,3,21.75,65.25
8855,3436,36,1,28.09,28.09
8856,3437,31,3,197.43,592.29
8857,3438,51,2,39.25,78.5
8858,3438,41,4,46.3,185.2
8859,3438,14,3,35.8,107.39999999999999
8860,3439,43,4,94.34,377.36
8861,3440,35,3,14.71,44.13
8862,3440,51,4,41.73,166.92
8863,3440,17,1,146.5,146.5
8864,3441,53,3,43.66,130.98
8865,3441,34,4,30.6,122.4
8866,3441,48,3,95.56,286.68
8867,3442,47,3,48.14,144.42000000000002
8868,3443,24,1,21.67,21.67
8869,3443,28,1,65.51,65.51
8870,3443,5,3,39.07,117.21000000000001
8871,3444,16,3,398.17,1194.51
8872,3445,26,4,19.2,76.8
8873,3445,53,2,44.03,88.06
8874,3445,45,3,70.77,212.31
8875,3446,38,3,73.3,219.89999999999998
8876,3446,47,2,46.86,93.72
8877,3446,54,2,22.16,44.32
8878,3446,25,2,30.59,61.18
8879,3447,14,1,37.31,37.31
8880,3447,47,3,48.7,146.10000000000002
8881,3448,31,2,195.17,390.34
8882,3448,10,3,19.37,58.11
8883,3448,54,3,21.97,65.91
8884,3448,41,3,46.48,139.44
8885,3449,9,3,56.17,168.51
8886,3449,41,3,50.35,151.05
8887,3449,29,3,35.84,107.52000000000001
8888,3449,2,2,84.58,169.16
8889,3450,7,4,15.96,63.84
8890,3450,45,3,65.58,196.74
8891,3451,28,1,66.78,66.78
8892,3451,24,3,21.23,63.69
8893,3452,23,2,94.34,188.68
8894,3452,3,2,28.87,57.74
8895,3452,51,4,37.45,149.8
8896,3453,6,4,23.67,94.68
8897,3454,11,4,40.47,161.88
8898,3455,21,4,91.77,367.08
8899,3455,36,4,26.96,107.84
8900,3455,35,3,16.24,48.72
8901,3455,41,2,46.78,93.56
8902,3456,17,4,139.44,557.76
8903,3457,42,4,65.72,262.88
8904,3457,44,2,74.87,149.74
8905,3458,35,1,15.57,15.57
8906,3458,50,4,15.68,62.72
8907,3458,53,4,41.83,167.32
8908,3458,45,3,73.5,220.5
8909,3459,29,4,34.09,136.36
8910,3460,12,4,64.74,258.96
8911,3460,9,4,57.36,229.44
8912,3460,48,1,100.24,100.24
8913,3461,44,3,72.06,216.18
8914,3461,5,3,37.95,113.85000000000001
8915,3462,3,2,27.96,55.92
8916,3462,18,1,71.23,71.23
8917,3462,51,3,38.99,116.97
8918,3463,37,3,57.08,171.24
8919,3463,6,4,21.74,86.96
8920,3463,10,1,17.77,17.77
8921,3463,20,1,15.01,15.01
8922,3463,22,4,211.03,844.12
8923,3464,23,4,101.02,404.08
8924,3464,39,4,30.79,123.16
8925,3464,51,3,36.56,109.68
8926,3464,11,3,45.99,137.97
8927,3465,20,2,14.47,28.94
8928,3465,13,1,46.52,46.52
8929,3465,7,1,16.12,16.12
8930,3466,51,3,41.59,124.77000000000001
8931,3466,28,3,62.96,188.88
8932,3467,49,2,25.64,51.28
8933,3467,22,1,213.8,213.8
8934,3467,42,1,64.3,64.3
8935,3468,39,1,34.72,34.72
8936,3468,35,4,14.85,59.4
8937,3468,20,1,14.73,14.73
8938,3468,29,4,34.09,136.36
8939,3468,22,4,209.49,837.96
8940,3469,30,4,93.44,373.76
8941,3469,19,4,19.6,78.4
8942,3469,47,1,43.5,43.5
8943,3470,33,4,44.08,176.32
8944,3471,36,4,28.18,112.72
8945,3471,43,4,85.44,341.76
8946,3471,49,1,26.02,26.02
8947,3471,21,2,84.27,168.54
8948,3471,40,3,19.4,58.199999999999996
8949,3472,24,2,21.2,42.4
8950,3472,7,1,14.62,14.62
8951,3472,30,2,91.17,182.34
8952,3473,31,3,196.19,588.5699999999999
8953,3473,49,2,26.19,52.38
8954,3473,52,2,24.07,48.14
8955,3474,22,1,234.14,234.14
8956,3474,19,2,17.88,35.76
8957,3474,25,1,29.3,29.3
8958,3475,50,4,16.33,65.32
8959,3475,11,1,44.73,44.73
8960,3476,34,3,32.67,98.01
8961,3476,39,4,32.81,131.24
8962,3476,1,1,11.58,11.58
8963,3476,27,3,21.76,65.28
8964,3477,13,1,49.1,49.1
8965,3477,22,1,210.13,210.13
8966,3477,50,2,14.85,29.7
8967,3477,48,1,99.95,99.95
8968,3478,25,1,30.11,30.11
8969,3478,19,1,18.96,18.96
8970,3478,27,1,21.17,21.17
8971,3478,18,4,75.88,303.52
8972,3479,27,2,21.45,42.9
8973,3480,37,4,55.72,222.88
8974,3481,54,4,22.8,91.2
8975,3481,26,2,17.53,35.06
8976,3481,11,3,40.41,121.22999999999999
8977,3482,35,2,14.25,28.5
8978,3482,51,4,40.09,160.36
8979,3482,31,1,172.77,172.77
8980,3482,4,4,43.45,173.8
8981,3483,48,4,92.57,370.28
8982,3483,39,1,33.28,33.28
8983,3483,37,1,59.16,59.16
8984,3483,28,4,64.83,259.32
8985,3484,38,2,78.84,157.68
8986,3484,13,3,46.25,138.75
8987,3484,21,4,90.09,360.36
8988,3484,51,3,38.18,114.53999999999999
8989,3484,46,4,57.17,228.68
8990,3485,8,4,119.85,479.4
8991,3486,22,4,215.17,860.68
8992,3487,8,4,121.65,486.6
8993,3487,26,4,19.33,77.32
8994,3487,32,2,18.74,37.48
8995,3488,43,1,88.8,88.8
8996,3488,11,3,42.9,128.7
8997,3489,48,1,102.26,102.26
8998,3489,37,2,54.65,109.3
8999,3489,27,3,21.93,65.78999999999999
9000,3490,45,4,67.31,269.24
9001,3490,7,1,14.79,14.79
9002,3490,10,3,19.36,58.08
9003,3490,22,2,213.51,427.02
9004,3491,26,1,17.72,17.72
9005,3491,46,4,58.61,234.44
9006,3491,27,4,21.65,86.6
9007,3492,49,3,25.42,76.26
9008,3492,41,2,50.88,101.76
9009,3492,17,1,150.49,150.49
9010,3492,32,1,19.77,19.77
9011,3492,9,2,58.56,117.12
9012,3493,11,4,43.18,172.72
9013,3494,53,2,40.63,81.26
9014,3494,55,1,29.33,29.33
9015,3495,47,2,46.17,92.34
9016,3495,54,4,22.6,90.4
9017,3495,50,2,15.7,31.4
9018,3496,16,1,404.18,404.18
9019,3496,49,3,27.15,81.44999999999999
9020,3496,10,2,19.67,39.34
9021,3496,1,3,12.48,37.44
9022,3496,36,1,28.0,28.0
9023,3497,51,4,41.59,166.36
9024,3497,23,3,91.7,275.1
9025,3498,16,2,399.08,798.16
9026,3498,46,2,55.81,111.62
9027,3498,11,1,44.81,44.81
9028,3498,39,2,34.94,69.88
9029,3498,8,3,130.69,392.07
9030,3499,18,1,69.62,69.62
9031,3499,19,1,18.43,18.43
9032,3500,16,4,401.46,1605.84
9033,3500,33,2,47.14,94.28
9034,3500,31,3,196.35,589.05
9035,3501,45,3,70.66,211.98
9036,3501,2,2,80.95,161.9
9037,3501,9,2,52.87,105.74
9038,3501,47,1,44.66,44.66
9039,3501,31,2,182.97,365.94
9040,3502,43,1,86.84,86.84
9041,3502,53,4,44.02,176.08
9042,3503,5,2,41.01,82.02
9043,3503,40,3,18.83,56.489999999999995
9044,3503,54,3,22.18,66.53999999999999
9045,3504,1,1,11.94,11.94
9046,3504,17,1,155.87,155.87
9047,3504,33,3,48.38,145.14000000000001
9048,3505,20,3,15.18,45.54
9049,3505,41,2,50.32,100.64
9050,3505,17,2,140.4,280.8
9051,3506,16,1,400.22,400.22
9052,3506,43,1,84.96,84.96
9053,3506,42,1,65.68,65.68
9054,3507,5,2,37.71,75.42
9055,3508,45,4,71.06,284.24
9056,3508,50,4,14.71,58.84
9057,3509,55,1,30.05,30.05
9058,3509,45,1,72.68,72.68
9059,3510,27,2,21.06,42.12
9060,3511,55,1,32.48,32.48
9061,3511,43,3,90.83,272.49
9062,3511,24,4,20.75,83.0
9063,3512,33,2,46.49,92.98
9064,3512,48,1,101.86,101.86
9065,3512,50,2,16.03,32.06
9066,3513,8,2,124.06,248.12
9067,3513,48,4,95.06,380.24
9068,3513,39,3,31.6,94.80000000000001
9069,3514,17,4,139.9,559.6
9070,3514,54,2,22.75,45.5
9071,3514,15,3,54.46,163.38
9072,3514,44,1,72.8,72.8
9073,3515,28,2,63.65,127.3
9074,3516,17,4,143.31,573.24
9075,3517,28,1,61.49,61.49
9076,3517,14,4,37.55,150.2
9077,3517,38,2,75.04,150.08
9078,3518,11,3,43.51,130.53
9079,3518,2,3,83.2,249.60000000000002
9080,3518,27,2,23.93,47.86
9081,3518,37,2,53.02,106.04
9082,3518,49,4,26.04,104.16
9083,3519,21,3,93.38,280.14
9084,3519,11,4,46.04,184.16
9085,3519,18,1,75.76,75.76
9086,3520,51,4,40.37,161.48
9087,3520,11,4,42.74,170.96
9088,3520,43,3,85.35,256.04999999999995
9089,3521,45,4,68.6,274.4
9090,3522,19,3,18.29,54.87
9091,3523,2,2,93.06,186.12
9092,3523,8,3,117.49,352.46999999999997
9093,3524,43,1,89.41,89.41
9094,3524,17,3,152.82,458.46
9095,3524,48,3,92.3,276.9
9096,3524,22,2,223.6,447.2
9097,3525,7,1,15.46,15.46
9098,3526,39,3,35.01,105.03
9099,3527,22,2,226.91,453.82
9100,3527,9,3,53.3,159.89999999999998
9101,3527,44,1,77.13,77.13
9102,3528,14,1,34.34,34.34
9103,3528,10,3,18.4,55.199999999999996
9104,3528,1,4,11.43,45.72
9105,3528,40,3,18.81,56.42999999999999
9106,3529,49,1,23.95,23.95
9107,3530,43,2,86.11,172.22
9108,3530,41,2,48.48,96.96
9109,3531,4,1,43.89,43.89
9110,3532,45,2,73.39,146.78
9111,3532,40,1,18.62,18.62
9112,3533,17,1,149.92,149.92
9113,3533,34,3,31.24,93.72
9114,3534,55,3,29.62,88.86
9115,3534,11,2,42.78,85.56
9116,3534,54,3,22.31,66.92999999999999
9117,3535,38,2,72.77,145.54
9118,3536,2,1,88.99,88.99
9119,3536,32,2,19.19,38.38
9120,3536,25,3,28.41,85.23
9121,3537,49,2,24.83,49.66
9122,3537,44,2,76.91,153.82
9123,3537,16,3,412.06,1236.18
9124,3537,24,4,21.29,85.16
9125,3538,39,3,32.85,98.55000000000001
9126,3538,48,1,94.36,94.36
9127,3539,43,1,93.75,93.75
9128,3540,47,1,47.68,47.68
9129,3540,13,2,51.92,103.84
9130,3540,46,3,54.59,163.77
9131,3541,43,3,94.43,283.29
9132,3541,51,3,38.76,116.28
9133,3541,45,4,68.24,272.96
9134,3542,6,3,20.98,62.94
9135,3543,25,2,30.08,60.16
9136,3543,46,2,59.18,118.36
9137,3544,36,1,27.43,27.43
9138,3544,1,1,11.52,11.52
9139,3544,11,3,46.03,138.09
9140,3545,41,4,49.77,199.08
9141,3545,35,1,16.31,16.31
9142,3546,29,2,33.63,67.26
9143,3546,45,3,68.2,204.60000000000002
9144,3546,50,1,16.45,16.45
9145,3546,24,4,21.97,87.88
9146,3547,49,2,24.8,49.6
9147,3547,33,1,47.49,47.49
9148,3548,54,2,21.73,43.46
9149,3548,5,4,38.41,153.64
9150,3548,34,1,33.44,33.44
9151,3549,23,1,95.47,95.47
9152,3550,24,4,19.35,77.4
9153,3550,19,1,17.16,17.16
9154,3551,18,2,75.82,151.64
9155,3552,52,3,22.18,66.53999999999999
9156,3553,20,4,13.45,53.8
9157,3553,29,3,36.4,109.19999999999999
9158,3554,45,4,73.73,294.92
9159,3554,8,3,125.5,376.5
9160,3555,40,2,18.03,36.06
9161,3555,38,3,71.51,214.53000000000003
9162,3556,19,1,18.02,18.02
9163,3556,1,4,12.82,51.28
9164,3556,6,3,22.86,68.58
9165,3557,47,3,46.88,140.64000000000001
9166,3557,15,4,49.53,198.12
9167,3557,18,2,76.09,152.18
9168,3558,45,4,72.88,291.52
9169,3559,48,3,94.89,284.67
9170,3560,1,4,12.83,51.32
9171,3560,15,4,54.45,217.8
9172,3561,1,2,11.57,23.14
9173,3561,37,4,56.08,224.32
9174,3561,32,1,17.61,17.61
9175,3562,51,2,37.72,75.44
9176,3562,22,1,228.64,228.64
9177,3562,36,4,28.86,115.44
9178,3563,39,4,32.22,128.88
9179,3563,47,3,42.91,128.73
9180,3564,47,4,48.33,193.32
9181,3565,50,3,15.77,47.31
9182,3565,47,4,47.32,189.28
9183,3566,27,1,23.52,23.52
9184,3566,7,3,14.52,43.56
9185,3566,18,4,75.26,301.04
9186,3567,33,4,47.92,191.68
9187,3567,27,2,21.57,43.14
9188,3567,48,3,100.01,300.03000000000003
9189,3567,10,4,17.13,68.52
9190,3568,35,3,15.09,45.269999999999996
9191,3569,16,3,403.54,1210.6200000000001
9192,3570,25,3,28.58,85.74
9193,3570,30,4,95.17,380.68
9194,3571,9,2,54.96,109.92
9195,3571,29,1,36.68,36.68
9196,3571,37,2,53.96,107.92
9197,3571,53,1,44.88,44.88
9198,3571,31,1,193.29,193.29
9199,3572,54,4,21.89,87.56
9200,3572,26,3,19.23,57.69
9201,3572,2,4,80.83,323.32
9202,3573,23,1,101.34,101.34
9203,3573,41,2,45.69,91.38
9204,3573,49,1,27.17,27.17
9205,3573,10,2,18.83,37.66
9206,3573,47,1,47.27,47.27
9207,3574,36,4,29.33,117.32
9208,3574,8,1,128.38,128.38
9209,3574,31,4,190.11,760.44
9210,3575,19,3,17.16,51.480000000000004
9211,3576,2,4,90.96,363.84
9212,3577,30,4,102.31,409.24
9213,3578,44,1,74.29,74.29
9214,3578,8,1,123.8,123.8
9215,3579,47,4,46.1,184.4
9216,3579,42,3,64.61,193.82999999999998
9217,3580,24,3,20.53,61.59
9218,3580,5,1,37.63,37.63
9219,3580,33,1,45.55,45.55
9220,3580,45,3,67.09,201.27
9221,3581,40,2,17.6,35.2
9222,3582,28,3,60.53,181.59
9223,3582,50,4,15.91,63.64
9224,3582,19,2,18.02,36.04
9225,3582,25,2,28.51,57.02
9226,3583,50,4,15.91,63.64
9227,3583,6,2,21.99,43.98
9228,3584,9,1,59.68,59.68
9229,3584,37,3,53.35,160.05
9230,3584,42,2,66.25,132.5
9231,3585,6,1,24.11,24.11
9232,3586,42,1,63.22,63.22
9233,3586,52,2,21.07,42.14
9234,3587,4,1,45.34,45.34
9235,3587,25,1,29.35,29.35
9236,3587,17,3,147.53,442.59000000000003
9237,3588,41,1,51.02,51.02
9238,3588,12,3,64.61,193.82999999999998
9239,3588,17,2,138.97,277.94
9240,3589,14,1,37.03,37.03
9241,3589,28,2,61.29,122.58
9242,3589,41,1,52.33,52.33
9243,3589,10,2,19.33,38.66
9244,3589,5,4,39.51,158.04
9245,3590,21,1,87.67,87.67
9246,3591,21,3,86.5,259.5
9247,3591,39,3,34.06,102.18
9248,3592,7,4,14.69,58.76
9249,3592,29,3,36.99,110.97
9250,3592,12,1,66.7,66.7
9251,3593,54,2,22.46,44.92
9252,3593,35,1,15.78,15.78
9253,3593,45,2,73.3,146.6
9254,3594,27,3,23.71,71.13
9255,3595,9,3,57.13,171.39000000000001
9256,3595,2,1,87.84,87.84
9257,3595,21,1,84.61,84.61
9258,3595,19,2,19.68,39.36
9259,3595,15,1,55.96,55.96
9260,3596,30,3,102.77,308.31
9261,3596,15,3,52.48,157.44
9262,3596,29,3,34.11,102.33
9263,3597,12,3,64.57,193.70999999999998
9264,3597,7,4,15.91,63.64
9265,3598,38,4,72.23,288.92
9266,3599,53,2,44.38,88.76
9267,3599,47,2,43.51,87.02
9268,3600,42,2,63.13,126.26
9269,3600,25,2,30.51,61.02
9270,3600,13,1,51.45,51.45
9271,3600,50,1,15.23,15.23
9272,3600,20,4,13.66,54.64
9273,3601,14,4,34.28,137.12
9274,3601,31,4,189.18,756.72
9275,3602,55,1,30.91,30.91
9276,3602,22,3,224.36,673.08
9277,3602,27,2,22.11,44.22
9278,3603,11,4,44.1,176.4
9279,3603,47,2,44.83,89.66
9280,3604,13,1,50.25,50.25
9281,3604,14,2,33.74,67.48
9282,3605,5,3,36.8,110.39999999999999
9283,3605,46,1,53.78,53.78
9284,3606,26,1,19.28,19.28
9285,3606,55,2,29.42,58.84
9286,3607,7,3,15.43,46.29
9287,3607,18,4,69.0,276.0
9288,3608,9,2,55.13,110.26
9289,3608,13,4,47.96,191.84
9290,3608,36,4,30.24,120.96
9291,3608,47,1,48.73,48.73
9292,3609,29,3,34.06,102.18
9293,3609,17,1,143.94,143.94
9294,3610,43,3,85.15,255.45000000000002
9295,3610,49,2,27.29,54.58
9296,3610,3,1,28.73,28.73
9297,3610,17,4,138.81,555.24
9298,3610,29,2,37.62,75.24
9299,3611,50,4,15.47,61.88
9300,3611,52,1,23.5,23.5
9301,3612,51,1,40.53,40.53
9302,3612,39,3,32.82,98.46000000000001
9303,3613,33,3,42.87,128.60999999999999
9304,3614,7,3,15.9,47.7
9305,3614,11,4,44.64,178.56
9306,3614,25,1,26.64,26.64
9307,3614,12,4,68.81,275.24
9308,3615,15,1,54.61,54.61
9309,3615,20,2,14.2,28.4
9310,3616,45,1,70.6,70.6
9311,3616,4,4,43.87,175.48
9312,3616,55,3,28.87,86.61
9313,3616,37,2,56.36,112.72
9314,3617,7,4,16.23,64.92
9315,3617,3,2,26.92,53.84
9316,3617,19,4,19.73,78.92
9317,3618,23,4,96.85,387.4
9318,3619,9,3,53.5,160.5
9319,3619,2,3,86.99,260.96999999999997
9320,3620,9,3,57.8,173.39999999999998
9321,3620,32,2,18.67,37.34
9322,3620,33,1,44.34,44.34
9323,3621,5,2,38.8,77.6
9324,3621,39,1,30.41,30.41
9325,3621,23,3,94.89,284.67
9326,3621,3,1,26.6,26.6
9327,3622,26,4,18.12,72.48
9328,3622,2,1,81.62,81.62
9329,3623,23,3,91.32,273.96
9330,3623,20,4,14.19,56.76
9331,3623,40,4,19.14,76.56
9332,3623,19,2,17.83,35.66
9333,3624,51,1,38.5,38.5
9334,3624,5,3,36.83,110.49
9335,3624,30,2,96.05,192.1
9336,3624,48,4,103.45,413.8
9337,3625,14,1,33.87,33.87
9338,3625,28,4,63.26,253.04
9339,3625,8,2,120.38,240.76
9340,3626,35,1,14.48,14.48
9341,3626,42,3,69.87,209.61
9342,3627,18,1,68.76,68.76
9343,3627,30,4,91.79,367.16
9344,3627,55,2,30.89,61.78
9345,3628,50,4,16.18,64.72
9346,3628,38,2,75.06,150.12
9347,3628,11,4,44.18,176.72
9348,3629,37,2,54.96,109.92
9349,3629,10,3,19.77,59.31
9350,3630,29,3,35.31,105.93
9351,3631,1,3,12.71,38.13
9352,3631,21,2,82.89,165.78
9353,3631,39,4,34.58,138.32
9354,3632,37,2,59.01,118.02
9355,3633,51,4,40.61,162.44
9356,3633,15,3,55.24,165.72
9357,3634,15,3,53.55,160.64999999999998
9358,3634,35,3,16.31,48.92999999999999
9359,3634,8,1,131.1,131.1
9360,3635,39,1,31.24,31.24
9361,3635,33,3,42.93,128.79
9362,3636,23,4,100.06,400.24
9363,3636,21,1,81.49,81.49
9364,3637,26,3,17.57,52.71
9365,3637,15,2,57.09,114.18
9366,3638,15,2,50.26,100.52
9367,3639,41,3,46.45,139.35000000000002
9368,3639,9,1,57.24,57.24
9369,3639,43,3,94.59,283.77
9370,3640,22,4,216.91,867.64
9371,3640,49,2,24.3,48.6
9372,3641,46,4,54.54,218.16
9373,3641,42,1,69.95,69.95
9374,3641,16,1,363.3,363.3
9375,3642,36,2,28.38,56.76
9376,3642,33,1,44.53,44.53
9377,3642,16,2,413.42,826.84
9378,3642,55,3,30.59,91.77
9379,3642,26,3,18.49,55.47
9380,3643,18,4,75.94,303.76
9381,3644,52,3,23.25,69.75
9382,3644,5,1,41.73,41.73
9383,3644,32,3,17.62,52.86
9384,3644,27,1,22.81,22.81
9385,3644,28,2,62.04,124.08
9386,3645,47,3,46.22,138.66
9387,3646,2,1,93.4,93.4
9388,3646,21,2,83.12,166.24
9389,3646,12,4,66.49,265.96
9390,3647,33,4,48.72,194.88
9391,3647,37,4,59.79,239.16
9392,3647,11,3,43.15,129.45
9393,3648,14,4,36.94,147.76
9394,3648,34,3,33.62,100.85999999999999
9395,3648,39,1,35.01,35.01
9396,3648,21,4,81.45,325.8
9397,3648,54,1,22.75,22.75
9398,3649,19,3,18.83,56.489999999999995
9399,3649,38,3,75.29,225.87
9400,3649,16,4,368.79,1475.16
9401,3650,13,4,46.21,184.84
9402,3651,6,4,21.48,85.92
9403,3651,37,2,53.37,106.74
9404,3651,29,2,37.34,74.68
9405,3651,54,4,22.88,91.52
9406,3651,9,1,52.85,52.85
9407,3652,9,2,56.39,112.78
9408,3652,19,2,19.6,39.2
9409,3652,47,1,49.05,49.05
9410,3652,39,3,33.97,101.91
9411,3653,14,2,34.73,69.46
9412,3654,34,1,31.51,31.51
9413,3654,45,2,67.61,135.22
9414,3654,24,1,20.26,20.26
9415,3654,12,1,62.37,62.37
9416,3654,3,2,26.85,53.7
9417,3655,20,1,14.2,14.2
9418,3656,46,1,54.5,54.5
9419,3656,28,4,65.36,261.44
9420,3656,35,3,14.9,44.7
9421,3657,27,4,20.97,83.88
9422,3658,4,4,43.48,173.92
9423,3659,35,2,16.28,32.56
9424,3659,29,4,34.0,136.0
9425,3660,55,2,28.5,57.0
9426,3660,39,2,32.93,65.86
9427,3660,15,4,54.29,217.16
9428,3661,49,4,26.34,105.36
9429,3661,55,4,30.11,120.44
9430,3662,16,4,405.35,1621.4
9431,3663,12,2,70.15,140.3
9432,3663,4,1,47.15,47.15
9433,3663,51,1,39.83,39.83
9434,3663,25,4,27.87,111.48
9435,3664,32,1,17.94,17.94
9436,3664,19,2,18.25,36.5
9437,3665,10,2,18.57,37.14
9438,3665,20,1,15.08,15.08
9439,3665,46,1,57.38,57.38
9440,3666,15,1,56.65,56.65
9441,3666,27,3,22.79,68.37
9442,3666,52,3,21.4,64.19999999999999
9443,3667,47,3,48.88,146.64000000000001
9444,3667,17,4,139.86,559.44
9445,3667,13,3,52.15,156.45
9446,3668,19,4,18.69,74.76
9447,3668,34,1,33.39,33.39
9448,3669,11,1,44.84,44.84
9449,3669,30,1,91.55,91.55
9450,3669,8,3,121.37,364.11
9451,3670,27,4,21.29,85.16
9452,3670,31,2,171.3,342.6
9453,3671,25,3,29.87,89.61
9454,3672,55,1,30.37,30.37
9455,3672,45,3,71.53,214.59
9456,3672,13,4,46.8,187.2
9457,3672,15,2,52.08,104.16
9458,3673,26,4,17.22,68.88
9459,3674,6,2,22.68,45.36
9460,3674,12,2,68.87,137.74
9461,3675,55,3,28.92,86.76
9462,3675,18,4,69.96,279.84
9463,3675,51,3,36.41,109.22999999999999
9464,3676,6,3,23.88,71.64
9465,3676,4,4,47.67,190.68
9466,3676,9,4,60.39,241.56
9467,3676,13,2,47.55,95.1
9468,3676,20,2,14.6,29.2
9469,3677,45,1,71.22,71.22
9470,3677,36,3,28.21,84.63
9471,3678,3,1,28.26,28.26
9472,3678,31,3,173.11,519.33
9473,3679,18,2,73.98,147.96
9474,3679,8,2,125.91,251.82
9475,3679,17,2,152.31,304.62
9476,3680,1,4,11.81,47.24
9477,3681,42,4,70.77,283.08
9478,3682,29,4,37.15,148.6
9479,3682,34,1,33.52,33.52
9480,3682,47,4,43.66,174.64
9481,3683,54,4,23.16,92.64
9482,3683,28,3,66.54,199.62
9483,3683,40,2,18.65,37.3
9484,3684,48,1,97.77,97.77
9485,3684,33,2,44.87,89.74
9486,3684,18,3,73.29,219.87
9487,3685,4,3,43.89,131.67000000000002
9488,3685,36,4,28.99,115.96
9489,3686,29,3,34.14,102.42
9490,3686,36,4,29.73,118.92
9491,3687,38,3,78.22,234.66
9492,3687,44,1,77.55,77.55
9493,3687,48,2,90.68,181.36
9494,3688,20,1,14.49,14.49
9495,3688,8,4,122.92,491.68
9496,3689,33,2,43.18,86.36
9497,3690,16,1,383.5,383.5
9498,3690,22,2,229.17,458.34
9499,3690,30,1,103.09,103.09
9500,3690,24,2,19.13,38.26
9501,3690,55,3,31.24,93.72
9502,3691,38,2,77.46,154.92
9503,3691,45,4,64.97,259.88
9504,3691,3,4,28.44,113.76
9505,3692,42,1,65.32,65.32
9506,3692,34,3,31.68,95.03999999999999
9507,3692,23,2,92.53,185.06
9508,3693,12,2,68.51,137.02
9509,3694,9,4,56.57,226.28
9510,3694,21,4,81.63,326.52
9511,3694,37,3,58.52,175.56
9512,3695,48,4,91.8,367.2
9513,3696,33,3,44.4,133.2
9514,3696,45,3,68.08,204.24
9515,3696,5,1,40.55,40.55
9516,3696,38,3,76.28,228.84
9517,3696,37,3,59.91,179.73
9518,3697,9,1,59.71,59.71
9519,3697,27,2,21.35,42.7
9520,3697,13,3,46.16,138.48
9521,3697,35,1,15.42,15.42
9522,3697,8,2,124.76,249.52
9523,3698,45,3,73.75,221.25
9524,3698,36,4,28.12,112.48
9525,3698,54,1,21.82,21.82
9526,3699,26,2,18.27,36.54
9527,3699,12,3,62.91,188.73
9528,3700,26,4,18.47,73.88
9529,3700,5,1,38.02,38.02
9530,3700,52,2,21.51,43.02
9531,3700,2,1,90.84,90.84
9532,3700,25,4,26.62,106.48
9533,3701,23,1,93.2,93.2
9534,3701,53,4,42.81,171.24
9535,3701,25,4,27.41,109.64
9536,3702,37,4,60.01,240.04
9537,3703,10,1,18.99,18.99
9538,3704,21,2,83.56,167.12
9539,3704,14,4,33.97,135.88
9540,3704,23,2,99.51,199.02
9541,3705,46,2,60.41,120.82
9542,3705,25,3,26.78,80.34
9543,3705,16,3,378.62,1135.8600000000001
9544,3706,1,4,13.15,52.6
9545,3706,10,4,17.17,68.68
9546,3706,15,4,52.4,209.6
9547,3707,16,1,389.49,389.49
9548,3707,52,2,22.02,44.04
9549,3708,21,4,87.04,348.16
9550,3708,36,2,30.3,60.6
9551,3708,39,1,32.62,32.62
9552,3708,9,4,59.55,238.2
9553,3708,24,2,19.91,39.82
9554,3709,19,1,17.92,17.92
9555,3709,31,4,192.77,771.08
9556,3710,31,1,172.79,172.79
9557,3710,54,4,21.32,85.28
9558,3710,3,3,27.42,82.26
9559,3711,28,4,65.35,261.4
9560,3711,26,3,18.64,55.92
9561,3711,3,2,28.63,57.26
9562,3711,40,4,18.39,73.56
9563,3711,46,4,60.45,241.8
9564,3712,37,4,57.14,228.56
9565,3712,35,2,14.7,29.4
9566,3713,12,4,68.23,272.92
9567,3714,33,1,47.94,47.94
9568,3714,19,4,18.74,74.96
9569,3714,24,3,21.53,64.59
9570,3714,40,4,18.72,74.88
9571,3715,4,2,45.95,91.9
9572,3715,41,2,45.95,91.9
9573,3715,52,1,21.9,21.9
9574,3715,53,4,40.87,163.48
9575,3715,3,2,28.87,57.74
9576,3716,53,2,44.87,89.74
9577,3716,2,4,86.45,345.8
9578,3716,33,2,46.78,93.56
9579,3717,23,2,92.21,184.42
9580,3717,40,4,17.3,69.2
9581,3717,38,2,76.69,153.38
9582,3718,12,2,71.33,142.66
9583,3718,51,1,37.98,37.98
9584,3718,25,1,29.22,29.22
9585,3718,4,1,46.09,46.09
9586,3718,41,1,51.98,51.98
9587,3719,22,3,226.1,678.3
9588,3719,7,2,15.71,31.42
9589,3719,12,4,68.24,272.96
9590,3719,13,1,49.74,49.74
9591,3719,8,2,114.09,228.18
9592,3720,5,2,41.42,82.84
9593,3720,7,2,14.92,29.84
9594,3721,3,3,29.6,88.80000000000001
9595,3722,46,3,60.04,180.12
9596,3722,25,3,26.84,80.52
9597,3722,5,1,38.96,38.96
9598,3723,38,1,75.92,75.92
9599,3724,24,1,21.48,21.48
9600,3724,43,3,94.92,284.76
9601,3724,12,3,65.93,197.79000000000002
9602,3724,48,4,101.94,407.76
9603,3725,35,4,15.64,62.56
9604,3725,5,3,37.94,113.82
9605,3726,38,4,77.92,311.68
9606,3727,32,3,17.21,51.63
9607,3727,52,3,22.24,66.72
9608,3728,24,1,21.34,21.34
9609,3728,16,4,386.7,1546.8
9610,3729,2,3,82.49,247.46999999999997
9611,3729,49,2,24.9,49.8
9612,3730,40,1,17.37,17.37
9613,3730,19,2,19.5,39.0
9614,3730,34,2,32.55,65.1
9615,3731,17,1,158.98,158.98
9616,3731,49,2,26.32,52.64
9617,3731,43,4,88.72,354.88
9618,3731,55,4,28.52,114.08
9619,3731,38,3,73.64,220.92000000000002
9620,3732,14,3,37.83,113.49
9621,3732,54,2,23.33,46.66
9622,3732,50,1,15.93,15.93
9623,3732,35,4,16.46,65.84
9624,3733,23,4,98.57,394.28
9625,3734,39,1,34.84,34.84
9626,3734,12,1,62.25,62.25
9627,3734,9,2,59.82,119.64
9628,3735,21,4,85.83,343.32
9629,3735,14,3,38.16,114.47999999999999
9630,3735,26,3,19.03,57.09
9631,3735,20,1,13.37,13.37
9632,3736,11,4,42.46,169.84
9633,3736,35,1,16.12,16.12
9634,3736,44,3,70.18,210.54000000000002
9635,3737,36,2,30.14,60.28
9636,3737,21,3,89.38,268.14
9637,3738,38,3,71.85,215.54999999999998
9638,3738,18,1,71.09,71.09
9639,3738,26,3,18.44,55.32000000000001
9640,3738,21,1,83.82,83.82
9641,3739,24,4,20.22,80.88
9642,3739,17,2,148.16,296.32
9643,3739,6,2,22.41,44.82
9644,3740,29,2,33.81,67.62
9645,3740,55,3,28.7,86.1
9646,3740,6,2,22.01,44.02
9647,3740,3,2,28.1,56.2
9648,3740,10,4,19.61,78.44
9649,3741,13,3,50.66,151.98
9650,3741,45,2,69.27,138.54
9651,3741,35,1,16.35,16.35
9652,3741,43,1,96.14,96.14
9653,3742,41,4,50.99,203.96
9654,3743,54,4,23.05,92.2
9655,3743,4,1,44.2,44.2
9656,3743,42,1,67.99,67.99
9657,3743,8,4,129.75,519.0
9658,3743,37,4,54.91,219.64
9659,3744,15,2,55.27,110.54
9660,3744,34,3,34.65,103.94999999999999
9661,3744,10,2,18.31,36.62
9662,3744,54,2,23.56,47.12
9663,3745,40,2,17.51,35.02
9664,3745,6,1,23.91,23.91
9665,3746,8,3,121.69,365.07
9666,3746,38,3,70.75,212.25
9667,3746,32,4,17.75,71.0
9668,3747,45,3,68.28,204.84
9669,3748,17,2,141.58,283.16
9670,3748,42,4,70.44,281.76
9671,3748,3,3,30.79,92.37
9672,3749,37,2,57.84,115.68
9673,3750,9,2,54.88,109.76
9674,3751,33,3,48.41,145.23
9675,3751,23,2,90.73,181.46
9676,3751,50,2,14.63,29.26
9677,3752,47,1,42.87,42.87
9678,3752,8,2,126.1,252.2
9679,3753,21,2,92.23,184.46
9680,3753,54,1,23.95,23.95
9681,3754,1,4,12.79,51.16
9682,3755,22,1,241.31,241.31
9683,3755,12,1,71.4,71.4
9684,3755,20,2,13.55,27.1
9685,3755,24,1,21.75,21.75
9686,3756,47,4,43.62,174.48
9687,3756,5,2,36.62,73.24
9688,3756,28,2,59.44,118.88
9689,3757,27,1,23.66,23.66
9690,3757,13,3,48.33,144.99
9691,3757,17,3,152.71,458.13
9692,3757,30,1,91.13,91.13
9693,3758,18,1,78.91,78.91
9694,3758,42,2,70.65,141.3
9695,3758,13,4,46.66,186.64
9696,3758,2,2,87.07,174.14
9697,3758,27,3,23.91,71.73
9698,3759,9,1,57.82,57.82
9699,3759,49,4,24.24,96.96
9700,3759,13,2,51.27,102.54
9701,3760,48,1,98.96,98.96
9702,3760,28,4,64.31,257.24
9703,3760,40,3,19.5,58.5
9704,3760,53,2,44.73,89.46
9705,3761,44,1,76.27,76.27
9706,3761,25,1,27.42,27.42
9707,3762,15,3,55.79,167.37
9708,3762,5,3,37.65,112.94999999999999
9709,3763,43,1,84.16,84.16
9710,3763,12,1,65.47,65.47
9711,3763,51,1,40.71,40.71
9712,3763,49,2,23.91,47.82
9713,3763,29,3,33.43,100.28999999999999
9714,3764,29,2,34.19,68.38
9715,3764,48,2,97.41,194.82
9716,3765,47,1,42.83,42.83
9717,3766,52,2,22.96,45.92
9718,3766,55,1,31.86,31.86
9719,3767,36,4,27.36,109.44
9720,3767,47,2,43.65,87.3
9721,3767,50,2,14.46,28.92
9722,3767,13,3,48.47,145.41
9723,3768,47,1,48.84,48.84
9724,3768,1,4,12.82,51.28
9725,3769,20,3,14.66,43.980000000000004
9726,3770,25,2,28.0,56.0
9727,3770,12,1,71.37,71.37
9728,3770,49,2,24.55,49.1
9729,3771,48,3,98.15,294.45000000000005
9730,3771,22,3,226.38,679.14
9731,3772,48,2,92.79,185.58
9732,3772,45,4,70.45,281.8
9733,3772,42,1,62.55,62.55
9734,3772,38,3,69.94,209.82
9735,3773,7,1,14.51,14.51
9736,3774,52,2,23.5,47.0
9737,3774,12,3,66.48,199.44
9738,3774,30,4,98.64,394.56
9739,3775,55,4,30.4,121.6
9740,3775,25,2,27.2,54.4
9741,3776,35,2,15.18,30.36
9742,3776,7,1,15.37,15.37
9743,3777,19,4,18.42,73.68
9744,3777,15,1,50.81,50.81
9745,3777,53,3,44.6,133.8
9746,3778,39,2,31.17,62.34
9747,3778,34,2,33.21,66.42
9748,3778,49,4,26.32,105.28
9749,3779,36,3,28.84,86.52
9750,3779,20,2,14.91,29.82
9751,3779,22,3,220.78,662.34
9752,3780,21,3,80.92,242.76
9753,3780,25,1,26.94,26.94
9754,3780,18,1,71.61,71.61
9755,3780,40,4,19.21,76.84
9756,3781,8,2,117.48,234.96
9757,3781,31,4,180.35,721.4
9758,3782,41,3,47.61,142.82999999999998
9759,3782,19,4,17.79,71.16
9760,3783,39,2,34.17,68.34
9761,3783,53,3,41.55,124.64999999999999
9762,3784,39,2,32.34,64.68
9763,3784,22,3,234.96,704.88
9764,3784,3,4,27.15,108.6
9765,3785,27,1,23.4,23.4
9766,3786,44,4,73.91,295.64
9767,3787,8,3,125.98,377.94
9768,3787,13,1,46.6,46.6
9769,3787,55,3,31.32,93.96000000000001
9770,3788,19,2,19.43,38.86
9771,3789,50,1,14.95,14.95
9772,3790,16,3,382.31,1146.93
9773,3790,42,3,71.12,213.36
9774,3791,14,3,36.55,109.64999999999999
9775,3791,45,3,68.2,204.60000000000002
9776,3791,12,4,70.76,283.04
9777,3792,40,3,17.49,52.47
9778,3792,6,2,21.59,43.18
9779,3792,55,2,29.93,59.86
9780,3792,31,4,188.68,754.72
9781,3792,16,1,390.75,390.75
9782,3793,41,4,48.39,193.56
9783,3793,21,2,87.84,175.68
9784,3794,39,2,32.24,64.48
9785,3794,55,2,30.5,61.0
9786,3794,29,4,35.06,140.24
9787,3794,18,3,72.11,216.32999999999998
9788,3794,14,3,34.8,104.39999999999999
9789,3795,20,3,15.05,45.150000000000006
9790,3795,40,3,18.39,55.17
9791,3795,44,1,73.09,73.09
9792,3795,3,2,27.2,54.4
9793,3796,43,1,91.62,91.62
9794,3796,45,3,68.76,206.28000000000003
9795,3796,27,4,22.33,89.32
9796,3797,54,4,22.66,90.64
9797,3797,28,3,62.55,187.64999999999998
9798,3797,1,3,11.74,35.22
9799,3798,31,2,185.4,370.8
9800,3798,14,4,38.1,152.4
9801,3799,37,1,59.51,59.51
9802,3799,39,2,31.88,63.76
9803,3799,34,2,32.9,65.8
9804,3800,32,2,19.29,38.58
9805,3801,18,4,68.97,275.88
9806,3802,11,1,40.62,40.62
9807,3803,15,1,49.88,49.88
9808,3803,17,1,148.85,148.85
9809,3804,35,4,15.89,63.56
9810,3804,16,1,410.95,410.95
9811,3805,15,3,56.5,169.5
9812,3805,51,2,37.2,74.4
9813,3805,40,1,17.29,17.29
9814,3806,11,3,46.08,138.24
9815,3807,55,1,32.7,32.7
9816,3808,32,4,17.1,68.4
9817,3808,28,3,66.65,199.95000000000002
9818,3808,17,1,150.57,150.57
9819,3808,24,4,19.23,76.92
9820,3808,18,2,69.63,139.26
9821,3809,49,2,25.19,50.38
9822,3809,13,3,45.88,137.64000000000001
9823,3809,15,3,51.62,154.85999999999999
9824,3809,20,4,15.24,60.96
9825,3810,52,1,22.38,22.38
9826,3810,8,3,129.76,389.28
9827,3811,51,3,38.32,114.96000000000001
9828,3811,39,2,32.94,65.88
9829,3811,13,1,49.05,49.05
9830,3812,42,3,71.14,213.42000000000002
9831,3812,45,2,66.0,132.0
9832,3813,30,3,95.21,285.63
9833,3814,17,3,141.49,424.47
9834,3815,20,1,14.02,14.02
9835,3815,13,3,52.17,156.51
9836,3816,3,2,30.56,61.12
9837,3816,36,1,30.1,30.1
9838,3816,16,3,364.07,1092.21
9839,3816,8,1,124.88,124.88
9840,3817,29,4,37.94,151.76
9841,3817,32,1,18.29,18.29
9842,3818,13,1,52.01,52.01
9843,3818,5,1,39.4,39.4
9844,3818,38,1,74.27,74.27
9845,3819,6,4,22.44,89.76
9846,3820,53,1,43.85,43.85
9847,3821,32,2,17.94,35.88
9848,3821,25,4,28.21,112.84
9849,3821,18,3,73.8,221.39999999999998
9850,3822,6,3,22.06,66.17999999999999
9851,3822,22,4,222.43,889.72
9852,3823,15,2,50.77,101.54
9853,3823,51,3,39.69,119.07
9854,3824,19,3,17.84,53.519999999999996
9855,3824,54,1,22.5,22.5
9856,3824,37,4,60.27,241.08
9857,3825,2,4,89.96,359.84
9858,3826,38,3,71.49,214.46999999999997
9859,3827,40,1,18.4,18.4
9860,3827,15,2,52.69,105.38
9861,3828,12,1,70.27,70.27
9862,3828,45,3,68.34,205.02
9863,3829,46,1,56.58,56.58
9864,3829,1,1,12.92,12.92
9865,3829,41,2,50.15,100.3
9866,3829,44,3,76.34,229.02
9867,3829,55,3,32.81,98.43
9868,3830,49,3,24.77,74.31
9869,3830,6,4,23.37,93.48
9870,3831,22,1,228.61,228.61
9871,3832,8,3,126.54,379.62
9872,3832,28,4,61.85,247.4
9873,3832,26,2,17.75,35.5
9874,3833,37,1,53.32,53.32
9875,3833,23,2,101.19,202.38
9876,3834,49,2,25.46,50.92
9877,3834,46,3,59.04,177.12
9878,3835,50,4,15.17,60.68
9879,3836,14,1,35.03,35.03
9880,3836,48,3,97.62,292.86
9881,3837,29,1,34.18,34.18
9882,3838,31,4,193.52,774.08
9883,3839,49,3,26.02,78.06
9884,3839,54,3,22.69,68.07000000000001
9885,3839,22,2,239.32,478.64
9886,3840,28,3,61.11,183.32999999999998
9887,3840,55,3,32.85,98.55000000000001
9888,3840,23,4,97.84,391.36
9889,3841,15,4,53.33,213.32
9890,3841,49,1,25.62,25.62
9891,3841,5,1,38.86,38.86
9892,3841,46,1,53.23,53.23
9893,3842,30,4,96.61,386.44
9894,3842,44,1,77.91,77.91
9895,3843,13,2,46.72,93.44
9896,3843,11,1,40.2,40.2
9897,3843,51,3,36.8,110.39999999999999
9898,3844,21,3,91.72,275.15999999999997
9899,3845,52,3,21.93,65.78999999999999
9900,3845,37,4,56.05,224.2
9901,3846,39,4,33.47,133.88
9902,3847,38,3,71.06,213.18
9903,3847,17,1,148.83,148.83
9904,3848,24,4,21.96,87.84
9905,3848,11,1,41.21,41.21
9906,3849,3,2,27.9,55.8
9907,3850,48,3,99.97,299.90999999999997
9908,3851,19,4,19.32,77.28
9909,3851,51,1,38.15,38.15
9910,3852,3,3,29.81,89.42999999999999
9911,3853,31,2,175.11,350.22
9912,3853,44,1,70.51,70.51
9913,3854,14,4,36.4,145.6
9914,3854,41,4,46.25,185.0
9915,3854,51,2,40.15,80.3
9916,3855,1,2,11.99,23.98
9917,3855,35,2,14.68,29.36
9918,3855,16,1,376.16,376.16
9919,3855,5,2,36.95,73.9
9920,3856,28,2,65.69,131.38
9921,3856,11,2,45.91,91.82
9922,3856,18,2,70.16,140.32
9923,3856,34,4,33.97,135.88
9924,3857,18,3,72.33,216.99
9925,3857,40,3,18.94,56.82000000000001
9926,3857,25,3,27.85,83.55000000000001
9927,3858,40,3,18.8,56.400000000000006
9928,3858,6,3,22.58,67.74
9929,3858,51,2,39.4,78.8
9930,3858,53,2,43.37,86.74
9931,3859,2,3,86.25,258.75
9932,3859,10,1,18.43,18.43
9933,3860,11,4,43.24,172.96
9934,3860,22,1,241.27,241.27
9935,3860,35,1,16.33,16.33
9936,3860,8,3,131.64,394.91999999999996
9937,3861,47,4,47.01,188.04
9938,3861,53,2,43.21,86.42
9939,3861,25,4,28.33,113.32
9940,3861,20,4,13.64,54.56
9941,3861,40,1,18.15,18.15
9942,3862,49,1,24.6,24.6
9943,3862,8,2,131.72,263.44
9944,3863,25,1,27.05,27.05
9945,3863,12,1,67.4,67.4
9946,3864,26,2,18.23,36.46
9947,3864,42,4,65.42,261.68
9948,3864,48,4,94.16,376.64
9949,3864,28,4,63.55,254.2
9950,3864,44,2,71.18,142.36
9951,3865,1,3,12.77,38.31
9952,3865,36,3,29.45,88.35
9953,3865,17,3,144.39,433.16999999999996
9954,3866,16,1,409.77,409.77
9955,3867,44,4,73.04,292.16
9956,3867,34,3,31.41,94.23
9957,3867,27,3,20.95,62.849999999999994
9958,3867,26,3,18.77,56.31
9959,3867,4,2,44.75,89.5
9960,3868,6,4,22.1,88.4
9961,3868,15,1,57.0,57.0
9962,3868,1,4,11.44,45.76
9963,3868,31,1,177.98,177.98
9964,3868,55,2,28.62,57.24
9965,3869,44,4,74.97,299.88
9966,3870,20,2,15.19,30.38
9967,3870,53,2,42.91,85.82
9968,3870,18,1,76.46,76.46
9969,3870,26,1,19.37,19.37
9970,3871,18,2,72.54,145.08
9971,3872,45,2,74.61,149.22
9972,3872,34,2,30.49,60.98
9973,3872,53,4,44.52,178.08
9974,3872,27,1,22.42,22.42
9975,3873,9,4,56.5,226.0
9976,3873,35,4,15.28,61.12
9977,3873,40,4,18.96,75.84
9978,3873,32,4,19.54,78.16
9979,3874,36,3,29.64,88.92
9980,3875,33,4,46.61,186.44
9981,3876,34,4,34.31,137.24
9982,3876,6,1,21.7,21.7
9983,3876,46,3,55.94,167.82
9984,3876,55,2,31.21,62.42
9985,3876,48,4,97.34,389.36
9986,3877,18,2,71.44,142.88
9987,3877,1,1,13.2,13.2
9988,3877,32,2,18.15,36.3
9989,3877,43,2,88.75,177.5
9990,3877,46,1,53.17,53.17
9991,3878,50,3,15.18,45.54
9992,3879,44,3,69.64,208.92000000000002
9993,3879,21,3,90.08,270.24
9994,3879,27,1,23.27,23.27
9995,3880,7,1,14.94,14.94
9996,3880,24,3,19.84,59.519999999999996
9997,3880,9,1,57.95,57.95
9998,3881,55,4,32.08,128.32
9999,3882,49,3,25.09,75.27
10000,3882,45,1,65.91,65.91
10001,3882,47,2,45.24,90.48
10002,3883,12,3,63.63,190.89000000000001
10003,3883,15,3,53.2,159.60000000000002
10004,3884,46,3,55.83,167.49
10005,3884,24,1,19.71,19.71
10006,3884,16,3,397.25,1191.75
10007,3885,53,4,40.97,163.88
10008,3885,28,2,64.13,128.26
10009,3886,53,4,44.22,176.88
10010,3886,9,4,58.96,235.84
10011,3886,5,1,38.06,38.06
10012,3887,9,3,57.24,171.72
10013,3888,55,2,29.05,58.1
10014,3888,42,3,68.63,205.89
10015,3888,25,1,28.42,28.42
10016,3888,34,3,34.92,104.76
10017,3889,9,3,56.9,170.7
10018,3890,35,1,15.77,15.77
10019,3890,44,2,70.76,141.52
10020,3891,52,2,21.61,43.22
10021,3892,50,2,16.15,32.3
10022,3892,12,2,66.51,133.02
10023,3892,5,1,41.32,41.32
10024,3893,47,2,43.87,87.74
10025,3893,40,1,17.54,17.54
10026,3894,48,2,96.12,192.24
10027,3895,21,1,91.62,91.62
10028,3896,11,1,41.14,41.14
10029,3896,35,3,14.57,43.71
10030,3896,34,4,31.26,125.04
10031,3896,39,3,31.44,94.32000000000001
10032,3896,15,2,50.12,100.24
10033,3897,7,1,15.54,15.54
10034,3897,27,4,22.39,89.56
10035,3898,15,3,54.0,162.0
10036,3898,31,3,176.98,530.9399999999999
10037,3898,6,4,22.49,89.96
10038,3898,54,3,22.67,68.01
10039,3898,48,1,95.62,95.62
10040,3899,23,2,101.54,203.08
10041,3899,32,2,17.66,35.32
10042,3899,30,4,95.49,381.96
10043,3899,21,4,80.83,323.32
10044,3900,14,1,33.9,33.9
10045,3900,21,2,90.85,181.7
10046,3901,46,2,53.53,107.06
10047,3901,34,3,34.13,102.39000000000001
10048,3901,41,2,52.71,105.42
10049,3901,12,2,64.01,128.02
10050,3902,24,2,19.97,39.94
10051,3902,48,1,103.03,103.03
10052,3902,32,4,19.39,77.56
10053,3903,45,3,69.87,209.61
10054,3903,38,2,70.54,141.08
10055,3903,22,4,228.59,914.36
10056,3904,18,2,73.84,147.68
10057,3904,14,3,34.24,102.72
10058,3905,21,2,84.55,169.1
10059,3906,34,3,31.31,93.92999999999999
10060,3906,45,4,71.73,286.92
10061,3906,7,2,15.83,31.66
10062,3906,25,3,29.59,88.77
10063,3907,44,4,76.85,307.4
10064,3908,35,1,16.49,16.49
10065,3908,21,3,82.71,248.13
10066,3908,15,2,55.6,111.2
10067,3908,24,4,20.18,80.72
10068,3909,4,4,47.79,191.16
10069,3910,32,2,18.32,36.64
10070,3910,9,4,53.53,214.12
10071,3910,35,1,14.75,14.75
10072,3911,19,2,18.99,37.98
10073,3912,21,4,92.48,369.92
10074,3912,43,3,88.8,266.4
10075,3912,53,3,45.53,136.59
10076,3912,52,1,21.33,21.33
10077,3912,34,2,32.7,65.4
10078,3913,49,2,25.83,51.66
10079,3913,47,3,45.89,137.67000000000002
10080,3914,48,2,92.97,185.94
10081,3914,49,4,24.29,97.16
10082,3914,12,3,68.14,204.42000000000002
10083,3915,34,2,33.45,66.9
10084,3915,24,3,21.35,64.05000000000001
10085,3915,23,2,101.46,202.92
10086,3916,36,1,29.42,29.42
10087,3917,52,4,23.13,92.52
10088,3917,43,1,85.02,85.02
10089,3917,1,3,12.53,37.589999999999996
10090,3918,12,1,65.43,65.43
10091,3919,13,2,46.38,92.76
10092,3919,23,2,97.33,194.66
10093,3920,30,3,98.58,295.74
10094,3920,11,1,43.8,43.8
10095,3921,53,2,44.1,88.2
10096,3921,15,4,54.03,216.12
10097,3921,17,2,150.85,301.7
10098,3922,28,4,65.45,261.8
10099,3922,8,2,131.44,262.88
10100,3922,39,1,31.56,31.56
10101,3923,19,3,19.55,58.650000000000006
10102,3923,7,1,16.01,16.01
10103,3923,45,2,65.88,131.76
10104,3924,11,1,41.65,41.65
10105,3924,16,3,399.44,1198.32
10106,3924,22,3,237.29,711.87
10107,3924,32,4,17.5,70.0
10108,3925,47,4,49.21,196.84
10109,3925,2,2,84.18,168.36
10110,3925,10,3,19.01,57.03
10111,3925,11,3,40.98,122.94
10112,3925,34,4,32.39,129.56
10113,3926,22,3,222.87,668.61
10114,3927,7,1,14.44,14.44
10115,3927,53,1,41.26,41.26
10116,3927,2,2,83.77,167.54
10117,3928,31,2,191.65,383.3
10118,3928,53,4,41.16,164.64
10119,3928,21,3,84.09,252.27
10120,3929,51,4,40.55,162.2
10121,3930,19,3,17.97,53.91
10122,3931,26,1,18.87,18.87
10123,3931,35,2,16.25,32.5
10124,3931,15,4,51.96,207.84
10125,3931,2,1,86.61,86.61
10126,3931,9,2,56.78,113.56
10127,3932,4,3,45.06,135.18
10128,3932,46,3,58.07,174.21
10129,3932,10,4,18.79,75.16
10130,3932,1,1,11.76,11.76
10131,3932,37,2,53.04,106.08
10132,3933,33,4,47.22,188.88
10133,3934,29,4,36.7,146.8
10134,3934,9,3,57.77,173.31
10135,3934,47,2,47.22,94.44
10136,3934,18,3,70.35,211.04999999999998
10137,3935,23,4,102.86,411.44
10138,3936,10,3,18.63,55.89
10139,3936,54,1,22.28,22.28
10140,3936,49,2,24.08,48.16
10141,3936,35,1,14.57,14.57
10142,3937,54,1,21.85,21.85
10143,3937,25,3,29.94,89.82000000000001
10144,3937,34,1,33.56,33.56
10145,3938,35,1,15.87,15.87
10146,3938,26,2,19.19,38.38
10147,3938,17,2,139.5,279.0
10148,3939,14,2,36.02,72.04
10149,3939,49,2,27.23,54.46
10150,3940,48,1,94.18,94.18
10151,3940,49,4,26.15,104.6
10152,3940,16,2,365.58,731.16
10153,3941,33,1,48.52,48.52
10154,3942,27,3,23.45,70.35
10155,3942,12,3,65.08,195.24
10156,3942,38,3,72.53,217.59
10157,3943,24,1,19.03,19.03
10158,3944,54,2,22.18,44.36
10159,3944,30,1,100.68,100.68
10160,3944,10,4,17.5,70.0
10161,3945,11,3,43.44,130.32
10162,3945,26,4,17.32,69.28
10163,3946,31,1,177.06,177.06
10164,3946,11,3,40.81,122.43
10165,3947,53,3,43.67,131.01
10166,3947,42,3,64.79,194.37
10167,3948,41,2,51.5,103.0
10168,3949,27,3,23.31,69.92999999999999
10169,3949,4,1,48.03,48.03
10170,3949,21,4,91.63,366.52
10171,3949,3,4,30.59,122.36
10172,3949,17,3,156.56,469.68
10173,3950,38,2,74.55,149.1
10174,3950,11,3,43.44,130.32
10175,3950,41,3,46.41,139.23
10176,3950,50,4,15.07,60.28
10177,3951,4,1,48.53,48.53
10178,3951,52,4,21.6,86.4
10179,3951,21,2,83.64,167.28
10180,3952,20,1,14.02,14.02
10181,3952,30,1,103.75,103.75
10182,3952,27,4,23.42,93.68
10183,3953,32,1,19.34,19.34
10184,3953,8,1,127.19,127.19
10185,3954,14,3,34.18,102.53999999999999
10186,3954,20,2,14.58,29.16
10187,3954,4,3,43.87,131.60999999999999
10188,3954,50,1,14.92,14.92
10189,3955,19,1,17.89,17.89
10190,3955,4,4,43.81,175.24
10191,3955,42,2,69.9,139.8
10192,3955,49,4,26.24,104.96
10193,3956,9,3,57.6,172.8
10194,3956,25,2,28.96,57.92
10195,3956,11,3,41.82,125.46000000000001
10196,3957,52,2,23.02,46.04
10197,3957,51,1,39.63,39.63
10198,3957,35,1,15.23,15.23
10199,3958,37,3,59.1,177.3
10200,3958,19,3,18.94,56.82000000000001
10201,3959,34,1,34.96,34.96
10202,3960,11,3,45.9,137.7
10203,3960,19,4,19.24,76.96
10204,3960,40,1,18.39,18.39
10205,3961,32,3,17.75,53.25
10206,3962,45,1,66.54,66.54
10207,3962,50,1,15.92,15.92
10208,3962,8,1,118.29,118.29
10209,3962,27,4,23.9,95.6
10210,3962,38,2,70.01,140.02
10211,3963,45,3,70.64,211.92000000000002
10212,3963,17,2,145.15,290.3
10213,3963,33,2,45.22,90.44
10214,3964,52,4,23.31,93.24
10215,3964,44,4,72.12,288.48
10216,3965,33,3,46.35,139.05
10217,3966,33,3,43.73,131.19
10218,3966,8,1,122.65,122.65
10219,3967,25,1,26.85,26.85
10220,3968,21,2,90.36,180.72
10221,3968,9,1,59.15,59.15
10222,3968,16,3,371.68,1115.04
10223,3968,15,1,52.19,52.19
10224,3969,29,4,37.99,151.96
10225,3969,47,1,48.83,48.83
10226,3969,40,1,18.23,18.23
10227,3969,10,3,19.76,59.28
10228,3970,2,3,84.32,252.95999999999998
10229,3970,19,4,18.99,75.96
10230,3970,17,1,158.47,158.47
10231,3970,32,2,18.78,37.56
10232,3971,24,4,19.26,77.04
10233,3971,10,1,18.97,18.97
10234,3971,33,2,46.64,93.28
10235,3971,16,4,367.15,1468.6
10236,3971,49,4,26.33,105.32
10237,3972,43,1,88.57,88.57
10238,3973,6,2,24.15,48.3
10239,3974,45,2,65.08,130.16
10240,3975,55,4,30.48,121.92
10241,3976,31,4,174.99,699.96
10242,3977,37,4,55.2,220.8
10243,3977,17,1,143.62,143.62
10244,3978,11,4,44.55,178.2
10245,3978,40,2,19.39,38.78
10246,3978,36,1,29.31,29.31
10247,3979,43,4,84.57,338.28
10248,3980,12,4,69.66,278.64
10249,3980,49,4,24.18,96.72
10250,3980,22,3,236.66,709.98
10251,3980,35,1,14.38,14.38
10252,3981,8,4,124.56,498.24
10253,3981,53,2,43.13,86.26
10254,3982,36,3,28.78,86.34
10255,3982,23,3,95.39,286.17
10256,3982,12,1,67.35,67.35
10257,3983,36,2,27.51,55.02
10258,3983,26,3,18.21,54.63
10259,3983,52,3,23.32,69.96000000000001
10260,3983,34,1,30.96,30.96
10261,3983,7,1,14.59,14.59
10262,3984,10,2,19.35,38.7
10263,3984,51,4,38.32,153.28
10264,3984,32,2,19.34,38.68
10265,3984,27,4,23.31,93.24
10266,3985,15,2,53.17,106.34
10267,3985,40,3,19.49,58.47
10268,3986,35,3,15.75,47.25
10269,3986,19,1,17.38,17.38
10270,3986,2,4,81.38,325.52
10271,3987,4,2,48.39,96.78
10272,3987,28,2,66.64,133.28
10273,3988,10,1,19.66,19.66
10274,3988,21,2,85.94,171.88
10275,3988,32,3,19.58,58.739999999999995
10276,3988,37,4,58.91,235.64
10277,3989,19,3,17.57,52.71
10278,3990,30,2,98.13,196.26
10279,3990,52,3,23.69,71.07000000000001
10280,3990,29,1,34.49,34.49
10281,3990,49,4,25.39,101.56
10282,3990,1,1,11.95,11.95
10283,3991,31,4,187.91,751.64
10284,3991,14,1,35.79,35.79
10285,3992,42,1,64.25,64.25
10286,3992,22,3,228.82,686.46
10287,3992,15,2,55.02,110.04
10288,3993,28,4,62.94,251.76
10289,3993,20,2,15.21,30.42
10290,3993,22,3,219.14,657.42
10291,3994,53,1,43.38,43.38
10292,3994,17,2,153.26,306.52
10293,3994,40,3,17.75,53.25
10294,3994,33,1,44.52,44.52
10295,3995,52,1,21.64,21.64
10296,3996,52,2,23.37,46.74
10297,3996,40,3,19.03,57.09
10298,3997,38,1,74.3,74.3
10299,3997,7,1,16.05,16.05
10300,3997,12,2,68.12,136.24
10301,3998,16,1,372.12,372.12
10302,3999,45,1,70.59,70.59
10303,3999,49,2,26.35,52.7
10304,4000,8,2,121.99,243.98
10305,4000,3,3,28.92,86.76
10306,4000,2,2,91.57,183.14
10307,4000,5,4,38.14,152.56
10308,4000,20,4,14.78,59.12
10309,4001,42,1,64.04,64.04
10310,4001,22,2,216.35,432.7
10311,4002,22,4,230.05,920.2
10312,4002,18,1,70.35,70.35
10313,4002,4,4,46.98,187.92
10314,4003,35,4,16.27,65.08
10315,4003,5,1,40.25,40.25
10316,4003,28,1,64.56,64.56
10317,4003,20,2,14.2,28.4
10318,4004,17,2,144.61,289.22
10319,4004,43,1,90.41,90.41
10320,4005,34,3,33.67,101.01
10321,4006,8,1,131.36,131.36
10322,4006,12,1,70.23,70.23
10323,4007,2,3,88.32,264.96
10324,4007,15,4,50.51,202.04
10325,4008,5,3,39.72,119.16
10326,4008,17,1,158.45,158.45
10327,4008,34,3,32.34,97.02000000000001
10328,4008,46,4,55.24,220.96
10329,4008,40,4,18.53,74.12
10330,4009,14,3,36.64,109.92
10331,4009,44,3,76.14,228.42000000000002
10332,4010,23,1,91.54,91.54
10333,4010,42,1,70.69,70.69
10334,4010,36,3,27.18,81.53999999999999
10335,4010,25,4,29.15,116.6
10336,4011,12,3,62.9,188.7
10337,4012,46,1,58.7,58.7
10338,4013,13,4,50.78,203.12
10339,4013,36,4,28.37,113.48
10340,4014,13,1,49.2,49.2
10341,4015,2,3,93.21,279.63
10342,4016,53,4,45.95,183.8
10343,4017,16,3,369.57,1108.71
10344,4017,35,4,14.76,59.04
10345,4017,34,1,33.42,33.42
10346,4018,49,4,25.5,102.0
10347,4018,48,2,102.8,205.6
10348,4018,9,2,57.61,115.22
10349,4019,13,1,46.4,46.4
10350,4020,26,4,18.87,75.48
10351,4020,5,4,36.74,146.96
10352,4020,53,3,45.87,137.60999999999999
10353,4021,38,4,70.69,282.76
10354,4021,11,4,44.63,178.52
10355,4022,47,4,44.39,177.56
10356,4022,23,1,97.72,97.72
10357,4023,45,1,66.36,66.36
10358,4024,51,3,38.64,115.92
10359,4025,38,4,78.83,315.32
10360,4025,39,4,31.83,127.32
10361,4026,51,1,41.14,41.14
10362,4026,25,1,30.73,30.73
10363,4027,38,4,76.31,305.24
10364,4028,51,3,41.8,125.39999999999999
10365,4028,27,4,22.37,89.48
10366,4028,7,3,14.38,43.14
10367,4028,26,2,17.85,35.7
10368,4029,6,4,23.82,95.28
10369,4029,54,1,21.57,21.57
10370,4029,32,3,17.76,53.28
10371,4029,1,4,11.74,46.96
10372,4030,37,4,53.61,214.44
10373,4031,4,4,44.17,176.68
10374,4031,3,3,28.11,84.33
10375,4031,11,3,40.25,120.75
10376,4031,36,4,27.48,109.92
10377,4032,10,1,18.04,18.04
10378,4032,6,1,23.34,23.34
10379,4032,39,4,35.15,140.6
10380,4032,8,4,119.45,477.8
10381,4033,39,1,32.26,32.26
10382,4033,27,4,22.44,89.76
10383,4034,10,1,18.08,18.08
10384,4034,47,1,46.32,46.32
10385,4034,40,1,19.7,19.7
10386,4035,21,2,83.38,166.76
10387,4035,23,2,91.65,183.3
10388,4035,14,3,33.57,100.71000000000001
10389,4036,3,2,28.54,57.08
10390,4037,17,2,155.24,310.48
10391,4037,16,4,406.35,1625.4
10392,4037,52,3,23.46,70.38
10393,4037,44,4,78.06,312.24
10394,4038,34,3,33.8,101.39999999999999
10395,4038,21,2,85.42,170.84
10396,4038,30,1,95.9,95.9
10397,4039,40,1,18.25,18.25
10398,4039,36,3,27.38,82.14
10399,4039,3,1,29.15,29.15
10400,4039,17,1,153.4,153.4
10401,4039,52,3,24.19,72.57000000000001
10402,4040,22,1,218.85,218.85
10403,4040,43,1,92.36,92.36
10404,4041,5,3,40.78,122.34
10405,4041,55,3,31.08,93.24
10406,4042,31,1,187.33,187.33
10407,4042,19,1,17.85,17.85
10408,4043,53,2,41.34,82.68
10409,4043,51,4,36.19,144.76
10410,4044,10,3,19.54,58.62
10411,4044,42,1,67.57,67.57
10412,4044,37,2,53.53,107.06
10413,4045,15,1,56.28,56.28
10414,4045,13,4,49.23,196.92
10415,4045,45,4,66.01,264.04
10416,4046,11,3,43.16,129.48
10417,4046,54,2,21.67,43.34
10418,4046,39,2,34.26,68.52
10419,4047,27,1,21.8,21.8
10420,4047,4,3,47.5,142.5
10421,4047,25,3,28.64,85.92
10422,4047,50,1,16.41,16.41
10423,4047,51,1,36.47,36.47
10424,4048,53,1,42.74,42.74
10425,4049,37,3,56.49,169.47
10426,4049,15,2,52.17,104.34
10427,4049,18,4,73.18,292.72
10428,4050,11,3,46.03,138.09
10429,4050,10,3,17.94,53.82000000000001
10430,4050,15,2,52.37,104.74
10431,4050,51,1,39.01,39.01
10432,4051,13,1,46.46,46.46
10433,4051,47,2,43.74,87.48
10434,4052,26,4,17.91,71.64
10435,4052,1,1,11.83,11.83
10436,4052,32,3,19.27,57.81
10437,4053,45,3,70.75,212.25
10438,4053,13,4,48.04,192.16
10439,4053,41,4,48.76,195.04
10440,4053,2,4,89.32,357.28
10441,4053,14,3,37.46,112.38
10442,4054,15,1,51.48,51.48
10443,4054,10,2,18.61,37.22
10444,4054,50,4,14.97,59.88
10445,4054,47,4,45.5,182.0
10446,4054,48,1,104.07,104.07
10447,4055,34,3,33.71,101.13
10448,4055,46,3,58.91,176.73
10449,4056,6,2,22.05,44.1
10450,4056,3,2,28.37,56.74
10451,4057,5,1,38.56,38.56
10452,4058,37,1,53.06,53.06
10453,4058,25,4,28.25,113.0
10454,4058,39,4,30.88,123.52
10455,4059,5,1,37.08,37.08
10456,4060,36,3,27.83,83.49
10457,4060,4,3,46.22,138.66
10458,4060,32,2,18.57,37.14
10459,4061,48,1,91.76,91.76
10460,4061,34,1,30.41,30.41
10461,4061,2,3,89.16,267.48
10462,4061,51,4,39.01,156.04
10463,4062,29,4,37.09,148.36
10464,4062,35,4,14.45,57.8
10465,4063,38,1,69.09,69.09
10466,4063,9,4,58.21,232.84
10467,4063,12,3,67.4,202.20000000000002
10468,4064,32,2,18.01,36.02
10469,4065,6,1,22.65,22.65
10470,4065,22,4,231.13,924.52
10471,4065,14,3,33.65,100.94999999999999
10472,4065,25,3,30.16,90.48
10473,4066,19,2,19.12,38.24
10474,4066,49,4,25.94,103.76
10475,4066,43,3,84.14,252.42000000000002
10476,4067,7,1,15.09,15.09
10477,4067,33,2,45.62,91.24
10478,4067,48,1,93.1,93.1
10479,4068,7,1,14.47,14.47
10480,4068,48,4,101.33,405.32
10481,4068,2,4,89.07,356.28
10482,4068,20,3,14.59,43.769999999999996
10483,4068,50,4,14.98,59.92
10484,4069,48,4,100.26,401.04
10485,4069,33,4,47.42,189.68
10486,4070,36,2,30.56,61.12
10487,4070,32,2,19.63,39.26
10488,4071,36,2,30.8,61.6
10489,4071,46,3,58.55,175.64999999999998
10490,4071,47,4,47.25,189.0
10491,4071,50,4,14.84,59.36
10492,4072,31,2,187.97,375.94
10493,4072,1,1,11.82,11.82
10494,4072,13,4,49.59,198.36
10495,4073,8,1,130.05,130.05
10496,4074,32,4,18.24,72.96
10497,4074,41,3,51.08,153.24
10498,4074,17,4,152.67,610.68
10499,4075,33,2,45.45,90.9
10500,4076,55,1,30.17,30.17
10501,4077,2,1,84.55,84.55
10502,4077,39,3,34.56,103.68
10503,4077,16,1,378.7,378.7
10504,4077,7,4,14.59,58.36
10505,4077,52,2,23.78,47.56
10506,4078,7,4,14.38,57.52
10507,4078,22,3,213.69,641.0699999999999
10508,4079,16,4,395.67,1582.68
10509,4080,39,1,33.23,33.23
10510,4080,27,3,22.59,67.77
10511,4080,15,1,54.86,54.86
10512,4081,37,2,60.21,120.42
10513,4082,22,4,212.81,851.24
10514,4082,41,2,48.26,96.52
10515,4082,51,2,38.22,76.44
10516,4083,6,2,23.96,47.92
10517,4083,5,4,40.66,162.64
10518,4084,8,3,118.52,355.56
10519,4084,23,3,91.32,273.96
10520,4085,49,3,24.09,72.27
10521,4085,18,1,72.15,72.15
10522,4085,20,1,14.3,14.3
10523,4085,29,1,37.46,37.46
10524,4085,19,2,18.2,36.4
10525,4086,7,4,14.55,58.2
10526,4087,25,1,30.32,30.32
10527,4088,18,2,70.5,141.0
10528,4088,26,3,18.37,55.11
10529,4088,54,1,23.04,23.04
10530,4088,19,4,17.86,71.44
10531,4089,33,1,45.52,45.52
10532,4089,7,1,15.68,15.68
10533,4089,36,1,28.41,28.41
10534,4090,32,4,19.56,78.24
10535,4090,4,1,46.02,46.02
10536,4091,6,1,21.31,21.31
10537,4092,32,3,18.73,56.19
10538,4092,43,1,90.48,90.48
10539,4093,14,3,34.01,102.03
10540,4094,16,4,395.37,1581.48
10541,4094,30,1,93.02,93.02
10542,4095,37,2,56.91,113.82
10543,4095,41,4,48.24,192.96
10544,4096,51,4,37.32,149.28
10545,4096,52,1,22.66,22.66
10546,4096,45,4,67.65,270.6
10547,4096,43,2,96.72,193.44
10548,4097,20,3,15.23,45.69
10549,4098,39,4,34.99,139.96
10550,4098,17,4,139.15,556.6
10551,4098,24,4,21.24,84.96
10552,4099,41,3,51.15,153.45
10553,4100,18,1,77.87,77.87
10554,4100,5,4,37.33,149.32
10555,4100,19,4,17.27,69.08
10556,4100,37,4,56.12,224.48
10557,4101,13,4,49.05,196.2
10558,4101,22,2,222.45,444.9
10559,4101,37,2,55.95,111.9
10560,4102,26,2,19.34,38.68
10561,4102,54,3,23.29,69.87
10562,4102,32,3,19.79,59.37
10563,4102,18,4,71.12,284.48
10564,4102,39,2,34.07,68.14
10565,4103,16,4,377.34,1509.36
10566,4103,19,3,18.48,55.44
10567,4104,12,2,66.94,133.88
10568,4104,45,3,73.72,221.16
10569,4104,34,4,32.48,129.92
10570,4105,12,1,65.44,65.44
10571,4105,37,4,58.86,235.44
10572,4105,52,3,24.1,72.30000000000001
10573,4106,17,4,158.72,634.88
10574,4106,30,4,96.15,384.6
10575,4107,34,3,31.25,93.75
10576,4107,6,4,21.68,86.72
10577,4107,50,3,16.4,49.199999999999996
10578,4108,33,4,44.2,176.8
10579,4108,4,4,43.21,172.84
10580,4109,25,2,29.08,58.16
10581,4109,42,1,69.56,69.56
10582,4109,17,2,144.02,288.04
10583,4110,11,4,44.04,176.16
10584,4110,40,3,18.55,55.650000000000006
10585,4111,8,2,126.69,253.38
10586,4112,38,2,77.9,155.8
10587,4113,15,4,57.16,228.64
10588,4113,53,1,43.59,43.59
10589,4113,4,2,44.24,88.48
10590,4114,22,3,240.88,722.64
10591,4114,2,3,84.12,252.36
10592,4115,52,3,23.76,71.28
10593,4115,4,3,43.65,130.95
10594,4116,21,2,88.93,177.86
10595,4116,50,3,15.94,47.82
10596,4117,52,1,21.35,21.35
10597,4117,39,2,34.26,68.52
10598,4118,40,2,18.9,37.8
10599,4118,31,1,188.76,188.76
10600,4119,5,1,40.77,40.77
10601,4119,48,3,101.19,303.57
10602,4119,42,4,68.1,272.4
10603,4119,37,3,58.21,174.63
10604,4120,3,3,30.17,90.51
10605,4120,29,2,37.13,74.26
10606,4121,31,1,186.19,186.19
10607,4121,1,3,11.47,34.410000000000004
10608,4121,15,4,54.3,217.2
10609,4122,34,2,34.21,68.42
10610,4122,48,1,91.97,91.97
10611,4122,32,3,17.54,52.62
10612,4123,6,1,23.09,23.09
10613,4123,37,2,60.46,120.92
10614,4124,42,3,62.57,187.71
10615,4124,51,4,40.15,160.6
10616,4125,43,2,95.34,190.68
10617,4125,20,4,14.18,56.72
10618,4125,55,2,30.18,60.36
10619,4125,5,2,37.87,75.74
10620,4126,17,4,140.46,561.84
10621,4126,2,2,88.01,176.02
10622,4126,22,3,237.62,712.86
10623,4127,9,3,55.71,167.13
10624,4127,45,1,69.74,69.74
10625,4128,15,1,52.11,52.11
10626,4128,24,4,20.81,83.24
10627,4128,5,3,41.73,125.19
10628,4129,52,1,21.89,21.89
10629,4130,23,4,97.09,388.36
10630,4130,16,3,365.98,1097.94
10631,4130,42,1,64.96,64.96
10632,4131,50,1,16.36,16.36
10633,4131,5,4,38.31,153.24
10634,4132,42,1,65.66,65.66
10635,4132,31,3,188.67,566.01
10636,4132,50,1,15.87,15.87
10637,4133,48,4,95.63,382.52
10638,4133,3,3,30.06,90.17999999999999
10639,4133,10,4,19.61,78.44
10640,4134,34,2,32.09,64.18
10641,4134,33,2,44.24,88.48
10642,4134,46,2,52.92,105.84
10643,4135,22,4,214.08,856.32
10644,4136,32,2,18.64,37.28
10645,4136,10,2,17.41,34.82
10646,4137,8,1,127.55,127.55
10647,4138,55,3,28.71,86.13
10648,4138,45,3,73.22,219.66
10649,4138,29,2,37.33,74.66
10650,4139,21,1,91.06,91.06
10651,4139,50,4,14.95,59.8
10652,4139,18,2,72.81,145.62
10653,4139,5,4,39.72,158.88
10654,4139,53,4,42.49,169.96
10655,4140,37,2,59.93,119.86
10656,4141,20,3,14.41,43.230000000000004
10657,4141,28,1,63.41,63.41
10658,4141,15,4,55.65,222.6
10659,4141,35,1,14.43,14.43
10660,4142,18,4,72.56,290.24
10661,4142,37,1,53.92,53.92
10662,4142,25,2,30.18,60.36
10663,4142,28,4,62.37,249.48
10664,4142,24,1,19.48,19.48
10665,4143,7,3,15.42,46.26
10666,4143,1,2,12.02,24.04
10667,4144,6,3,23.59,70.77
10668,4144,18,3,68.8,206.39999999999998
10669,4145,15,2,54.23,108.46
10670,4145,5,2,41.25,82.5
10671,4145,32,3,18.77,56.31
10672,4145,12,3,68.46,205.38
10673,4145,36,4,26.66,106.64
10674,4146,44,1,77.15,77.15
10675,4147,28,2,59.66,119.32
10676,4147,27,1,22.19,22.19
10677,4147,44,1,73.51,73.51
10678,4148,40,2,18.19,36.38
10679,4148,4,4,44.53,178.12
10680,4148,38,1,69.43,69.43
10681,4148,23,1,93.99,93.99
10682,4149,1,1,12.35,12.35
10683,4150,55,3,31.95,95.85
10684,4150,1,4,12.7,50.8
10685,4151,10,3,19.42,58.260000000000005
10686,4151,40,2,19.34,38.68
10687,4151,44,3,75.91,227.73
10688,4152,28,2,60.02,120.04
10689,4152,21,1,89.59,89.59
10690,4153,17,1,142.61,142.61
10691,4153,45,4,72.05,288.2
10692,4153,4,2,44.92,89.84
10693,4154,43,1,88.0,88.0
10694,4154,15,2,53.67,107.34
10695,4155,44,1,75.11,75.11
10696,4155,12,3,67.93,203.79000000000002
10697,4156,1,2,12.62,25.24
10698,4156,21,2,84.12,168.24
10699,4156,12,4,66.62,266.48
10700,4157,5,3,36.74,110.22
10701,4158,20,4,13.6,54.4
10702,4158,49,3,25.99,77.97
10703,4159,41,2,49.52,99.04
10704,4160,36,2,27.62,55.24
10705,4161,47,2,43.86,87.72
10706,4161,23,1,96.67,96.67
10707,4161,2,2,90.2,180.4
10708,4162,46,4,54.61,218.44
10709,4162,6,2,21.83,43.66
10710,4162,26,3,18.04,54.12
10711,4162,29,1,35.03,35.03
10712,4163,19,2,19.63,39.26
10713,4164,55,3,32.1,96.30000000000001
10714,4164,44,3,71.08,213.24
10715,4164,9,4,53.19,212.76
10716,4164,29,1,37.5,37.5
10717,4165,53,4,40.83,163.32
10718,4165,34,3,35.12,105.35999999999999
10719,4165,25,4,26.69,106.76
10720,4165,29,3,35.64,106.92
10721,4166,50,4,15.61,62.44
10722,4166,16,4,399.21,1596.84
10723,4167,27,2,23.63,47.26
10724,4167,41,3,52.09,156.27
10725,4167,16,1,411.17,411.17
10726,4167,19,1,19.41,19.41
10727,4168,50,1,14.65,14.65
10728,4168,35,1,15.53,15.53
10729,4168,41,1,47.92,47.92
10730,4169,54,3,24.07,72.21000000000001
10731,4170,29,1,34.49,34.49
10732,4170,45,1,66.64,66.64
10733,4170,23,2,102.9,205.8
10734,4170,13,1,48.26,48.26
10735,4171,33,1,48.95,48.95
10736,4171,40,2,17.94,35.88
10737,4171,3,2,28.21,56.42
10738,4171,29,1,35.35,35.35
10739,4172,35,4,15.43,61.72
10740,4172,44,1,71.26,71.26
10741,4172,26,3,19.29,57.87
10742,4173,17,3,151.32,453.96
10743,4173,48,2,100.22,200.44
10744,4173,8,1,123.36,123.36
10745,4174,14,3,33.3,99.89999999999999
10746,4174,5,3,38.13,114.39000000000001
10747,4174,22,3,236.0,708.0
10748,4174,21,1,89.09,89.09
10749,4175,30,3,100.23,300.69
10750,4175,14,2,35.69,71.38
10751,4176,43,3,90.18,270.54
10752,4176,47,1,45.35,45.35
10753,4176,36,3,29.17,87.51
10754,4176,41,4,46.82,187.28
10755,4177,27,2,22.69,45.38
10756,4177,44,3,70.17,210.51
10757,4178,37,2,60.02,120.04
10758,4178,3,2,30.25,60.5
10759,4178,12,2,63.52,127.04
10760,4178,5,3,38.24,114.72
10761,4179,22,2,229.93,459.86
10762,4179,12,1,68.14,68.14
10763,4179,2,1,89.98,89.98
10764,4180,20,3,14.65,43.95
10765,4181,10,2,17.29,34.58
10766,4181,25,1,29.49,29.49
10767,4181,17,2,156.01,312.02
10768,4182,28,2,63.35,126.7
10769,4182,44,2,78.34,156.68
10770,4183,30,3,90.93,272.79
10771,4183,27,1,23.42,23.42
10772,4184,10,3,18.73,56.19
10773,4184,42,4,70.04,280.16
10774,4184,27,1,21.81,21.81
10775,4184,16,2,399.88,799.76
10776,4185,53,3,42.41,127.22999999999999
10777,4185,44,4,73.88,295.52
10778,4186,41,3,51.61,154.82999999999998
10779,4187,31,1,172.58,172.58
10780,4187,2,2,87.3,174.6
10781,4188,16,3,410.19,1230.57
10782,4188,17,2,155.09,310.18
10783,4189,28,4,67.94,271.76
10784,4189,20,3,13.84,41.519999999999996
10785,4189,11,4,44.14,176.56
10786,4189,23,2,97.51,195.02
10787,4190,12,3,64.03,192.09
10788,4190,48,2,100.82,201.64
10789,4191,49,1,24.13,24.13
10790,4191,18,4,76.44,305.76
10791,4192,19,2,19.72,39.44
10792,4193,21,4,82.73,330.92
10793,4193,46,1,60.44,60.44
10794,4194,31,2,178.62,357.24
10795,4194,34,2,31.63,63.26
10796,4195,6,1,23.67,23.67
10797,4196,9,2,59.84,119.68
10798,4196,37,2,53.97,107.94
10799,4196,53,3,45.07,135.21
10800,4196,48,4,94.04,376.16
10801,4197,48,4,98.41,393.64
10802,4197,18,1,74.43,74.43
10803,4198,49,4,24.05,96.2
10804,4199,2,4,84.18,336.72
10805,4199,48,1,101.54,101.54
10806,4199,9,3,53.68,161.04
10807,4199,15,4,56.8,227.2
10808,4200,48,2,101.43,202.86
10809,4200,15,2,52.38,104.76
10810,4200,54,4,23.42,93.68
10811,4200,36,2,27.54,55.08
10812,4201,55,2,31.8,63.6
10813,4201,50,2,14.32,28.64
10814,4202,24,1,20.21,20.21
10815,4203,41,3,51.49,154.47
10816,4203,6,3,24.17,72.51
10817,4204,22,3,238.99,716.97
10818,4204,46,3,57.57,172.71
10819,4205,14,1,36.22,36.22
10820,4205,10,3,17.53,52.59
10821,4205,47,4,45.49,181.96
10822,4205,16,2,377.59,755.18
10823,4206,51,3,39.02,117.06
10824,4207,30,1,102.31,102.31
10825,4207,51,1,38.95,38.95
10826,4207,48,3,95.58,286.74
10827,4208,42,2,64.86,129.72
10828,4208,32,4,18.55,74.2
10829,4208,45,3,70.37,211.11
10830,4209,3,2,29.82,59.64
10831,4209,48,1,92.92,92.92
10832,4209,8,2,122.46,244.92
10833,4209,37,1,60.37,60.37
10834,4210,39,2,34.9,69.8
10835,4210,42,1,69.84,69.84
10836,4210,1,2,12.52,25.04
10837,4211,26,3,17.78,53.34
10838,4212,29,4,37.7,150.8
10839,4212,4,2,44.58,89.16
10840,4212,5,1,40.19,40.19
10841,4213,30,4,93.96,375.84
10842,4213,6,1,22.27,22.27
10843,4213,54,4,21.99,87.96
10844,4214,34,2,34.59,69.18
10845,4214,39,1,33.94,33.94
10846,4215,52,4,22.55,90.2
10847,4216,32,1,17.17,17.17
10848,4217,38,1,71.71,71.71
10849,4218,13,3,46.04,138.12
10850,4218,19,4,18.6,74.4
10851,4218,28,1,64.18,64.18
10852,4218,11,2,43.04,86.08
10853,4218,4,3,45.74,137.22
10854,4219,26,3,17.7,53.099999999999994
10855,4219,24,1,20.53,20.53
10856,4219,25,4,27.07,108.28
10857,4219,4,1,47.96,47.96
10858,4220,9,4,54.67,218.68
10859,4221,35,4,15.8,63.2
10860,4221,47,3,48.98,146.94
10861,4221,39,4,31.81,127.24
10862,4221,14,1,36.39,36.39
10863,4221,44,3,77.29,231.87
10864,4222,8,1,131.85,131.85
10865,4223,5,4,39.2,156.8
10866,4223,13,3,50.08,150.24
10867,4223,6,3,22.61,67.83
10868,4223,28,4,61.18,244.72
10869,4224,53,1,43.79,43.79
10870,4224,1,1,11.77,11.77
10871,4225,34,4,32.14,128.56
10872,4225,37,3,55.74,167.22
10873,4225,2,1,90.85,90.85
10874,4225,33,1,49.1,49.1
10875,4226,4,4,43.86,175.44
10876,4226,42,3,67.65,202.95000000000002
10877,4226,30,1,104.4,104.4
10878,4226,16,4,369.73,1478.92
10879,4227,1,2,12.43,24.86
10880,4227,8,3,116.06,348.18
10881,4227,20,3,14.4,43.2
10882,4227,5,2,39.39,78.78
10883,4227,14,1,35.48,35.48
10884,4228,6,2,21.3,42.6
10885,4228,41,1,50.34,50.34
10886,4229,9,3,52.79,158.37
10887,4230,31,4,186.54,746.16
10888,4230,16,2,384.67,769.34
10889,4230,21,2,81.0,162.0
10890,4231,51,1,39.04,39.04
10891,4232,50,3,15.84,47.519999999999996
10892,4232,51,3,40.04,120.12
10893,4232,38,1,75.35,75.35
10894,4233,51,2,40.56,81.12
10895,4233,16,4,386.12,1544.48
10896,4233,46,3,57.87,173.60999999999999
10897,4233,8,1,119.65,119.65
10898,4233,17,1,144.1,144.1
10899,4234,11,4,44.13,176.52
10900,4234,52,2,22.12,44.24
10901,4234,41,2,47.95,95.9
10902,4235,2,1,93.32,93.32
10903,4236,1,1,12.87,12.87
10904,4236,46,4,55.43,221.72
10905,4236,53,2,42.68,85.36
10906,4237,23,2,102.67,205.34
10907,4237,25,1,27.29,27.29
10908,4237,10,2,18.46,36.92
10909,4237,52,1,22.04,22.04
10910,4237,20,4,14.44,57.76
10911,4238,21,1,83.93,83.93
10912,4238,41,1,46.75,46.75
10913,4238,13,2,47.28,94.56
10914,4239,53,2,44.83,89.66
10915,4240,23,3,103.3,309.9
10916,4240,22,4,212.58,850.32
10917,4240,5,3,39.79,119.37
10918,4240,40,1,19.09,19.09
10919,4240,54,3,21.29,63.87
10920,4241,12,4,63.28,253.12
10921,4241,26,1,18.46,18.46
10922,4241,5,4,39.71,158.84
10923,4242,17,1,145.28,145.28
10924,4242,37,3,53.17,159.51
10925,4242,46,1,60.4,60.4
10926,4243,22,2,215.71,431.42
10927,4244,39,2,33.32,66.64
10928,4244,40,3,18.86,56.58
10929,4244,38,2,76.44,152.88
10930,4245,11,2,45.32,90.64
10931,4245,39,3,34.45,103.35000000000001
10932,4245,29,1,34.2,34.2
10933,4246,26,3,19.75,59.25
10934,4246,53,4,40.7,162.8
10935,4246,19,1,18.69,18.69
10936,4247,2,4,82.51,330.04
10937,4247,45,3,73.36,220.07999999999998
10938,4247,53,3,42.68,128.04
10939,4248,2,3,83.35,250.04999999999998
10940,4248,26,2,18.73,37.46
10941,4248,11,3,43.32,129.96
10942,4249,12,2,71.5,143.0
10943,4250,31,4,180.97,723.88
10944,4250,8,4,130.44,521.76
10945,4250,37,2,56.54,113.08
10946,4251,19,2,18.82,37.64
10947,4251,36,3,30.67,92.01
10948,4251,9,4,56.38,225.52
10949,4251,20,3,13.96,41.88
10950,4252,14,3,38.27,114.81
10951,4252,7,2,15.2,30.4
10952,4252,54,3,22.87,68.61
10953,4252,37,2,55.14,110.28
10954,4253,27,2,21.58,43.16
10955,4254,43,3,92.64,277.92
10956,4254,37,2,55.15,110.3
10957,4255,26,4,19.02,76.08
10958,4255,22,4,227.06,908.24
10959,4256,42,3,71.15,213.45000000000002
10960,4256,44,4,69.65,278.6
10961,4256,40,4,17.97,71.88
10962,4257,34,1,34.41,34.41
10963,4258,2,1,88.13,88.13
10964,4258,12,3,65.13,195.39
10965,4258,5,1,39.13,39.13
10966,4258,6,2,22.47,44.94
10967,4259,36,2,28.84,57.68
10968,4259,37,3,53.12,159.35999999999999
10969,4259,52,2,23.62,47.24
10970,4259,13,4,45.65,182.6
10971,4260,15,4,51.14,204.56
10972,4260,41,4,46.72,186.88
10973,4260,17,3,149.65,448.95000000000005
10974,4261,22,2,235.92,471.84
10975,4262,37,3,53.39,160.17000000000002
10976,4262,26,4,19.22,76.88
10977,4262,44,3,73.31,219.93
10978,4262,51,4,41.79,167.16
10979,4263,28,3,60.91,182.73
10980,4263,5,1,36.48,36.48
10981,4263,38,1,72.77,72.77
10982,4264,23,2,97.55,195.1
10983,4264,28,2,62.43,124.86
10984,4265,33,4,43.34,173.36
10985,4266,14,2,34.05,68.1
10986,4266,36,4,27.15,108.6
10987,4266,16,4,369.39,1477.56
10988,4266,43,1,88.67,88.67
10989,4266,6,2,23.94,47.88
10990,4267,40,4,17.9,71.6
10991,4268,10,3,19.62,58.86
10992,4269,35,1,14.82,14.82
10993,4269,30,1,90.96,90.96
10994,4269,18,1,72.12,72.12
10995,4270,54,1,21.56,21.56
10996,4270,11,4,41.7,166.8
10997,4271,4,1,44.06,44.06
10998,4271,24,4,21.27,85.08
10999,4272,40,3,17.75,53.25
11000,4272,47,2,48.44,96.88
11001,4273,48,3,91.05,273.15
11002,4273,16,3,401.35,1204.0500000000002
11003,4274,8,2,131.32,262.64
11004,4275,26,2,18.81,37.62
11005,4275,40,2,19.14,38.28
11006,4275,29,1,36.28,36.28
11007,4276,31,3,195.16,585.48
11008,4276,14,4,34.81,139.24
11009,4277,3,1,29.58,29.58
11010,4277,14,4,34.26,137.04
11011,4277,50,2,15.87,31.74
11012,4277,55,2,32.09,64.18
11013,4277,54,2,23.09,46.18
11014,4278,15,1,50.09,50.09
11015,4279,42,3,62.02,186.06
11016,4280,29,4,37.91,151.64
11017,4281,5,1,38.9,38.9
11018,4281,12,3,68.17,204.51
11019,4281,28,1,61.26,61.26
11020,4282,31,4,184.05,736.2
11021,4283,23,4,96.75,387.0
11022,4284,38,2,73.42,146.84
11023,4284,22,3,226.98,680.9399999999999
11024,4285,46,4,52.66,210.64
11025,4286,50,4,15.49,61.96
11026,4286,53,3,44.59,133.77
11027,4287,23,4,97.94,391.76
11028,4287,4,2,43.33,86.66
11029,4287,1,3,12.29,36.87
11030,4287,51,2,37.86,75.72
11031,4288,35,3,15.76,47.28
11032,4288,47,4,49.13,196.52
11033,4288,8,2,115.94,231.88
11034,4289,7,4,16.36,65.44
11035,4289,34,4,32.64,130.56
11036,4290,44,2,69.31,138.62
11037,4290,39,1,30.85,30.85
11038,4291,54,4,21.95,87.8
11039,4291,50,3,15.27,45.81
11040,4292,37,4,59.54,238.16
11041,4292,18,3,73.58,220.74
11042,4293,9,4,58.65,234.6
11043,4293,18,1,78.34,78.34
11044,4293,23,1,93.0,93.0
11045,4294,8,3,117.32,351.96
11046,4294,35,2,15.27,30.54
11047,4294,44,1,75.97,75.97
11048,4295,39,4,34.39,137.56
11049,4295,15,4,53.73,214.92
11050,4296,49,3,26.79,80.37
11051,4296,18,4,68.94,275.76
11052,4296,54,1,23.86,23.86
11053,4297,41,4,51.82,207.28
11054,4297,23,4,101.45,405.8
11055,4297,25,3,29.24,87.72
11056,4298,54,1,22.75,22.75
11057,4298,43,3,87.07,261.21
11058,4299,7,2,15.51,31.02
11059,4299,51,1,38.24,38.24
11060,4299,40,4,18.11,72.44
11061,4299,6,3,21.66,64.98
11062,4299,34,4,30.52,122.08
11063,4300,42,3,66.37,199.11
11064,4300,26,2,19.35,38.7
11065,4301,13,4,47.77,191.08
11066,4301,24,1,20.82,20.82
11067,4301,40,2,17.29,34.58
11068,4302,17,3,146.08,438.24
11069,4302,31,1,190.94,190.94
11070,4302,39,2,32.65,65.3
11071,4303,1,1,11.48,11.48
11072,4303,50,2,16.31,32.62
11073,4303,2,2,92.54,185.08
11074,4303,13,1,49.27,49.27
11075,4303,5,4,39.23,156.92
11076,4304,10,1,18.31,18.31
11077,4304,1,1,13.15,13.15
11078,4305,17,2,155.95,311.9
11079,4305,32,4,18.3,73.2
11080,4305,49,2,25.09,50.18
11081,4306,32,2,17.99,35.98
11082,4306,38,2,77.81,155.62
11083,4306,24,1,21.09,21.09
11084,4307,24,4,21.11,84.44
11085,4307,26,3,17.85,53.550000000000004
11086,4308,28,2,66.89,133.78
11087,4308,43,2,83.84,167.68
11088,4308,50,3,15.97,47.910000000000004
11089,4309,23,3,92.05,276.15
11090,4309,51,4,39.49,157.96
11091,4309,30,3,98.42,295.26
11092,4310,40,2,17.18,34.36
11093,4310,10,2,19.68,39.36
11094,4310,34,4,32.51,130.04
11095,4311,53,1,42.16,42.16
11096,4311,34,4,33.64,134.56
11097,4311,17,4,143.56,574.24
11098,4312,7,2,15.41,30.82
11099,4313,51,4,39.55,158.2
11100,4313,46,1,55.12,55.12
11101,4313,34,1,34.91,34.91
11102,4314,39,2,30.96,61.92
11103,4314,11,2,40.46,80.92
11104,4315,35,3,14.58,43.74
11105,4315,1,1,12.71,12.71
11106,4315,4,1,45.23,45.23
11107,4316,15,3,55.14,165.42000000000002
11108,4316,44,4,73.83,295.32
11109,4317,30,3,95.63,286.89
11110,4317,10,3,18.15,54.449999999999996
11111,4318,49,1,24.28,24.28
11112,4318,5,2,41.12,82.24
11113,4318,32,2,17.38,34.76
11114,4319,35,1,16.31,16.31
11115,4320,48,4,94.03,376.12
11116,4320,26,4,19.62,78.48
11117,4320,25,4,28.46,113.84
11118,4320,40,4,17.65,70.6
11119,4320,52,1,21.67,21.67
11120,4321,50,3,16.13,48.39
11121,4321,45,3,71.24,213.71999999999997
11122,4321,54,3,21.96,65.88
11123,4321,21,3,81.37,244.11
11124,4321,32,4,18.63,74.52
11125,4322,28,2,62.25,124.5
11126,4322,10,2,19.26,38.52
11127,4322,35,2,14.41,28.82
11128,4323,18,1,70.37,70.37
11129,4323,4,1,46.23,46.23
11130,4323,2,1,83.1,83.1
11131,4323,52,3,21.99,65.97
11132,4323,10,2,19.22,38.44
11133,4324,8,4,124.1,496.4
11134,4324,5,2,36.18,72.36
11135,4325,4,3,44.79,134.37
11136,4325,34,2,32.07,64.14
11137,4325,20,1,15.18,15.18
11138,4326,21,4,84.25,337.0
11139,4326,29,4,34.11,136.44
11140,4327,42,1,68.48,68.48
11141,4327,16,4,386.34,1545.36
11142,4327,30,4,94.4,377.6
11143,4327,48,4,102.79,411.16
11144,4327,50,2,14.95,29.9
11145,4328,53,3,44.06,132.18
11146,4328,32,1,19.68,19.68
11147,4328,27,3,23.38,70.14
11148,4329,17,4,140.75,563.0
11149,4330,26,2,17.14,34.28
11150,4330,12,3,70.8,212.39999999999998
11151,4330,1,3,12.13,36.39
11152,4331,52,1,21.73,21.73
11153,4332,28,3,59.21,177.63
11154,4332,12,3,70.28,210.84
11155,4332,24,4,21.3,85.2
11156,4333,11,4,41.43,165.72
11157,4333,51,1,40.36,40.36
11158,4333,19,2,17.77,35.54
11159,4334,30,4,93.1,372.4
11160,4334,17,4,149.49,597.96
11161,4334,54,1,21.11,21.11
11162,4334,40,2,18.51,37.02
11163,4335,29,4,34.28,137.12
11164,4335,30,1,93.49,93.49
11165,4335,46,2,55.21,110.42
11166,4336,2,2,85.05,170.1
11167,4337,48,1,103.98,103.98
11168,4337,22,2,241.47,482.94
11169,4338,1,1,12.03,12.03
11170,4338,27,2,23.09,46.18
11171,4338,43,2,83.92,167.84
11172,4338,38,4,69.5,278.0
11173,4339,54,1,23.79,23.79
11174,4339,34,3,34.01,102.03
11175,4340,27,2,22.66,45.32
11176,4340,21,4,83.35,333.4
11177,4340,51,4,36.39,145.56
11178,4341,39,4,31.67,126.68
11179,4341,1,1,12.48,12.48
11180,4341,13,4,47.41,189.64
11181,4342,25,4,29.7,118.8
11182,4342,16,1,408.69,408.69
11183,4342,31,1,195.61,195.61
11184,4343,37,1,60.41,60.41
11185,4343,31,1,189.97,189.97
11186,4344,27,3,23.71,71.13
11187,4345,13,3,47.77,143.31
11188,4345,22,2,211.68,423.36
11189,4345,12,1,66.13,66.13
11190,4346,23,3,102.85,308.54999999999995
11191,4346,46,3,58.89,176.67000000000002
11192,4346,24,3,21.45,64.35
11193,4347,44,3,73.45,220.35000000000002
11194,4347,22,1,209.29,209.29
11195,4348,16,4,371.24,1484.96
11196,4348,54,2,22.91,45.82
11197,4349,27,2,22.17,44.34
11198,4349,55,3,29.02,87.06
11199,4349,17,2,141.69,283.38
11200,4350,48,3,95.45,286.35
11201,4350,51,2,39.97,79.94
11202,4350,14,3,35.34,106.02000000000001
11203,4350,40,4,18.67,74.68
11204,4351,13,3,46.82,140.46
11205,4351,15,2,51.47,102.94
11206,4351,17,3,149.26,447.78
11207,4351,22,3,227.4,682.2
11208,4351,23,3,98.57,295.71
11209,4352,20,4,13.62,54.48
11210,4352,19,1,19.21,19.21
11211,4352,39,3,33.68,101.03999999999999
11212,4353,33,4,49.15,196.6
11213,4353,29,1,36.97,36.97
11214,4353,17,4,150.51,602.04
11215,4353,21,4,87.63,350.52
11216,4354,36,3,28.69,86.07000000000001
11217,4355,53,2,40.29,80.58
11218,4355,30,2,97.27,194.54
11219,4355,23,3,104.02,312.06
11220,4355,1,4,11.59,46.36
11221,4356,24,3,20.68,62.04
11222,4356,39,3,34.81,104.43
11223,4357,18,2,76.41,152.82
11224,4357,4,3,43.48,130.44
11225,4358,48,2,96.87,193.74
11226,4358,4,4,43.84,175.36
11227,4358,1,1,12.13,12.13
11228,4358,40,2,19.59,39.18
11229,4359,20,1,14.67,14.67
11230,4359,28,1,61.64,61.64
11231,4359,53,2,42.32,84.64
11232,4360,48,2,99.08,198.16
11233,4360,38,4,72.42,289.68
11234,4360,12,4,61.88,247.52
11235,4361,37,4,56.83,227.32
11236,4362,1,3,12.74,38.22
11237,4362,48,4,90.53,362.12
11238,4362,46,2,55.56,111.12
11239,4362,31,1,171.89,171.89
11240,4362,37,1,54.87,54.87
11241,4363,25,1,30.36,30.36
11242,4363,45,1,72.38,72.38
11243,4364,21,1,81.54,81.54
11244,4365,8,2,129.8,259.6
11245,4365,9,1,54.72,54.72
11246,4365,30,3,94.27,282.81
11247,4366,12,4,65.15,260.6
11248,4366,29,4,38.29,153.16
11249,4366,13,3,52.31,156.93
11250,4367,21,4,87.16,348.64
11251,4367,49,4,25.97,103.88
11252,4367,4,2,45.31,90.62
11253,4367,10,2,17.15,34.3
11254,4368,30,2,100.76,201.52
11255,4368,49,1,25.7,25.7
11256,4369,2,2,85.29,170.58
11257,4369,19,1,17.25,17.25
11258,4369,14,4,34.0,136.0
11259,4370,39,3,34.54,103.62
11260,4370,34,3,30.87,92.61
11261,4370,29,4,35.01,140.04
11262,4370,55,4,29.84,119.36
11263,4371,8,4,119.04,476.16
11264,4372,2,4,85.58,342.32
11265,4372,11,2,43.43,86.86
11266,4372,37,3,60.05,180.14999999999998
11267,4373,38,4,74.69,298.76
11268,4374,30,1,98.97,98.97
11269,4374,36,2,30.3,60.6
11270,4374,42,3,66.48,199.44
11271,4375,33,1,47.16,47.16
11272,4375,26,2,17.38,34.76
11273,4375,5,2,37.0,74.0
11274,4376,41,2,45.8,91.6
11275,4376,8,3,126.13,378.39
11276,4377,50,1,14.76,14.76
11277,4378,28,3,66.25,198.75
11278,4379,32,3,18.58,55.739999999999995
11279,4379,49,3,26.23,78.69
11280,4380,34,1,33.51,33.51
11281,4380,38,4,75.82,303.28
11282,4381,1,3,12.51,37.53
11283,4381,23,4,93.02,372.08
11284,4381,52,2,23.44,46.88
11285,4382,35,1,14.66,14.66
11286,4383,44,3,77.78,233.34
11287,4384,27,4,21.29,85.16
11288,4384,17,4,154.53,618.12
11289,4384,44,2,74.93,149.86
11290,4384,32,1,19.5,19.5
11291,4384,41,3,48.53,145.59
11292,4385,3,3,28.62,85.86
11293,4385,8,3,124.93,374.79
11294,4385,49,4,23.77,95.08
11295,4385,45,2,66.75,133.5
11296,4386,38,2,77.4,154.8
11297,4387,35,1,14.68,14.68
11298,4387,44,2,72.2,144.4
11299,4388,48,2,95.55,191.1
11300,4389,25,3,29.59,88.77
11301,4389,6,1,23.28,23.28
11302,4389,43,3,96.56,289.68
11303,4390,14,4,37.98,151.92
11304,4390,42,1,63.84,63.84
11305,4390,22,1,213.94,213.94
11306,4390,20,4,14.42,57.68
11307,4391,14,2,36.06,72.12
11308,4391,54,2,21.37,42.74
11309,4391,53,4,46.17,184.68
11310,4391,44,2,79.08,158.16
11311,4391,26,3,17.67,53.010000000000005
11312,4392,10,4,19.66,78.64
11313,4392,6,3,23.14,69.42
11314,4392,27,1,24.04,24.04
11315,4393,54,4,23.97,95.88
11316,4393,12,1,67.1,67.1
11317,4393,23,3,100.42,301.26
11318,4394,20,3,14.12,42.36
11319,4394,12,1,62.98,62.98
11320,4395,9,1,57.14,57.14
11321,4395,1,3,11.57,34.71
11322,4395,34,4,31.12,124.48
11323,4395,29,2,35.67,71.34
11324,4395,8,1,128.4,128.4
11325,4396,18,3,68.49,205.46999999999997
11326,4396,7,2,15.62,31.24
11327,4396,41,3,49.23,147.69
11328,4397,8,3,130.66,391.98
11329,4397,43,4,87.27,349.08
11330,4398,10,2,19.2,38.4
11331,4398,19,3,18.34,55.019999999999996
11332,4398,14,3,33.53,100.59
11333,4398,31,1,190.92,190.92
11334,4398,15,4,56.64,226.56
11335,4399,17,2,153.52,307.04
11336,4400,5,2,39.46,78.92
11337,4401,33,3,46.6,139.8
11338,4401,8,4,118.06,472.24
11339,4401,14,2,35.42,70.84
11340,4401,36,2,26.73,53.46
11341,4401,41,4,49.13,196.52
11342,4402,6,3,21.18,63.54
11343,4402,48,1,95.67,95.67
11344,4403,14,3,36.75,110.25
11345,4404,31,1,172.98,172.98
11346,4404,40,1,17.41,17.41
11347,4404,36,3,30.2,90.6
11348,4405,31,3,183.46,550.38
11349,4406,21,3,90.33,270.99
11350,4406,51,4,41.78,167.12
11351,4406,20,4,13.71,54.84
11352,4407,11,1,40.96,40.96
11353,4407,29,2,35.99,71.98
11354,4407,48,1,95.79,95.79
11355,4408,28,4,64.92,259.68
11356,4408,33,1,44.57,44.57
11357,4408,10,4,17.41,69.64
11358,4409,17,3,152.54,457.62
11359,4409,20,4,14.88,59.52
11360,4410,7,3,14.48,43.44
11361,4410,20,4,15.36,61.44
11362,4410,25,4,28.54,114.16
11363,4410,19,4,19.76,79.04
11364,4411,12,1,67.46,67.46
11365,4412,41,1,46.95,46.95
11366,4412,37,4,55.98,223.92
11367,4412,27,4,22.72,90.88
11368,4412,23,3,93.57,280.71
11369,4412,24,3,20.85,62.550000000000004
11370,4413,29,3,34.58,103.74
11371,4413,48,4,97.56,390.24
11372,4413,13,1,49.65,49.65
11373,4414,36,2,27.47,54.94
11374,4414,27,1,22.94,22.94
11375,4415,55,3,29.37,88.11
11376,4416,37,4,55.01,220.04
11377,4416,45,3,72.19,216.57
11378,4416,3,4,27.36,109.44
11379,4416,26,4,19.0,76.0
11380,4416,36,3,27.65,82.94999999999999
11381,4417,27,3,21.59,64.77
11382,4417,50,2,14.4,28.8
11383,4417,53,2,44.46,88.92
11384,4417,51,2,41.59,83.18
11385,4418,55,3,29.15,87.44999999999999
11386,4418,19,4,19.15,76.6
11387,4418,34,1,34.65,34.65
11388,4419,24,3,19.06,57.17999999999999
11389,4419,23,1,97.29,97.29
11390,4419,6,1,21.92,21.92
11391,4420,42,3,66.49,199.46999999999997
11392,4420,41,1,48.61,48.61
11393,4420,48,3,104.15,312.45000000000005
11394,4420,37,3,57.11,171.32999999999998
11395,4421,43,1,84.65,84.65
11396,4421,10,1,19.63,19.63
11397,4421,25,2,30.54,61.08
11398,4421,12,3,64.46,193.38
11399,4422,17,1,140.68,140.68
11400,4422,38,4,77.34,309.36
11401,4422,11,3,40.63,121.89000000000001
11402,4422,33,2,43.2,86.4
11403,4422,32,3,18.66,55.980000000000004
11404,4423,23,4,99.35,397.4
11405,4424,53,3,43.82,131.46
11406,4424,46,1,55.36,55.36
11407,4425,24,2,19.39,38.78
11408,4425,54,3,23.23,69.69
11409,4426,36,2,27.26,54.52
11410,4426,48,1,94.1,94.1
11411,4426,6,1,24.04,24.04
11412,4427,53,3,44.09,132.27
11413,4428,7,4,16.5,66.0
11414,4428,5,1,36.61,36.61
11415,4429,27,4,23.86,95.44
11416,4429,36,2,29.76,59.52
11417,4429,29,2,37.84,75.68
11418,4429,50,2,15.31,30.62
11419,4430,18,4,69.87,279.48
11420,4431,12,4,64.23,256.92
11421,4431,31,4,191.35,765.4
11422,4432,36,1,29.52,29.52
11423,4433,24,4,20.52,82.08
11424,4433,17,4,150.06,600.24
11425,4434,43,1,85.06,85.06
11426,4435,32,3,17.14,51.42
11427,4435,30,4,93.66,374.64
11428,4435,44,4,76.51,306.04
11429,4435,50,1,14.54,14.54
11430,4435,21,2,81.96,163.92
11431,4436,12,2,69.77,139.54
11432,4436,40,1,19.64,19.64
11433,4436,9,3,56.32,168.96
11434,4437,55,3,31.21,93.63
11435,4438,39,2,34.99,69.98
11436,4438,36,3,28.23,84.69
11437,4438,18,3,76.71,230.13
11438,4438,32,3,17.78,53.34
11439,4438,41,1,47.15,47.15
11440,4439,27,4,22.04,88.16
11441,4439,35,4,14.58,58.32
11442,4440,48,2,101.87,203.74
11443,4440,2,4,87.47,349.88
11444,4441,32,3,17.7,53.099999999999994
11445,4441,21,2,89.46,178.92
11446,4442,37,1,57.19,57.19
11447,4442,9,1,55.27,55.27
11448,4443,42,2,67.95,135.9
11449,4443,54,3,20.97,62.91
11450,4443,1,4,11.51,46.04
11451,4444,38,4,76.12,304.48
11452,4444,6,3,22.11,66.33
11453,4445,52,4,20.95,83.8
11454,4445,20,3,15.03,45.089999999999996
11455,4446,10,1,18.07,18.07
11456,4447,47,4,42.97,171.88
11457,4448,31,4,174.99,699.96
11458,4448,13,3,52.24,156.72
11459,4448,44,4,74.17,296.68
11460,4449,4,1,47.35,47.35
11461,4449,48,4,102.47,409.88
11462,4449,46,1,56.9,56.9
11463,4449,20,2,15.32,30.64
11464,4450,23,4,91.84,367.36
11465,4450,47,4,44.9,179.6
11466,4450,11,3,41.79,125.37
11467,4451,23,2,100.68,201.36
11468,4452,3,4,30.47,121.88
11469,4452,10,1,19.02,19.02
11470,4452,14,3,34.4,103.19999999999999
11471,4453,10,3,18.44,55.32000000000001
11472,4453,37,4,53.88,215.52
11473,4453,9,2,59.44,118.88
11474,4454,22,4,220.19,880.76
11475,4454,8,3,122.89,368.67
11476,4455,22,2,229.76,459.52
11477,4456,10,1,18.82,18.82
11478,4456,1,1,12.1,12.1
11479,4456,26,4,19.12,76.48
11480,4457,20,2,14.88,29.76
11481,4457,22,1,217.31,217.31
11482,4457,9,4,54.03,216.12
11483,4457,47,4,48.45,193.8
11484,4457,24,3,19.5,58.5
11485,4458,39,2,31.0,62.0
11486,4459,1,2,12.87,25.74
11487,4459,23,2,102.7,205.4
11488,4460,37,1,55.43,55.43
11489,4460,54,2,22.65,45.3
11490,4461,18,3,76.11,228.32999999999998
11491,4462,54,3,24.2,72.6
11492,4462,38,3,77.51,232.53000000000003
11493,4463,43,2,94.69,189.38
11494,4463,33,4,44.01,176.04
11495,4463,23,1,103.84,103.84
11496,4464,51,3,39.35,118.05000000000001
11497,4464,42,4,70.57,282.28
11498,4465,31,3,184.45,553.3499999999999
11499,4466,35,1,15.39,15.39
11500,4466,23,1,100.9,100.9
11501,4466,1,2,12.09,24.18
11502,4467,7,2,14.97,29.94
11503,4467,40,2,18.03,36.06
11504,4467,54,2,22.78,45.56
11505,4468,44,2,74.82,149.64
11506,4468,41,4,49.35,197.4
11507,4469,33,1,45.08,45.08
11508,4469,27,1,21.97,21.97
11509,4469,31,4,194.29,777.16
11510,4469,13,2,47.1,94.2
11511,4470,41,2,48.58,97.16
11512,4470,21,2,88.38,176.76
11513,4470,15,3,55.46,166.38
11514,4471,34,3,34.77,104.31
11515,4472,3,2,29.78,59.56
11516,4473,29,4,37.47,149.88
11517,4473,34,1,32.91,32.91
11518,4473,44,3,70.75,212.25
11519,4473,21,1,85.61,85.61
11520,4474,32,1,19.48,19.48
11521,4474,31,3,184.0,552.0
11522,4475,55,2,31.58,63.16
11523,4475,41,3,47.14,141.42000000000002
11524,4475,51,3,40.0,120.0
11525,4475,10,1,19.41,19.41
11526,4475,17,3,146.71,440.13
11527,4476,51,1,38.56,38.56
11528,4476,33,4,47.28,189.12
11529,4476,53,3,40.55,121.64999999999999
11530,4476,32,4,18.31,73.24
11531,4477,14,2,33.57,67.14
11532,4477,37,2,52.45,104.9
11533,4478,19,1,17.13,17.13
11534,4478,31,1,196.2,196.2
11535,4479,7,2,15.03,30.06
11536,4479,18,1,73.11,73.11
11537,4479,43,4,88.66,354.64
11538,4479,49,3,24.44,73.32000000000001
11539,4480,23,2,101.06,202.12
11540,4481,13,4,51.06,204.24
11541,4481,7,1,15.49,15.49
11542,4481,35,3,15.62,46.86
11543,4481,3,1,28.03,28.03
11544,4482,17,1,148.81,148.81
11545,4482,7,1,16.11,16.11
11546,4482,32,1,18.65,18.65
11547,4482,41,2,50.05,100.1
11548,4483,24,1,21.54,21.54
11549,4483,48,2,91.91,183.82
11550,4484,6,3,23.12,69.36
11551,4484,37,2,56.72,113.44
11552,4484,18,2,71.02,142.04
11553,4485,37,2,55.68,111.36
11554,4485,19,2,19.45,38.9
11555,4485,20,3,14.18,42.54
11556,4485,38,4,73.63,294.52
11557,4486,16,3,375.48,1126.44
11558,4487,29,2,33.98,67.96
11559,4487,28,2,63.82,127.64
11560,4487,41,4,49.21,196.84
11561,4487,22,4,209.78,839.12
11562,4488,44,4,69.13,276.52
11563,4488,43,1,90.31,90.31
11564,4488,24,2,20.99,41.98
11565,4489,39,3,30.43,91.28999999999999
11566,4490,5,4,38.87,155.48
11567,4490,32,1,19.65,19.65
11568,4490,41,3,46.45,139.35000000000002
11569,4491,25,3,29.76,89.28
11570,4491,32,3,17.95,53.849999999999994
11571,4491,49,2,24.12,48.24
11572,4492,5,3,37.7,113.10000000000001
11573,4492,48,1,99.78,99.78
11574,4492,20,3,13.43,40.29
11575,4493,38,3,76.42,229.26
11576,4493,40,2,19.26,38.52
11577,4493,54,3,21.68,65.03999999999999
11578,4493,48,2,93.25,186.5
11579,4493,45,4,71.58,286.32
11580,4494,3,1,30.3,30.3
11581,4494,45,1,71.23,71.23
11582,4494,28,1,59.53,59.53
11583,4494,8,1,118.65,118.65
11584,4495,16,4,408.5,1634.0
11585,4495,5,3,40.85,122.55000000000001
11586,4496,49,1,25.15,25.15
11587,4496,50,1,15.18,15.18
11588,4496,43,4,96.02,384.08
11589,4496,21,2,92.37,184.74
11590,4496,5,2,37.58,75.16
11591,4497,35,2,15.86,31.72
11592,4497,23,2,98.4,196.8
11593,4497,28,3,63.78,191.34
11594,4497,18,4,69.0,276.0
11595,4497,47,3,43.55,130.64999999999998
11596,4498,22,3,224.36,673.08
11597,4499,9,4,53.0,212.0
11598,4499,27,2,22.18,44.36
11599,4500,52,1,23.83,23.83
11600,4501,52,3,23.79,71.37
11601,4502,49,4,25.46,101.84
11602,4502,34,4,30.77,123.08
11603,4502,41,4,49.99,199.96
11604,4502,39,4,32.76,131.04
11605,4503,44,3,69.64,208.92000000000002
11606,4504,19,2,18.64,37.28
11607,4504,12,3,71.14,213.42000000000002
11608,4504,6,4,23.79,95.16
11609,4505,53,4,45.58,182.32
11610,4505,48,1,100.3,100.3
11611,4505,19,2,18.24,36.48
11612,4506,31,3,196.84,590.52
11613,4506,13,3,49.34,148.02
11614,4506,43,2,95.33,190.66
11615,4506,24,1,20.14,20.14
11616,4507,32,2,18.35,36.7
11617,4507,39,3,33.82,101.46000000000001
11618,4507,47,2,47.13,94.26
11619,4508,51,1,38.47,38.47
11620,4508,36,2,27.06,54.12
11621,4509,42,3,66.81,200.43
11622,4509,31,2,185.22,370.44
11623,4509,9,2,54.55,109.1
11624,4509,20,3,13.88,41.64
11625,4510,3,3,28.0,84.0
11626,4511,43,1,93.41,93.41
11627,4511,20,2,15.0,30.0
11628,4511,27,4,21.48,85.92
11629,4511,12,3,71.03,213.09
11630,4511,53,4,41.44,165.76
11631,4512,43,3,91.81,275.43
11632,4512,5,4,37.03,148.12
11633,4512,16,2,366.93,733.86
11634,4512,34,1,31.32,31.32
11635,4512,19,2,18.24,36.48
11636,4513,17,2,147.51,295.02
11637,4513,55,3,30.33,90.99
11638,4513,34,1,33.73,33.73
11639,4514,43,4,86.36,345.44
11640,4514,23,2,90.56,181.12
11641,4514,30,1,103.07,103.07
11642,4515,49,2,25.65,51.3
11643,4516,41,3,49.23,147.69
11644,4516,29,3,35.44,106.32
11645,4517,27,4,21.65,86.6
11646,4518,3,3,28.79,86.37
11647,4518,48,4,94.02,376.08
11648,4518,19,1,17.58,17.58
11649,4519,6,2,24.0,48.0
11650,4519,9,1,58.54,58.54
11651,4519,40,2,18.36,36.72
11652,4520,12,2,64.02,128.04
11653,4521,15,4,55.12,220.48
11654,4522,8,4,128.62,514.48
11655,4523,33,3,46.89,140.67000000000002
11656,4523,26,3,18.3,54.900000000000006
11657,4524,1,3,12.9,38.7
11658,4524,55,2,32.08,64.16
11659,4525,2,3,84.28,252.84
11660,4525,36,2,28.04,56.08
11661,4525,28,2,60.26,120.52
11662,4526,10,3,17.19,51.57000000000001
11663,4527,21,3,85.8,257.4
11664,4527,36,3,26.65,79.94999999999999
11665,4527,16,1,410.55,410.55
11666,4528,30,1,99.21,99.21
11667,4528,35,2,14.44,28.88
11668,4528,45,2,73.08,146.16
11669,4528,26,1,18.12,18.12
11670,4528,15,3,51.16,153.48
11671,4529,34,2,33.03,66.06
11672,4529,26,4,18.11,72.44
11673,4529,21,1,92.79,92.79
11674,4529,41,1,49.81,49.81
11675,4529,19,3,17.33,51.989999999999995
11676,4530,4,1,46.13,46.13
11677,4530,14,2,34.65,69.3
11678,4531,45,2,72.13,144.26
11679,4532,14,3,38.07,114.21000000000001
11680,4533,6,4,21.91,87.64
11681,4533,27,1,23.03,23.03
11682,4534,5,1,40.01,40.01
11683,4534,26,3,17.77,53.31
11684,4534,21,4,90.66,362.64
11685,4535,38,4,69.64,278.56
11686,4535,28,1,64.38,64.38
11687,4536,9,3,53.25,159.75
11688,4536,48,3,100.87,302.61
11689,4536,6,1,22.64,22.64
11690,4536,44,3,75.21,225.63
11691,4536,15,4,54.62,218.48
11692,4537,37,2,57.78,115.56
11693,4537,34,3,31.15,93.44999999999999
11694,4538,37,1,60.1,60.1
11695,4538,54,4,21.39,85.56
11696,4538,43,2,83.89,167.78
11697,4539,5,3,37.36,112.08
11698,4539,18,2,77.51,155.02
11699,4539,17,2,141.88,283.76
11700,4540,38,4,75.97,303.88
11701,4540,16,2,402.4,804.8
11702,4540,7,1,16.18,16.18
11703,4541,23,1,93.22,93.22
11704,4541,48,4,102.3,409.2
11705,4541,20,1,14.11,14.11
11706,4542,46,3,55.83,167.49
11707,4542,38,2,76.04,152.08
11708,4542,27,1,23.66,23.66
11709,4543,53,4,43.3,173.2
11710,4544,22,2,211.38,422.76
11711,4544,49,2,24.89,49.78
11712,4545,38,2,76.14,152.28
11713,4545,2,1,86.27,86.27
11714,4546,20,4,14.43,57.72
11715,4547,30,3,98.34,295.02
11716,4547,17,4,157.37,629.48
11717,4548,51,3,36.63,109.89000000000001
11718,4548,54,1,23.79,23.79
11719,4549,40,3,17.28,51.84
11720,4549,8,2,120.47,240.94
11721,4549,3,1,28.75,28.75
11722,4549,22,3,231.84,695.52
11723,4550,7,4,15.89,63.56
11724,4550,20,4,14.68,58.72
11725,4551,23,2,99.5,199.0
11726,4552,48,2,100.9,201.8
11727,4553,54,4,22.69,90.76
11728,4553,46,2,59.48,118.96
11729,4553,32,2,17.33,34.66
11730,4553,7,3,16.24,48.72
11731,4554,26,2,17.78,35.56
11732,4554,36,2,28.88,57.76
11733,4554,1,3,13.16,39.480000000000004
11734,4554,30,1,95.04,95.04
11735,4555,7,1,15.4,15.4
11736,4555,25,2,27.26,54.52
11737,4556,3,4,28.68,114.72
11738,4556,39,2,32.24,64.48
11739,4557,49,1,27.26,27.26
11740,4557,47,1,45.14,45.14
11741,4558,18,2,73.86,147.72
11742,4558,6,2,21.77,43.54
11743,4559,52,1,21.6,21.6
11744,4560,10,3,18.14,54.42
11745,4560,17,2,155.86,311.72
11746,4560,50,2,15.95,31.9
11747,4560,31,2,176.51,353.02
11748,4560,44,2,71.67,143.34
11749,4561,35,4,16.12,64.48
11750,4561,17,1,148.18,148.18
11751,4561,1,2,11.84,23.68
11752,4562,2,2,86.73,173.46
11753,4562,4,3,43.8,131.39999999999998
11754,4562,18,3,75.54,226.62
11755,4563,31,1,174.69,174.69
11756,4563,37,4,57.95,231.8
11757,4563,42,4,63.03,252.12
11758,4564,25,4,29.67,118.68
11759,4564,52,2,22.52,45.04
11760,4565,7,2,14.56,29.12
11761,4565,20,2,14.69,29.38
11762,4565,11,2,41.8,83.6
11763,4566,54,4,22.38,89.52
11764,4566,7,1,15.66,15.66
11765,4566,26,1,17.9,17.9
11766,4567,26,2,18.23,36.46
11767,4567,2,2,82.79,165.58
11768,4568,20,4,14.68,58.72
11769,4568,14,3,36.05,108.14999999999999
11770,4568,19,1,18.32,18.32
11771,4569,19,1,18.97,18.97
11772,4569,33,2,47.03,94.06
11773,4570,41,4,51.3,205.2
11774,4570,48,3,95.79,287.37
11775,4570,18,2,75.92,151.84
11776,4571,23,3,100.53,301.59000000000003
11777,4571,16,4,384.56,1538.24
11778,4571,35,3,15.59,46.769999999999996
11779,4571,40,2,17.9,35.8
11780,4572,29,2,33.97,67.94
11781,4572,30,3,91.09,273.27
11782,4572,38,1,73.93,73.93
11783,4573,20,4,14.74,58.96
11784,4573,38,3,72.7,218.10000000000002
11785,4574,22,4,215.98,863.92
11786,4574,24,2,20.16,40.32
11787,4574,14,2,37.78,75.56
11788,4575,2,4,82.33,329.32
11789,4575,46,1,53.92,53.92
11790,4575,4,1,47.47,47.47
11791,4576,30,4,93.09,372.36
11792,4576,16,4,413.92,1655.68
11793,4577,34,2,30.67,61.34
11794,4577,47,4,45.07,180.28
11795,4577,52,3,22.24,66.72
11796,4578,30,4,101.96,407.84
11797,4578,39,3,31.54,94.62
11798,4578,13,4,51.29,205.16
11799,4578,35,1,15.28,15.28
11800,4578,17,2,149.25,298.5
11801,4579,31,1,175.75,175.75
11802,4579,46,1,59.76,59.76
11803,4580,41,2,45.66,91.32
11804,4581,39,4,31.13,124.52
11805,4581,27,3,22.18,66.53999999999999
11806,4582,42,3,64.47,193.41
11807,4582,55,4,32.14,128.56
11808,4583,10,1,18.57,18.57
11809,4584,27,1,24.12,24.12
11810,4584,20,2,13.66,27.32
11811,4584,53,1,41.38,41.38
11812,4585,24,2,19.85,39.7
11813,4585,48,1,91.09,91.09
11814,4586,23,2,97.16,194.32
11815,4586,25,4,30.47,121.88
11816,4586,31,1,187.1,187.1
11817,4586,5,4,40.02,160.08
11818,4587,45,2,74.69,149.38
11819,4588,24,2,20.19,40.38
11820,4588,26,2,17.43,34.86
11821,4588,15,4,57.02,228.08
11822,4588,29,2,35.71,71.42
11823,4589,17,3,144.42,433.26
11824,4589,36,2,28.1,56.2
11825,4589,14,1,36.33,36.33
11826,4589,54,4,23.6,94.4
11827,4590,43,1,89.99,89.99
11828,4590,22,2,216.17,432.34
11829,4590,40,3,17.37,52.11
11830,4591,55,1,30.52,30.52
11831,4592,30,4,95.0,380.0
11832,4592,17,2,146.98,293.96
11833,4592,21,4,81.13,324.52
11834,4593,32,1,17.28,17.28
11835,4594,43,4,85.65,342.6
11836,4594,17,1,147.14,147.14
11837,4594,6,1,24.08,24.08
11838,4594,13,1,50.02,50.02
11839,4594,14,1,38.17,38.17
11840,4595,37,2,52.72,105.44
11841,4595,29,1,35.65,35.65
11842,4595,46,1,58.74,58.74
11843,4596,14,3,35.99,107.97
11844,4596,22,2,235.4,470.8
11845,4596,31,3,174.04,522.12
11846,4596,26,4,17.77,71.08
11847,4596,28,1,61.13,61.13
11848,4597,11,4,40.04,160.16
11849,4597,20,3,14.28,42.839999999999996
11850,4597,22,1,229.08,229.08
11851,4598,32,4,18.26,73.04
11852,4599,14,2,38.0,76.0
11853,4600,3,4,28.86,115.44
11854,4600,45,2,66.38,132.76
11855,4600,39,3,35.02,105.06
11856,4601,17,1,154.66,154.66
11857,4601,18,2,78.6,157.2
11858,4601,40,2,18.53,37.06
11859,4602,33,4,46.5,186.0
11860,4603,32,2,17.34,34.68
11861,4603,26,3,17.25,51.75
11862,4604,35,4,16.27,65.08
11863,4604,25,2,30.53,61.06
11864,4604,29,1,38.23,38.23
11865,4604,8,3,116.04,348.12
11866,4605,13,4,49.52,198.08
11867,4605,46,2,58.81,117.62
11868,4606,3,4,27.22,108.88
11869,4606,42,1,66.1,66.1
11870,4606,4,3,45.11,135.32999999999998
11871,4606,9,3,59.09,177.27
11872,4606,28,3,61.24,183.72
11873,4607,13,2,47.0,94.0
11874,4607,41,4,49.08,196.32
11875,4608,17,1,152.45,152.45
11876,4609,25,1,29.94,29.94
11877,4609,20,3,13.83,41.49
11878,4610,3,4,29.49,117.96
11879,4610,37,4,60.03,240.12
11880,4610,20,2,13.4,26.8
11881,4611,27,2,23.64,47.28
11882,4612,34,1,32.91,32.91
11883,4612,21,4,88.36,353.44
11884,4613,39,3,31.88,95.64
11885,4613,32,3,18.06,54.17999999999999
11886,4613,53,1,44.79,44.79
11887,4614,53,3,44.72,134.16
11888,4615,44,3,71.2,213.60000000000002
11889,4615,29,3,34.23,102.69
11890,4616,50,3,16.14,48.42
11891,4617,47,3,45.37,136.10999999999999
11892,4617,8,1,121.26,121.26
11893,4617,18,3,70.19,210.57
11894,4617,45,4,71.95,287.8
11895,4618,6,1,23.3,23.3
11896,4618,3,2,28.41,56.82
11897,4618,15,3,51.07,153.21
11898,4618,21,1,85.89,85.89
11899,4618,7,2,16.5,33.0
11900,4619,28,3,63.55,190.64999999999998
11901,4619,20,4,13.88,55.52
11902,4620,31,4,192.21,768.84
11903,4620,47,2,45.38,90.76
11904,4620,5,1,38.09,38.09
11905,4620,39,4,33.14,132.56
11906,4621,23,3,90.7,272.1
11907,4621,54,3,22.09,66.27
11908,4621,30,2,92.32,184.64
11909,4622,8,3,114.07,342.21
11910,4622,53,1,43.89,43.89
11911,4622,48,3,91.59,274.77
11912,4622,47,3,44.34,133.02
11913,4622,26,3,18.28,54.84
11914,4623,54,4,23.31,93.24
11915,4623,28,2,66.51,133.02
11916,4623,7,3,14.83,44.49
11917,4624,48,1,101.81,101.81
11918,4624,45,2,67.64,135.28
11919,4624,41,1,51.37,51.37
11920,4625,4,2,42.93,85.86
11921,4626,14,2,36.15,72.3
11922,4626,17,1,146.29,146.29
11923,4626,47,1,47.64,47.64
11924,4626,49,1,24.86,24.86
11925,4626,36,1,28.51,28.51
11926,4627,16,3,398.61,1195.83
11927,4628,12,4,63.01,252.04
11928,4628,41,3,48.81,146.43
11929,4628,2,4,91.62,366.48
11930,4629,30,3,102.11,306.33
11931,4630,2,1,81.13,81.13
11932,4630,53,3,41.41,124.22999999999999
11933,4631,8,1,122.08,122.08
11934,4631,23,1,99.31,99.31
11935,4631,13,2,46.43,92.86
11936,4631,33,3,43.14,129.42000000000002
11937,4631,28,1,64.51,64.51
11938,4632,42,3,64.28,192.84
11939,4632,24,2,20.7,41.4
11940,4632,37,1,57.32,57.32
11941,4633,11,1,45.46,45.46
11942,4633,2,1,91.61,91.61
11943,4633,8,4,119.83,479.32
11944,4634,48,1,91.06,91.06
11945,4634,8,4,130.24,520.96
11946,4634,34,4,34.18,136.72
11947,4634,21,2,82.13,164.26
11948,4634,17,4,142.45,569.8
11949,4635,20,1,14.6,14.6
11950,4636,20,4,14.5,58.0
11951,4637,3,1,27.01,27.01
11952,4637,43,2,91.92,183.84
11953,4638,26,4,17.81,71.24
11954,4638,22,4,212.0,848.0
11955,4638,25,1,29.36,29.36
11956,4639,49,2,26.28,52.56
11957,4639,6,3,22.12,66.36
11958,4639,29,4,37.63,150.52
11959,4639,37,1,53.99,53.99
11960,4640,50,2,15.2,30.4
11961,4640,29,4,37.98,151.92
11962,4640,33,3,45.1,135.3
11963,4641,22,1,227.88,227.88
11964,4642,36,2,27.17,54.34
11965,4643,44,3,69.51,208.53000000000003
11966,4643,26,3,18.23,54.69
11967,4643,52,4,23.87,95.48
11968,4644,19,2,18.69,37.38
11969,4644,24,4,21.12,84.48
11970,4644,52,2,21.88,43.76
11971,4645,10,4,18.01,72.04
11972,4646,54,1,22.81,22.81
11973,4646,49,1,24.46,24.46
11974,4647,1,1,12.49,12.49
11975,4647,18,2,78.69,157.38
11976,4647,51,4,36.84,147.36
11977,4648,8,4,124.93,499.72
11978,4648,21,2,93.32,186.64
11979,4648,22,3,222.03,666.09
11980,4649,24,1,20.87,20.87
11981,4650,32,2,19.0,38.0
11982,4651,5,1,40.26,40.26
11983,4651,42,2,68.97,137.94
11984,4651,19,1,19.51,19.51
11985,4652,31,1,171.86,171.86
11986,4652,46,2,57.76,115.52
11987,4652,19,4,17.95,71.8
11988,4652,55,3,30.52,91.56
11989,4653,41,1,52.32,52.32
11990,4654,50,4,16.07,64.28
11991,4654,17,1,141.97,141.97
11992,4654,9,1,52.9,52.9
11993,4655,19,3,19.03,57.09
11994,4655,52,2,23.52,47.04
11995,4655,21,4,92.51,370.04
11996,4655,16,1,385.66,385.66
11997,4656,16,4,390.82,1563.28
11998,4656,26,4,18.76,75.04
11999,4657,52,4,21.93,87.72
12000,4657,15,2,54.37,108.74
12001,4657,14,1,35.73,35.73
12002,4657,26,2,18.89,37.78
12003,4657,30,1,97.32,97.32
12004,4658,1,1,13.13,13.13
12005,4658,17,4,156.48,625.92
12006,4658,9,3,54.26,162.78
12007,4659,30,3,94.68,284.04
12008,4659,15,2,54.17,108.34
12009,4659,34,1,35.2,35.2
12010,4659,11,3,42.73,128.19
12011,4660,54,2,24.05,48.1
12012,4660,45,3,69.95,209.85000000000002
12013,4661,23,4,92.01,368.04
12014,4662,49,2,26.49,52.98
12015,4662,11,1,43.98,43.98
12016,4662,14,4,33.41,133.64
12017,4662,42,4,64.42,257.68
12018,4662,20,3,14.76,44.28
12019,4663,43,1,89.1,89.1
12020,4663,25,4,30.3,121.2
12021,4663,55,4,29.8,119.2
12022,4663,18,3,77.71,233.13
12023,4663,9,2,59.53,119.06
12024,4664,1,2,11.9,23.8
12025,4664,38,3,75.69,227.07
12026,4664,43,3,92.47,277.40999999999997
12027,4664,25,3,29.99,89.97
12028,4665,35,1,14.87,14.87
12029,4665,45,3,66.35,199.04999999999998
12030,4665,17,3,155.58,466.74
12031,4666,37,3,56.03,168.09
12032,4666,34,2,33.91,67.82
12033,4667,17,3,157.87,473.61
12034,4667,45,3,66.91,200.73
12035,4667,23,1,99.69,99.69
12036,4667,43,2,89.38,178.76
12037,4668,2,4,82.66,330.64
12038,4668,16,3,379.69,1139.07
12039,4668,33,4,46.92,187.68
12040,4668,32,2,19.2,38.4
12041,4668,41,4,50.86,203.44
12042,4669,50,3,16.47,49.41
12043,4670,28,1,60.0,60.0
12044,4670,35,1,14.99,14.99
12045,4670,52,4,23.85,95.4
12046,4670,44,2,75.67,151.34
12047,4671,2,2,85.66,171.32
12048,4672,51,3,40.44,121.32
12049,4672,18,3,72.79,218.37
12050,4672,5,1,39.68,39.68
12051,4673,22,1,220.6,220.6
12052,4673,30,2,92.67,185.34
12053,4674,28,1,62.85,62.85
12054,4675,48,3,90.4,271.20000000000005
12055,4675,29,1,36.91,36.91
12056,4676,31,1,196.39,196.39
12057,4677,40,4,17.34,69.36
12058,4677,25,2,28.5,57.0
12059,4678,4,4,49.32,197.28
12060,4678,17,4,145.88,583.52
12061,4678,34,4,32.9,131.6
12062,4679,13,1,48.47,48.47
12063,4679,48,2,92.56,185.12
12064,4679,7,3,15.98,47.94
12065,4680,28,1,61.8,61.8
12066,4681,40,4,19.32,77.28
12067,4681,43,3,96.01,288.03000000000003
12068,4682,26,1,17.61,17.61
12069,4683,46,1,57.35,57.35
12070,4683,1,2,11.72,23.44
12071,4684,28,1,67.52,67.52
12072,4684,38,3,77.0,231.0
12073,4684,29,2,36.51,73.02
12074,4685,31,2,192.86,385.72
12075,4685,52,2,24.02,48.04
12076,4685,38,1,76.08,76.08
12077,4685,3,2,27.39,54.78
12078,4685,14,4,33.37,133.48
12079,4686,39,1,32.02,32.02
12080,4687,2,2,90.22,180.44
12081,4688,53,3,41.65,124.94999999999999
12082,4688,52,3,22.47,67.41
12083,4688,41,2,52.28,104.56
12084,4689,24,1,20.78,20.78
12085,4689,6,4,21.67,86.68
12086,4689,53,3,41.03,123.09
12087,4690,26,4,19.27,77.08
12088,4690,54,4,21.79,87.16
12089,4690,12,1,69.78,69.78
12090,4691,32,3,17.92,53.760000000000005
12091,4691,6,4,23.38,93.52
12092,4691,36,3,29.44,88.32000000000001
12093,4692,16,2,386.57,773.14
12094,4692,6,1,21.52,21.52
12095,4692,12,2,65.58,131.16
12096,4692,54,3,23.43,70.28999999999999
12097,4693,31,3,192.1,576.3
12098,4693,23,3,101.25,303.75
12099,4694,29,4,37.92,151.68
12100,4695,27,4,23.58,94.32
12101,4695,33,3,44.3,132.89999999999998
12102,4696,1,2,11.41,22.82
12103,4697,2,2,91.88,183.76
12104,4697,43,3,96.33,288.99
12105,4697,17,4,152.46,609.84
12106,4697,44,2,73.93,147.86
12107,4698,21,3,86.75,260.25
12108,4698,5,2,39.82,79.64
12109,4699,45,2,71.32,142.64
12110,4699,31,2,184.12,368.24
12111,4699,43,3,83.86,251.57999999999998
12112,4700,24,4,19.56,78.24
12113,4700,14,4,36.68,146.72
12114,4700,32,4,17.89,71.56
12115,4700,45,4,70.84,283.36
12116,4700,34,3,32.54,97.62
12117,4701,40,3,17.16,51.480000000000004
12118,4701,1,4,11.59,46.36
12119,4701,14,4,38.46,153.84
12120,4702,14,1,36.73,36.73
12121,4702,15,1,55.12,55.12
12122,4702,23,1,91.6,91.6
12123,4703,1,4,11.69,46.76
12124,4704,29,2,37.22,74.44
12125,4704,51,1,40.91,40.91
12126,4704,7,1,16.49,16.49
12127,4704,28,1,67.68,67.68
12128,4705,31,1,177.3,177.3
12129,4705,45,2,71.4,142.8
12130,4705,30,4,91.36,365.44
12131,4705,11,3,45.03,135.09
12132,4705,53,1,46.04,46.04
12133,4706,24,3,21.46,64.38
12134,4707,11,4,44.32,177.28
12135,4707,38,3,69.56,208.68
12136,4708,42,4,61.82,247.28
12137,4708,17,3,150.47,451.40999999999997
12138,4708,14,1,38.16,38.16
12139,4708,19,2,19.3,38.6
12140,4709,38,2,78.89,157.78
12141,4710,2,4,82.1,328.4
12142,4711,11,3,43.25,129.75
12143,4711,7,4,15.32,61.28
12144,4711,31,1,173.94,173.94
12145,4712,52,4,24.13,96.52
12146,4712,45,1,72.22,72.22
12147,4713,3,1,27.67,27.67
12148,4714,35,1,14.7,14.7
12149,4714,39,4,30.69,122.76
12150,4714,49,1,26.9,26.9
12151,4715,5,4,40.73,162.92
12152,4715,30,1,98.49,98.49
12153,4716,16,2,381.56,763.12
12154,4716,10,1,17.73,17.73
12155,4716,39,1,33.23,33.23
12156,4717,36,2,30.72,61.44
12157,4717,46,2,55.53,111.06
12158,4718,15,2,54.75,109.5
12159,4718,2,3,90.05,270.15
12160,4719,41,1,47.75,47.75
12161,4720,37,1,53.23,53.23
12162,4720,31,1,196.74,196.74
12163,4721,35,2,16.19,32.38
12164,4721,41,4,47.62,190.48
12165,4722,1,4,12.1,48.4
12166,4722,11,3,43.6,130.8
12167,4722,41,4,50.76,203.04
12168,4723,18,3,69.31,207.93
12169,4723,1,2,12.94,25.88
12170,4724,28,3,60.46,181.38
12171,4724,15,3,55.79,167.37
12172,4724,38,4,73.04,292.16
12173,4725,43,4,89.2,356.8
12174,4725,30,4,99.62,398.48
12175,4725,12,2,66.19,132.38
12176,4726,16,3,408.17,1224.51
12177,4727,8,1,121.16,121.16
12178,4727,14,1,34.03,34.03
12179,4728,55,3,30.94,92.82000000000001
12180,4728,29,3,34.84,104.52000000000001
12181,4729,35,1,15.98,15.98
12182,4729,25,3,29.07,87.21000000000001
12183,4729,52,2,21.62,43.24
12184,4730,43,1,92.9,92.9
12185,4731,13,2,47.0,94.0
12186,4731,49,4,27.12,108.48
12187,4732,23,2,99.2,198.4
12188,4732,48,3,102.08,306.24
12189,4733,14,4,34.4,137.6
12190,4733,39,1,32.64,32.64
12191,4733,51,3,38.11,114.33
12192,4733,27,4,21.89,87.56
12193,4733,29,4,37.23,148.92
12194,4734,12,1,69.54,69.54
12195,4735,31,3,175.55,526.6500000000001
12196,4735,38,2,78.06,156.12
12197,4735,36,2,27.22,54.44
12198,4736,26,4,19.28,77.12
12199,4736,41,4,48.66,194.64
12200,4736,14,3,34.82,104.46000000000001
12201,4736,22,2,237.57,475.14
12202,4736,24,2,20.21,40.42
12203,4737,28,1,63.32,63.32
12204,4737,6,2,21.66,43.32
12205,4737,43,3,95.11,285.33
12206,4737,53,1,44.35,44.35
12207,4737,44,3,69.22,207.66
12208,4738,44,1,76.52,76.52
12209,4738,8,4,123.61,494.44
12210,4738,31,3,195.94,587.8199999999999
12211,4739,17,4,144.85,579.4
12212,4739,33,2,47.43,94.86
12213,4740,15,2,55.53,111.06
12214,4740,1,2,11.53,23.06
12215,4740,33,2,44.53,89.06
12216,4740,4,4,45.24,180.96
12217,4740,44,3,71.28,213.84
12218,4741,1,1,12.14,12.14
12219,4741,23,2,102.55,205.1
12220,4742,23,1,96.97,96.97
12221,4743,23,1,103.72,103.72
12222,4743,37,4,57.45,229.8
12223,4743,45,1,65.66,65.66
12224,4743,42,2,62.53,125.06
12225,4743,1,1,12.72,12.72
12226,4744,40,2,18.49,36.98
12227,4744,13,3,52.78,158.34
12228,4744,19,1,18.88,18.88
12229,4744,9,4,55.85,223.4
12230,4745,3,1,30.04,30.04
12231,4745,28,2,59.84,119.68
12232,4745,2,4,89.36,357.44
12233,4746,41,2,49.56,99.12
12234,4746,18,2,68.42,136.84
12235,4746,43,4,96.68,386.72
12236,4746,36,1,27.49,27.49
12237,4746,53,4,42.45,169.8
12238,4747,45,2,67.18,134.36
12239,4748,10,2,19.52,39.04
12240,4748,5,2,38.36,76.72
12241,4748,55,2,29.3,58.6
12242,4749,47,1,47.35,47.35
12243,4749,42,4,67.64,270.56
12244,4750,48,1,90.79,90.79
12245,4750,11,1,43.06,43.06
12246,4750,7,1,15.97,15.97
12247,4750,35,3,14.52,43.56
12248,4751,7,3,15.71,47.13
12249,4752,49,3,24.33,72.99
12250,4752,41,4,49.52,198.08
12251,4752,5,4,41.67,166.68
12252,4752,40,2,18.86,37.72
12253,4752,12,2,65.89,131.78
12254,4753,39,2,30.92,61.84
12255,4753,32,2,17.91,35.82
12256,4753,22,4,240.86,963.44
12257,4754,43,1,89.43,89.43
12258,4755,12,3,70.2,210.60000000000002
12259,4756,3,4,27.87,111.48
12260,4756,29,1,35.84,35.84
12261,4756,4,2,44.93,89.86
12262,4756,33,2,49.01,98.02
12263,4757,1,4,12.23,48.92
12264,4758,4,3,46.34,139.02
12265,4758,1,2,12.04,24.08
12266,4758,17,4,145.67,582.68
12267,4759,27,4,23.97,95.88
12268,4759,43,3,87.62,262.86
12269,4760,34,1,34.53,34.53
12270,4760,24,3,21.7,65.1
12271,4760,50,1,15.12,15.12
12272,4761,54,3,22.81,68.42999999999999
12273,4761,44,1,70.02,70.02
12274,4762,26,1,17.34,17.34
12275,4762,17,3,148.7,446.09999999999997
12276,4763,47,1,48.0,48.0
12277,4763,50,4,15.4,61.6
12278,4763,33,3,42.89,128.67000000000002
12279,4763,20,2,14.51,29.02
12280,4763,12,2,68.07,136.14
12281,4764,39,2,34.87,69.74
12282,4764,28,2,63.09,126.18
12283,4764,16,2,396.27,792.54
12284,4764,34,2,31.02,62.04
12285,4764,19,4,17.89,71.56
12286,4765,9,3,54.26,162.78
12287,4765,54,2,23.03,46.06
12288,4765,19,1,18.88,18.88
12289,4766,15,1,55.44,55.44
12290,4766,28,1,62.09,62.09
12291,4766,1,3,11.41,34.230000000000004
12292,4767,47,2,49.05,98.1
12293,4767,5,4,39.63,158.52
12294,4767,34,1,35.03,35.03
12295,4768,21,2,81.78,163.56
12296,4768,20,1,14.28,14.28
12297,4768,53,3,40.65,121.94999999999999
12298,4768,42,2,69.06,138.12
12299,4769,23,1,100.29,100.29
12300,4769,28,1,62.12,62.12
12301,4769,53,4,41.42,165.68
12302,4769,12,3,68.02,204.06
12303,4770,4,3,43.0,129.0
12304,4770,46,1,58.15,58.15
12305,4770,49,3,26.54,79.62
12306,4770,19,4,18.98,75.92
12307,4770,28,2,67.29,134.58
12308,4771,52,3,20.99,62.97
12309,4772,8,2,117.51,235.02
12310,4772,52,3,23.98,71.94
12311,4772,37,1,58.14,58.14
12312,4773,10,3,19.41,58.230000000000004
12313,4773,26,2,19.66,39.32
12314,4774,21,1,93.19,93.19
12315,4774,41,1,45.73,45.73
12316,4775,20,3,14.17,42.51
12317,4775,47,2,45.77,91.54
12318,4775,11,1,43.29,43.29
12319,4775,2,2,81.5,163.0
12320,4776,10,1,17.64,17.64
12321,4776,40,2,19.09,38.18
12322,4776,25,2,30.29,60.58
12323,4777,3,1,29.45,29.45
12324,4778,10,2,19.6,39.2
12325,4779,42,3,65.93,197.79000000000002
12326,4779,32,3,19.43,58.29
12327,4779,50,3,15.63,46.89
12328,4780,40,2,17.9,35.8
12329,4780,34,2,33.67,67.34
12330,4780,26,1,19.18,19.18
12331,4780,29,2,37.75,75.5
12332,4780,20,3,14.49,43.47
12333,4781,12,3,68.37,205.11
12334,4782,30,1,100.64,100.64
12335,4783,21,2,91.57,183.14
12336,4784,25,4,27.91,111.64
12337,4784,44,4,69.34,277.36
12338,4784,40,4,19.0,76.0
12339,4785,28,1,61.1,61.1
12340,4786,39,4,32.57,130.28
12341,4786,32,2,17.14,34.28
12342,4786,41,4,49.97,199.88
12343,4787,54,1,21.77,21.77
12344,4788,30,4,97.94,391.76
12345,4788,5,4,41.29,165.16
12346,4788,38,3,70.32,210.95999999999998
12347,4788,37,2,57.38,114.76
12348,4788,41,3,48.35,145.05
12349,4789,46,3,58.24,174.72
12350,4789,1,1,11.49,11.49
12351,4789,41,3,48.37,145.10999999999999
12352,4789,22,3,223.07,669.21
12353,4790,40,3,17.26,51.78
12354,4790,31,4,190.08,760.32
12355,4790,14,2,35.23,70.46
12356,4791,39,3,31.7,95.1
12357,4791,37,4,57.94,231.76
12358,4791,38,2,78.41,156.82
12359,4791,20,1,14.78,14.78
12360,4791,48,2,94.46,188.92
12361,4792,55,3,30.72,92.16
12362,4792,45,4,73.92,295.68
12363,4793,23,4,94.2,376.8
12364,4793,37,1,57.52,57.52
12365,4793,41,2,47.4,94.8
12366,4793,3,2,27.24,54.48
12367,4793,24,3,21.54,64.62
12368,4794,18,4,69.6,278.4
12369,4794,21,1,85.98,85.98
12370,4794,23,3,92.85,278.54999999999995
12371,4795,44,4,79.11,316.44
12372,4795,19,4,18.84,75.36
12373,4795,48,4,90.99,363.96
12374,4796,15,4,49.86,199.44
12375,4796,38,2,74.08,148.16
12376,4797,42,1,62.93,62.93
12377,4797,36,3,28.51,85.53
12378,4798,48,4,104.46,417.84
12379,4798,20,3,13.66,40.980000000000004
12380,4799,10,3,17.77,53.31
12381,4800,25,4,29.67,118.68
12382,4801,30,1,90.84,90.84
12383,4801,10,3,17.79,53.37
12384,4802,11,4,45.64,182.56
12385,4802,39,3,32.33,96.99
12386,4803,22,4,228.57,914.28
12387,4803,53,1,42.57,42.57
12388,4803,7,3,15.93,47.79
12389,4803,16,4,376.11,1504.44
12390,4803,43,3,85.7,257.1
12391,4804,17,4,158.09,632.36
12392,4805,14,2,37.91,75.82
12393,4806,45,4,68.9,275.6
12394,4806,8,4,123.08,492.32
12395,4806,5,1,36.83,36.83
12396,4806,28,1,62.51,62.51
12397,4807,21,3,84.53,253.59
12398,4807,55,2,31.89,63.78
12399,4807,12,2,63.67,127.34
12400,4808,5,4,36.91,147.64
12401,4808,41,1,47.1,47.1
12402,4808,44,3,71.39,214.17000000000002
12403,4808,7,2,15.02,30.04
12404,4809,29,2,37.07,74.14
12405,4809,12,4,67.98,271.92
12406,4809,9,4,59.4,237.6
12407,4810,11,2,44.05,88.1
12408,4810,53,1,43.66,43.66
12409,4810,19,1,17.6,17.6
12410,4810,5,2,38.53,77.06
12411,4810,34,2,30.93,61.86
12412,4811,29,1,35.09,35.09
12413,4811,30,2,90.88,181.76
12414,4811,37,2,58.18,116.36
12415,4812,28,1,66.23,66.23
12416,4812,8,2,124.26,248.52
12417,4812,40,3,19.48,58.44
12418,4813,32,2,17.37,34.74
12419,4813,46,1,57.43,57.43
12420,4813,36,1,30.33,30.33
12421,4813,2,4,89.96,359.84
12422,4814,51,2,38.29,76.58
12423,4814,28,2,63.7,127.4
12424,4814,18,4,77.17,308.68
12425,4815,35,1,14.79,14.79
12426,4816,6,1,23.97,23.97
12427,4816,28,3,67.8,203.39999999999998
12428,4816,25,3,26.8,80.4
12429,4816,20,1,14.13,14.13
12430,4816,21,1,88.27,88.27
12431,4817,7,3,15.85,47.55
12432,4817,10,1,18.83,18.83
12433,4818,12,2,69.46,138.92
12434,4818,6,1,21.19,21.19
12435,4819,27,4,21.84,87.36
12436,4819,45,1,71.43,71.43
12437,4819,13,1,49.83,49.83
12438,4820,36,4,27.45,109.8
12439,4821,55,1,29.63,29.63
12440,4821,26,3,17.32,51.96
12441,4821,22,1,232.77,232.77
12442,4821,24,1,21.7,21.7
12443,4821,35,4,14.35,57.4
12444,4822,44,2,73.92,147.84
12445,4822,16,4,400.96,1603.84
12446,4822,36,1,30.34,30.34
12447,4822,40,3,18.87,56.61
12448,4822,25,1,29.4,29.4
12449,4823,10,4,17.19,68.76
12450,4823,42,1,64.82,64.82
12451,4823,47,3,47.15,141.45
12452,4823,8,3,130.8,392.40000000000003
12453,4823,22,1,209.66,209.66
12454,4824,28,4,64.83,259.32
12455,4824,12,4,63.35,253.4
12456,4825,17,3,149.14,447.41999999999996
12457,4825,29,4,38.24,152.96
12458,4825,50,1,15.49,15.49
12459,4825,49,1,24.39,24.39
12460,4825,36,2,30.13,60.26
12461,4826,4,4,46.57,186.28
12462,4826,19,4,18.25,73.0
12463,4827,42,1,67.17,67.17
12464,4827,13,3,51.31,153.93
12465,4828,51,4,36.67,146.68
12466,4828,5,4,40.71,162.84
12467,4828,49,1,25.11,25.11
12468,4829,39,4,32.2,128.8
12469,4830,15,3,55.13,165.39000000000001
12470,4830,33,2,46.3,92.6
12471,4830,45,3,66.72,200.16
12472,4831,30,4,96.54,386.16
12473,4831,27,4,21.5,86.0
12474,4832,23,4,91.96,367.84
12475,4832,27,4,21.77,87.08
12476,4832,3,2,28.22,56.44
12477,4832,29,1,33.76,33.76
12478,4833,4,3,48.43,145.29
12479,4833,3,2,27.6,55.2
12480,4833,51,2,36.64,73.28
12481,4834,23,4,99.83,399.32
12482,4834,20,3,14.88,44.64
12483,4834,11,2,45.66,91.32
12484,4835,15,4,55.46,221.84
12485,4836,21,2,83.8,167.6
12486,4837,39,3,34.63,103.89000000000001
12487,4838,5,4,37.32,149.28
12488,4839,30,2,102.59,205.18
12489,4839,48,2,94.26,188.52
12490,4840,17,4,156.1,624.4
12491,4841,40,2,18.54,37.08
12492,4841,18,2,71.72,143.44
12493,4842,25,2,29.22,58.44
12494,4842,13,3,51.24,153.72
12495,4842,39,1,31.75,31.75
12496,4842,31,3,172.95,518.8499999999999
12497,4842,23,2,102.72,205.44
12498,4843,35,4,16.37,65.48
12499,4843,8,2,121.7,243.4
12500,4843,17,1,145.36,145.36
12501,4844,8,4,116.96,467.84
12502,4844,11,3,43.24,129.72
12503,4844,55,2,32.91,65.82
12504,4845,35,2,14.45,28.9
12505,4845,42,3,71.14,213.42000000000002
12506,4845,46,1,53.91,53.91
12507,4846,4,2,45.04,90.08
12508,4846,35,3,15.12,45.36
12509,4847,13,4,52.39,209.56
12510,4847,8,1,117.9,117.9
12511,4847,5,2,39.38,78.76
12512,4848,37,3,58.05,174.14999999999998
12513,4849,53,1,44.89,44.89
12514,4850,34,2,33.09,66.18
12515,4850,39,3,30.44,91.32000000000001
12516,4850,51,4,41.74,166.96
12517,4850,16,3,369.01,1107.03
12518,4851,55,3,28.82,86.46000000000001
12519,4851,14,1,33.96,33.96
12520,4851,27,1,21.45,21.45
12521,4851,46,3,55.73,167.19
12522,4851,40,3,18.44,55.32000000000001
12523,4852,18,1,73.64,73.64
12524,4852,8,3,114.26,342.78000000000003
12525,4853,36,4,28.26,113.04
12526,4853,53,2,40.97,81.94
12527,4853,10,4,19.41,77.64
12528,4854,16,4,417.52,1670.08
12529,4854,52,1,21.24,21.24
12530,4854,22,4,234.4,937.6
12531,4854,43,3,91.25,273.75
12532,4855,21,4,90.34,361.36
12533,4855,44,3,77.78,233.34
12534,4856,9,4,52.43,209.72
12535,4857,42,1,63.74,63.74
12536,4857,43,4,96.16,384.64
12537,4857,20,4,13.54,54.16
12538,4858,50,4,14.85,59.4
12539,4859,7,4,15.17,60.68
12540,4860,27,1,20.96,20.96
12541,4860,28,2,67.76,135.52
12542,4860,34,2,34.99,69.98
12543,4861,6,1,23.88,23.88
12544,4861,4,2,47.14,94.28
12545,4861,52,3,23.12,69.36
12546,4862,15,2,53.88,107.76
12547,4862,8,4,115.05,460.2
12548,4862,5,2,38.84,77.68
12549,4863,46,3,52.5,157.5
12550,4864,14,2,36.45,72.9
12551,4864,11,2,45.72,91.44
12552,4864,40,2,18.65,37.3
12553,4864,16,4,408.82,1635.28
12554,4864,55,3,28.56,85.67999999999999
12555,4865,32,3,17.2,51.599999999999994
12556,4866,25,1,29.55,29.55
12557,4866,1,4,13.14,52.56
12558,4867,47,1,48.92,48.92
12559,4867,37,3,53.11,159.32999999999998
12560,4867,51,1,37.38,37.38
12561,4868,10,3,17.84,53.519999999999996
12562,4868,44,4,69.36,277.44
12563,4869,14,3,34.29,102.87
12564,4869,29,3,37.91,113.72999999999999
12565,4870,48,4,92.25,369.0
12566,4870,51,4,39.03,156.12
12567,4870,50,1,15.07,15.07
12568,4871,37,3,55.47,166.41
12569,4871,13,4,50.94,203.76
12570,4872,13,4,52.49,209.96
12571,4872,8,1,124.61,124.61
12572,4873,20,2,13.86,27.72
12573,4873,25,2,28.56,57.12
12574,4873,40,2,19.77,39.54
12575,4874,29,4,36.92,147.68
12576,4874,36,3,27.69,83.07000000000001
12577,4875,16,3,389.83,1169.49
12578,4876,28,3,59.76,179.28
12579,4877,21,3,92.55,277.65
12580,4877,16,2,399.72,799.44
12581,4877,17,1,153.97,153.97
12582,4878,32,4,18.53,74.12
12583,4878,12,3,62.46,187.38
12584,4878,23,4,103.62,414.48
12585,4878,51,4,41.41,165.64
12586,4878,27,4,22.96,91.84
12587,4879,5,4,39.35,157.4
12588,4879,44,3,74.76,224.28000000000003
12589,4880,13,2,50.26,100.52
12590,4881,20,4,15.23,60.92
12591,4881,19,3,18.62,55.86
12592,4881,45,4,69.78,279.12
12593,4882,13,2,52.56,105.12
12594,4883,8,1,126.8,126.8
12595,4883,32,3,18.89,56.67
12596,4883,43,3,96.52,289.56
12597,4883,9,2,54.84,109.68
12598,4884,25,2,27.48,54.96
12599,4884,15,3,53.14,159.42000000000002
12600,4885,31,2,177.6,355.2
12601,4885,23,1,104.24,104.24
12602,4886,29,3,37.84,113.52000000000001
12603,4886,28,2,58.96,117.92
12604,4887,46,2,54.49,108.98
12605,4887,54,1,22.65,22.65
12606,4888,47,3,48.79,146.37
12607,4888,7,3,16.09,48.269999999999996
12608,4889,34,2,31.3,62.6
12609,4889,42,4,64.44,257.76
12610,4890,18,3,72.88,218.64
12611,4891,28,2,60.94,121.88
12612,4892,37,3,58.4,175.2
12613,4892,41,2,48.43,96.86
12614,4892,49,4,26.77,107.08
12615,4892,22,3,235.07,705.21
12616,4893,7,1,14.53,14.53
12617,4893,38,1,76.91,76.91
12618,4893,47,4,48.77,195.08
12619,4893,55,3,32.14,96.42
12620,4893,12,2,70.09,140.18
12621,4894,5,4,40.25,161.0
12622,4895,10,3,19.65,58.949999999999996
12623,4895,52,3,23.17,69.51
12624,4896,7,4,15.36,61.44
12625,4896,34,2,34.95,69.9
12626,4896,2,3,89.18,267.54
12627,4896,23,1,97.01,97.01
12628,4896,51,3,37.71,113.13
12629,4897,23,2,92.74,185.48
12630,4897,47,3,48.05,144.14999999999998
12631,4897,42,1,63.86,63.86
12632,4898,22,3,230.61,691.83
12633,4899,30,3,101.89,305.67
12634,4899,52,4,22.0,88.0
12635,4899,16,1,370.43,370.43
12636,4899,42,2,62.61,125.22
12637,4899,54,4,22.83,91.32
12638,4900,26,3,17.8,53.400000000000006
12639,4900,3,2,29.95,59.9
12640,4900,11,1,44.25,44.25
12641,4901,47,3,48.73,146.19
12642,4901,31,3,191.81,575.4300000000001
12643,4902,53,2,45.86,91.72
12644,4902,37,2,59.69,119.38
12645,4902,1,1,13.08,13.08
12646,4903,23,1,102.38,102.38
12647,4903,40,1,19.55,19.55
12648,4903,6,4,22.06,88.24
12649,4904,22,1,240.57,240.57
12650,4904,14,2,37.92,75.84
12651,4905,24,2,21.79,43.58
12652,4906,35,3,15.98,47.94
12653,4906,38,1,77.39,77.39
12654,4906,44,3,78.62,235.86
12655,4907,27,1,22.23,22.23
12656,4907,4,2,46.05,92.1
12657,4907,55,3,29.23,87.69
12658,4907,26,3,19.47,58.41
12659,4907,35,4,16.09,64.36
12660,4908,3,4,26.84,107.36
12661,4908,40,4,18.27,73.08
12662,4908,27,1,21.51,21.51
12663,4908,33,3,49.01,147.03
12664,4908,14,3,36.74,110.22
12665,4909,13,1,47.44,47.44
12666,4910,52,4,22.95,91.8
12667,4910,42,3,62.17,186.51
12668,4910,53,2,46.01,92.02
12669,4910,14,4,36.41,145.64
12670,4911,23,4,91.6,366.4
12671,4912,7,1,14.76,14.76
12672,4912,26,3,19.56,58.67999999999999
12673,4912,46,4,58.93,235.72
12674,4913,13,1,50.98,50.98
12675,4914,4,2,46.78,93.56
12676,4915,23,1,92.14,92.14
12677,4915,50,1,15.79,15.79
12678,4915,40,1,17.38,17.38
12679,4915,35,4,14.38,57.52
12680,4915,46,4,54.21,216.84
12681,4916,51,2,38.26,76.52
12682,4916,7,1,15.02,15.02
12683,4916,31,1,193.33,193.33
12684,4916,46,1,52.94,52.94
12685,4917,9,3,53.34,160.02
12686,4917,41,1,51.64,51.64
12687,4917,42,3,63.12,189.35999999999999
12688,4918,39,2,30.43,60.86
12689,4919,5,2,36.39,72.78
12690,4919,41,1,47.17,47.17
12691,4919,4,1,49.35,49.35
12692,4919,23,4,99.97,399.88
12693,4919,21,3,80.81,242.43
12694,4920,20,3,14.01,42.03
12695,4920,51,1,36.39,36.39
12696,4920,47,1,45.62,45.62
12697,4921,4,2,46.88,93.76
12698,4921,35,3,15.72,47.160000000000004
12699,4921,12,1,63.74,63.74
12700,4921,23,4,99.63,398.52
12701,4921,2,4,88.59,354.36
12702,4922,27,1,24.16,24.16
12703,4922,22,1,214.42,214.42
12704,4923,53,4,44.89,179.56
12705,4923,14,2,34.86,69.72
12706,4923,20,2,13.54,27.08
12707,4923,33,3,46.76,140.28
12708,4923,5,4,40.7,162.8
12709,4924,36,4,28.45,113.8
12710,4924,42,2,69.73,139.46
12711,4925,46,2,56.39,112.78
12712,4925,12,3,66.77,200.31
12713,4926,21,4,84.41,337.64
12714,4926,43,2,90.78,181.56
12715,4926,37,1,58.45,58.45
12716,4926,15,4,50.29,201.16
12717,4927,34,4,31.88,127.52
12718,4927,38,3,69.11,207.32999999999998
12719,4927,33,2,45.42,90.84
12720,4927,26,3,17.63,52.89
12721,4928,11,4,42.44,169.76
12722,4928,20,2,14.74,29.48
12723,4928,30,4,101.1,404.4
12724,4929,43,2,91.45,182.9
12725,4929,40,2,17.89,35.78
12726,4930,4,3,48.51,145.53
12727,4930,19,1,17.32,17.32
12728,4930,7,2,14.38,28.76
12729,4931,6,3,23.54,70.62
12730,4931,26,4,18.77,75.08
12731,4932,35,1,14.67,14.67
12732,4932,10,1,19.65,19.65
12733,4932,46,2,53.92,107.84
12734,4933,42,1,65.87,65.87
12735,4933,3,4,29.71,118.84
12736,4934,26,4,18.92,75.68
12737,4934,12,2,61.87,123.74
12738,4935,22,1,219.94,219.94
12739,4935,8,2,122.91,245.82
12740,4936,8,1,117.47,117.47
12741,4936,17,4,146.49,585.96
12742,4936,7,4,15.55,62.2
12743,4937,10,3,19.74,59.22
12744,4937,46,2,56.12,112.24
12745,4938,3,4,29.58,118.32
12746,4938,48,4,93.52,374.08
12747,4938,21,1,90.77,90.77
12748,4939,11,2,41.86,83.72
12749,4940,2,2,83.51,167.02
12750,4940,6,2,21.22,42.44
12751,4941,14,4,34.89,139.56
12752,4941,52,1,21.83,21.83
12753,4941,49,3,23.88,71.64
12754,4942,17,2,140.62,281.24
12755,4942,38,1,77.4,77.4
12756,4943,4,2,45.02,90.04
12757,4943,45,4,69.47,277.88
12758,4944,54,2,22.39,44.78
12759,4944,40,1,19.11,19.11
12760,4944,16,4,368.6,1474.4
12761,4945,14,3,33.34,100.02000000000001
12762,4946,35,1,14.66,14.66
12763,4946,46,4,54.51,218.04
12764,4946,44,4,71.72,286.88
12765,4946,18,1,73.53,73.53
12766,4946,1,3,11.73,35.19
12767,4947,13,1,52.33,52.33
12768,4947,8,1,127.12,127.12
12769,4947,19,2,19.31,38.62
12770,4947,52,1,21.16,21.16
12771,4948,43,1,94.26,94.26
12772,4948,13,4,51.21,204.84
12773,4948,52,4,20.91,83.64
12774,4948,8,3,119.39,358.17
12775,4948,28,3,60.77,182.31
12776,4949,8,2,125.69,251.38
12777,4950,27,1,21.64,21.64
12778,4951,47,4,44.77,179.08
12779,4952,45,2,67.1,134.2
12780,4952,10,2,18.93,37.86
12781,4952,36,1,27.75,27.75
12782,4953,45,1,72.16,72.16
12783,4953,12,4,64.16,256.64
12784,4953,41,4,49.37,197.48
12785,4953,11,4,44.32,177.28
12786,4954,35,2,14.99,29.98
12787,4954,24,4,19.5,78.0
12788,4954,1,4,11.89,47.56
12789,4955,40,2,17.66,35.32
12790,4955,12,1,62.06,62.06
12791,4956,40,2,18.82,37.64
12792,4957,11,4,44.65,178.6
12793,4957,55,3,31.11,93.33
12794,4957,8,4,122.05,488.2
12795,4957,26,4,18.78,75.12
12796,4957,46,4,53.76,215.04
12797,4958,13,2,47.85,95.7
12798,4958,25,2,29.31,58.62
12799,4958,47,1,48.31,48.31
12800,4959,39,4,30.56,122.24
12801,4959,53,4,45.01,180.04
12802,4960,36,1,30.62,30.62
12803,4960,37,3,52.95,158.85000000000002
12804,4960,22,2,223.63,447.26
12805,4960,54,1,22.46,22.46
12806,4960,48,1,90.71,90.71
12807,4961,24,3,21.83,65.49
12808,4961,43,3,95.76,287.28000000000003
12809,4961,44,2,78.99,157.98
12810,4962,18,1,73.54,73.54
12811,4962,9,2,59.21,118.42
12812,4963,24,4,19.01,76.04
12813,4964,21,2,84.94,169.88
12814,4965,47,2,47.83,95.66
12815,4965,30,1,97.88,97.88
12816,4966,43,4,92.71,370.84
12817,4966,50,4,14.63,58.52
12818,4967,32,3,17.69,53.07000000000001
12819,4967,25,1,27.34,27.34
12820,4967,43,1,84.55,84.55
12821,4967,17,3,149.93,449.79
12822,4968,15,2,53.09,106.18
12823,4969,46,1,58.55,58.55
12824,4969,49,3,24.6,73.80000000000001
12825,4969,25,1,27.09,27.09
12826,4969,7,4,15.5,62.0
12827,4969,11,1,41.43,41.43
12828,4970,44,1,71.58,71.58
12829,4970,13,3,49.99,149.97
12830,4971,24,3,19.86,59.58
12831,4971,16,4,394.31,1577.24
12832,4971,11,2,39.93,79.86
12833,4971,36,1,29.98,29.98
12834,4971,28,3,65.74,197.21999999999997
12835,4972,13,4,45.69,182.76
12836,4972,46,1,53.01,53.01
12837,4973,54,4,23.38,93.52
12838,4973,22,2,219.11,438.22
12839,4974,6,2,23.53,47.06
12840,4974,21,1,84.08,84.08
12841,4974,48,4,96.92,387.68
12842,4975,43,4,93.46,373.84
12843,4976,31,2,192.03,384.06
12844,4976,45,3,72.74,218.21999999999997
12845,4977,6,2,22.0,44.0
12846,4977,42,3,65.68,197.04000000000002
12847,4978,53,1,44.85,44.85
12848,4979,2,1,85.15,85.15
12849,4979,20,2,14.17,28.34
12850,4979,23,3,95.59,286.77
12851,4979,26,4,18.35,73.4
12852,4980,36,1,27.12,27.12
12853,4980,32,1,19.02,19.02
12854,4980,19,3,18.82,56.46
12855,4981,53,3,43.01,129.03
12856,4982,47,3,49.4,148.2
12857,4982,16,3,399.54,1198.6200000000001
12858,4982,42,3,69.05,207.14999999999998
12859,4982,14,4,38.21,152.84
12860,4983,38,1,77.78,77.78
12861,4984,25,4,27.93,111.72
12862,4984,31,1,177.38,177.38
12863,4985,9,2,58.52,117.04
12864,4985,19,2,19.64,39.28
12865,4986,7,4,15.2,60.8
12866,4986,47,3,47.12,141.35999999999999
12867,4986,52,2,21.55,43.1
12868,4987,3,4,27.11,108.44
12869,4988,35,1,14.98,14.98
12870,4989,16,2,390.22,780.44
12871,4990,41,3,46.14,138.42000000000002
12872,4990,9,4,58.93,235.72
12873,4990,17,4,137.88,551.52
12874,4991,12,2,71.29,142.58
12875,4991,54,2,23.14,46.28
12876,4991,16,1,365.99,365.99
12877,4991,41,3,50.06,150.18
12878,4992,46,1,58.56,58.56
12879,4992,23,2,100.36,200.72
12880,4993,22,3,231.91,695.73
12881,4993,5,3,41.5,124.5
12882,4994,17,4,152.18,608.72
12883,4994,33,1,49.11,49.11
12884,4994,54,3,23.71,71.13
12885,4994,23,1,90.48,90.48
12886,4995,2,1,82.62,82.62
12887,4995,19,4,18.07,72.28
12888,4995,38,2,71.14,142.28
12889,4996,47,2,47.66,95.32
12890,4996,20,4,13.76,55.04
12891,4997,49,1,25.91,25.91
12892,4998,53,2,44.34,88.68
12893,4998,19,2,17.96,35.92
12894,4998,48,4,98.61,394.44
12895,4998,25,2,30.67,61.34
12896,4999,10,2,19.18,38.36
12897,4999,25,3,30.36,91.08
12898,5000,34,4,34.96,139.84
12899,5000,12,4,65.3,261.2
12900,5000,51,1,41.77,41.77
12901,5000,41,1,49.45,49.45
12902,5001,49,1,26.59,26.59
12903,5001,30,3,91.19,273.57
12904,5001,23,1,97.53,97.53
12905,5001,42,1,63.42,63.42
12906,5001,3,2,28.04,56.08
12907,5002,14,2,35.51,71.02
12908,5002,20,4,14.25,57.0
12909,5002,37,3,54.22,162.66
12910,5003,18,4,75.41,301.64
12911,5004,47,2,42.98,85.96
12912,5005,19,3,17.35,52.050000000000004
12913,5006,13,4,51.83,207.32
12914,5006,6,1,21.5,21.5
12915,5007,24,1,20.07,20.07
12916,5007,27,3,23.42,70.26
12917,5007,22,2,240.31,480.62
12918,5008,17,3,141.58,424.74
12919,5008,34,3,30.7,92.1
12920,5009,32,4,18.2,72.8
12921,5009,10,4,17.29,69.16
12922,5010,8,2,127.17,254.34
12923,5011,21,1,88.72,88.72
12924,5012,6,1,20.92,20.92
12925,5012,27,4,22.92,91.68
12926,5013,39,2,31.63,63.26
12927,5014,34,1,34.37,34.37
12928,5014,40,4,18.36,73.44
12929,5014,32,4,19.6,78.4
12930,5014,18,1,68.91,68.91
12931,5015,31,1,172.43,172.43
12932,5015,44,2,71.47,142.94
12933,5016,31,2,184.81,369.62
12934,5016,33,2,48.05,96.1
12935,5017,26,1,18.34,18.34
12936,5018,20,1,14.05,14.05
12937,5018,29,1,36.26,36.26
12938,5018,55,1,32.48,32.48
12939,5018,16,1,371.38,371.38
12940,5018,31,2,193.14,386.28
12941,5019,38,3,74.59,223.77
12942,5019,17,3,153.71,461.13
12943,5020,8,3,123.23,369.69
12944,5020,46,3,58.7,176.10000000000002
12945,5020,45,1,65.23,65.23
12946,5021,53,1,40.58,40.58
12947,5022,39,4,30.61,122.44
12948,5023,21,3,81.52,244.56
12949,5023,13,2,50.13,100.26
12950,5023,5,4,37.03,148.12
12951,5024,35,4,14.91,59.64
12952,5024,26,2,18.06,36.12
12953,5025,31,1,177.57,177.57
12954,5025,53,4,45.01,180.04
12955,5025,20,3,15.14,45.42
12956,5025,39,1,31.34,31.34
12957,5025,35,2,14.76,29.52
12958,5026,31,1,172.68,172.68
12959,5026,7,2,15.33,30.66
12960,5026,46,4,58.85,235.4
12961,5026,40,3,17.22,51.66
12962,5027,36,1,29.46,29.46
12963,5027,33,4,49.45,197.8
12964,5027,11,4,43.56,174.24
12965,5028,49,4,26.45,105.8
12966,5028,6,2,21.72,43.44
12967,5028,18,2,78.22,156.44
12968,5029,7,3,15.15,45.45
12969,5029,55,2,29.27,58.54
12970,5029,41,2,45.63,91.26
12971,5030,38,2,75.97,151.94
12972,5031,23,4,94.15,376.6
12973,5031,9,1,54.39,54.39
12974,5031,8,2,115.18,230.36
12975,5031,27,4,22.81,91.24
12976,5031,20,4,13.41,53.64
12977,5032,36,4,29.81,119.24
12978,5033,33,4,44.68,178.72
12979,5033,5,1,41.28,41.28
12980,5033,8,1,128.71,128.71
12981,5033,55,2,30.12,60.24
12982,5034,14,4,35.63,142.52
12983,5035,12,4,65.86,263.44
12984,5035,16,2,366.37,732.74
12985,5035,31,2,175.47,350.94
12986,5036,39,2,31.15,62.3
12987,5036,11,3,41.81,125.43
12988,5037,17,1,150.31,150.31
12989,5037,21,1,82.28,82.28
12990,5037,37,3,53.89,161.67000000000002
12991,5038,9,2,58.26,116.52
12992,5038,48,2,100.09,200.18
12993,5038,41,4,45.64,182.56
12994,5039,14,4,37.22,148.88
12995,5039,19,4,17.65,70.6
12996,5039,36,1,29.35,29.35
12997,5040,16,1,394.59,394.59
12998,5041,44,1,71.07,71.07
12999,5041,25,4,28.57,114.28
13000,5041,49,2,25.31,50.62
13001,5042,40,3,19.24,57.72
13002,5043,1,1,13.04,13.04
13003,5043,36,3,29.5,88.5
13004,5043,39,3,32.69,98.07
13005,5044,54,4,21.18,84.72
13006,5044,10,3,18.76,56.28
13007,5044,44,3,77.74,233.21999999999997
13008,5045,7,1,16.46,16.46
13009,5045,43,4,96.21,384.84
13010,5046,21,4,81.24,324.96
13011,5047,44,2,73.52,147.04
13012,5047,17,4,149.04,596.16
13013,5048,32,1,18.78,18.78
13014,5049,37,3,54.85,164.55
13015,5049,25,1,28.98,28.98
13016,5049,45,1,74.6,74.6
13017,5050,13,1,47.65,47.65
13018,5050,31,1,175.55,175.55
13019,5051,35,3,14.98,44.94
13020,5052,51,4,39.85,159.4
13021,5052,52,1,24.06,24.06
13022,5053,19,3,17.94,53.82000000000001
13023,5053,42,3,67.34,202.02
13024,5054,13,2,50.13,100.26
13025,5054,29,4,36.13,144.52
13026,5054,21,3,88.97,266.90999999999997
13027,5055,30,2,96.88,193.76
13028,5055,54,1,22.87,22.87
13029,5056,23,1,99.34,99.34
13030,5057,27,2,23.33,46.66
13031,5057,48,2,104.03,208.06
13032,5057,4,4,43.42,173.68
13033,5058,26,2,17.66,35.32
13034,5058,40,3,19.07,57.21
13035,5059,38,2,78.07,156.14
13036,5059,42,4,68.56,274.24
13037,5059,9,1,59.08,59.08
13038,5059,48,4,92.15,368.6
13039,5060,50,2,15.2,30.4
13040,5060,43,1,85.7,85.7
13041,5060,21,4,89.04,356.16
13042,5061,2,3,81.23,243.69
13043,5061,31,3,179.83,539.49
13044,5061,33,4,46.62,186.48
13045,5062,44,2,73.59,147.18
13046,5062,29,4,36.23,144.92
13047,5062,26,3,17.19,51.57000000000001
13048,5062,24,4,20.55,82.2
13049,5063,55,3,32.24,96.72
13050,5063,19,1,18.65,18.65
13051,5063,4,1,47.72,47.72
13052,5063,39,4,33.8,135.2
13053,5063,7,1,14.79,14.79
13054,5064,8,2,123.65,247.3
13055,5065,15,4,53.78,215.12
13056,5065,49,3,26.71,80.13
13057,5065,39,4,32.11,128.44
13058,5066,54,3,24.07,72.21000000000001
13059,5066,45,2,72.84,145.68
13060,5066,43,4,85.57,342.28
13061,5067,16,2,409.27,818.54
13062,5067,23,1,90.59,90.59
13063,5067,54,1,21.53,21.53
13064,5068,27,2,23.61,47.22
13065,5069,6,4,22.62,90.48
13066,5070,6,2,23.94,47.88
13067,5070,1,2,11.66,23.32
13068,5071,8,1,118.12,118.12
13069,5071,35,1,15.83,15.83
13070,5072,19,2,19.14,38.28
13071,5072,8,3,118.12,354.36
13072,5073,13,2,46.82,93.64
13073,5074,28,3,65.22,195.66
13074,5074,1,3,11.92,35.76
13075,5074,14,2,34.53,69.06
13076,5074,33,1,44.25,44.25
13077,5075,11,2,45.78,91.56
13078,5076,31,1,175.39,175.39
13079,5076,27,4,20.92,83.68
13080,5077,13,1,47.97,47.97
13081,5077,55,1,30.53,30.53
13082,5077,27,1,22.07,22.07
13083,5078,7,3,14.6,43.8
13084,5078,21,2,93.21,186.42
13085,5078,41,2,50.62,101.24
13086,5078,29,4,35.74,142.96
13087,5078,24,1,21.59,21.59
13088,5079,46,2,57.39,114.78
13089,5080,35,2,15.14,30.28
13090,5080,55,1,30.96,30.96
13091,5080,4,4,43.48,173.92
13092,5081,2,3,91.09,273.27
13093,5081,9,4,58.82,235.28
13094,5081,33,2,44.16,88.32
13095,5081,45,2,65.9,131.8
13096,5082,16,1,412.05,412.05
13097,5082,31,4,184.82,739.28
13098,5083,46,2,54.13,108.26
13099,5083,1,2,12.37,24.74
13100,5083,42,3,63.17,189.51
13101,5084,48,1,102.89,102.89
13102,5085,52,2,22.97,45.94
13103,5085,38,4,78.58,314.32
13104,5085,50,2,15.61,31.22
13105,5085,36,1,29.69,29.69
13106,5086,11,3,40.84,122.52000000000001
13107,5086,51,1,36.8,36.8
13108,5086,37,3,56.66,169.98
13109,5087,41,2,49.9,99.8
13110,5087,36,3,26.77,80.31
13111,5088,16,3,367.93,1103.79
13112,5089,15,3,51.7,155.10000000000002
13113,5089,30,1,92.62,92.62
13114,5089,50,3,14.42,43.26
13115,5090,4,1,46.77,46.77
13116,5090,54,1,21.55,21.55
13117,5090,52,4,22.75,91.0
13118,5091,43,2,92.13,184.26
13119,5091,52,2,22.82,45.64
13120,5091,8,3,119.48,358.44
13121,5092,37,3,58.57,175.71
13122,5092,1,3,12.74,38.22
13123,5092,53,3,45.97,137.91
13124,5092,4,1,43.4,43.4
13125,5093,1,4,11.41,45.64
13126,5093,8,1,122.57,122.57
13127,5093,30,4,94.1,376.4
13128,5093,36,1,28.32,28.32
13129,5093,44,1,75.59,75.59
13130,5094,6,1,23.71,23.71
13131,5094,24,4,21.15,84.6
13132,5094,5,3,37.47,112.41
13133,5094,2,1,92.44,92.44
13134,5094,20,4,14.03,56.12
13135,5095,39,1,34.41,34.41
13136,5096,43,3,87.11,261.33
13137,5096,11,2,43.95,87.9
13138,5096,29,4,36.74,146.96
13139,5096,20,4,13.54,54.16
13140,5096,2,3,84.82,254.45999999999998
13141,5097,35,3,14.48,43.44
13142,5097,1,2,11.41,22.82
13143,5098,49,3,26.93,80.78999999999999
13144,5098,31,1,194.03,194.03
13145,5098,19,2,18.57,37.14
13146,5098,3,3,27.34,82.02
13147,5098,4,4,46.36,185.44
13148,5099,5,3,37.53,112.59
13149,5099,15,4,51.82,207.28
13150,5099,30,3,102.02,306.06
13151,5099,7,3,16.43,49.29
13152,5100,47,3,47.85,143.55
13153,5100,31,2,187.65,375.3
13154,5100,21,1,91.22,91.22
13155,5100,33,2,47.76,95.52
13156,5101,1,4,13.16,52.64
13157,5101,10,4,19.71,78.84
13158,5101,42,3,67.83,203.49
13159,5102,43,3,95.08,285.24
13160,5102,11,3,43.25,129.75
13161,5102,44,1,70.7,70.7
13162,5102,23,2,91.56,183.12
13163,5103,8,3,118.37,355.11
13164,5104,30,3,97.23,291.69
13165,5104,1,4,12.46,49.84
13166,5104,5,3,41.69,125.07
13167,5104,23,3,101.69,305.07
13168,5104,14,2,36.42,72.84
13169,5105,55,3,29.12,87.36
13170,5105,39,4,32.72,130.88
13171,5105,30,4,97.15,388.6
13172,5106,14,3,34.92,104.76
13173,5106,2,2,88.09,176.18
13174,5106,28,1,66.49,66.49
13175,5106,6,4,22.47,89.88
13176,5107,11,4,40.14,160.56
13177,5107,15,1,56.48,56.48
13178,5107,30,1,96.31,96.31
13179,5107,33,2,44.42,88.84
13180,5107,2,3,90.88,272.64
13181,5108,52,1,21.4,21.4
13182,5109,23,4,98.79,395.16
13183,5109,29,3,37.62,112.85999999999999
13184,5109,7,1,14.51,14.51
13185,5110,39,1,30.93,30.93
13186,5110,6,2,22.09,44.18
13187,5110,24,4,20.21,80.84
13188,5111,34,2,34.93,69.86
13189,5111,16,2,389.05,778.1
13190,5111,29,1,36.49,36.49
13191,5112,54,1,22.75,22.75
13192,5112,43,2,94.77,189.54
13193,5112,42,4,69.36,277.44
13194,5112,50,1,16.09,16.09
13195,5112,23,1,96.37,96.37
13196,5113,43,1,91.43,91.43
13197,5113,18,2,69.94,139.88
13198,5113,31,3,195.75,587.25
13199,5114,8,3,123.71,371.13
13200,5114,11,2,40.15,80.3
13201,5115,45,1,69.3,69.3
13202,5115,41,1,45.74,45.74
13203,5115,13,3,49.62,148.85999999999999
13204,5116,54,4,22.9,91.6
13205,5116,55,4,32.54,130.16
13206,5117,38,4,73.54,294.16
13207,5118,28,2,61.11,122.22
13208,5118,38,1,74.8,74.8
13209,5119,41,2,51.1,102.2
13210,5119,33,3,43.93,131.79
13211,5119,17,3,152.8,458.40000000000003
13212,5120,49,2,25.43,50.86
13213,5120,32,1,18.89,18.89
13214,5120,3,4,26.6,106.4
13215,5120,46,4,56.79,227.16
13216,5120,7,3,14.3,42.900000000000006
13217,5121,20,4,13.34,53.36
13218,5121,45,1,64.62,64.62
13219,5121,28,2,64.78,129.56
13220,5122,9,1,56.05,56.05
13221,5122,8,4,128.29,513.16
13222,5122,28,1,59.13,59.13
13223,5122,29,2,33.31,66.62
13224,5122,21,2,87.48,174.96
13225,5123,20,1,13.96,13.96
13226,5124,53,4,43.38,173.52
13227,5125,34,3,34.83,104.49
13228,5126,52,2,22.2,44.4
13229,5126,35,2,15.39,30.78
13230,5126,29,1,36.52,36.52
13231,5126,40,1,17.33,17.33
13232,5127,3,4,28.85,115.4
13233,5127,5,4,37.78,151.12
13234,5128,31,2,180.31,360.62
13235,5128,1,4,11.42,45.68
13236,5129,8,2,123.13,246.26
13237,5129,29,4,35.19,140.76
13238,5130,2,3,92.96,278.88
13239,5130,34,3,33.35,100.05000000000001
13240,5130,55,2,29.25,58.5
13241,5130,1,1,13.11,13.11
13242,5130,26,2,17.47,34.94
13243,5131,43,3,87.39,262.17
13244,5131,3,2,29.19,58.38
13245,5131,4,2,45.21,90.42
13246,5131,14,3,34.01,102.03
13247,5131,5,1,38.04,38.04
13248,5132,24,1,19.6,19.6
13249,5132,20,4,14.88,59.52
13250,5133,24,3,21.58,64.74
13251,5134,2,3,85.38,256.14
13252,5135,20,3,14.32,42.96
13253,5136,30,3,94.07,282.21
13254,5136,29,3,34.99,104.97
13255,5136,42,4,65.85,263.4
13256,5137,47,2,42.8,85.6
13257,5137,4,4,46.66,186.64
13258,5138,55,2,31.63,63.26
13259,5139,30,4,99.12,396.48
13260,5139,22,2,218.31,436.62
13261,5139,41,4,49.41,197.64
13262,5140,26,1,17.52,17.52
13263,5140,48,1,103.02,103.02
13264,5140,16,2,376.53,753.06
13265,5140,17,2,148.12,296.24
13266,5141,26,2,18.3,36.6
13267,5141,37,1,57.32,57.32
13268,5142,20,1,15.25,15.25
13269,5142,40,2,17.18,34.36
13270,5143,6,4,22.24,88.96
13271,5143,45,1,67.8,67.8
13272,5144,40,3,18.75,56.25
13273,5144,42,2,65.86,131.72
13274,5144,54,4,23.28,93.12
13275,5145,40,3,17.4,52.199999999999996
13276,5145,35,1,16.23,16.23
13277,5145,38,3,73.3,219.89999999999998
13278,5146,44,1,71.82,71.82
13279,5146,43,3,93.02,279.06
13280,5146,28,2,66.41,132.82
13281,5147,46,4,58.13,232.52
13282,5147,26,4,19.4,77.6
13283,5147,54,2,21.35,42.7
13284,5147,45,1,71.3,71.3
13285,5147,15,4,54.5,218.0
13286,5148,16,1,376.77,376.77
13287,5149,4,4,45.21,180.84
13288,5149,26,4,18.43,73.72
13289,5150,12,4,65.4,261.6
13290,5151,47,4,45.76,183.04
13291,5152,30,2,99.58,199.16
13292,5153,45,1,64.65,64.65
13293,5153,43,1,93.23,93.23
13294,5154,9,3,57.97,173.91
13295,5154,17,3,147.0,441.0
13296,5154,40,4,18.43,73.72
13297,5155,45,1,72.36,72.36
13298,5156,17,1,153.72,153.72
13299,5156,11,2,40.63,81.26
13300,5156,10,2,18.55,37.1
13301,5157,18,3,71.12,213.36
13302,5157,54,2,22.94,45.88
13303,5157,13,1,47.96,47.96
13304,5158,43,1,84.78,84.78
13305,5159,10,3,18.64,55.92
13306,5159,4,1,46.35,46.35
13307,5160,10,3,17.55,52.650000000000006
13308,5160,40,2,18.77,37.54
13309,5160,13,1,48.39,48.39
13310,5161,14,1,37.9,37.9
13311,5162,52,2,23.07,46.14
13312,5162,28,1,58.94,58.94
13313,5162,7,1,16.49,16.49
13314,5163,48,1,91.83,91.83
13315,5164,34,3,34.89,104.67
13316,5164,47,2,46.7,93.4
13317,5164,16,3,390.17,1170.51
13318,5164,45,1,68.54,68.54
13319,5164,18,1,69.35,69.35
13320,5165,25,2,28.88,57.76
13321,5165,55,1,32.51,32.51
13322,5165,9,1,60.15,60.15
13323,5165,3,1,28.53,28.53
13324,5166,8,1,118.33,118.33
13325,5166,27,4,22.68,90.72
13326,5167,55,3,31.06,93.17999999999999
13327,5168,52,4,21.73,86.92
13328,5169,37,1,56.57,56.57
13329,5170,28,3,65.48,196.44
13330,5171,46,1,53.3,53.3
13331,5171,37,3,52.9,158.7
13332,5171,15,3,53.18,159.54
13333,5172,20,1,13.36,13.36
13334,5172,53,4,41.41,165.64
13335,5172,2,4,85.59,342.36
13336,5172,26,2,17.45,34.9
13337,5173,19,1,19.79,19.79
13338,5173,36,2,29.36,58.72
13339,5174,23,4,102.87,411.48
13340,5174,4,3,44.19,132.57
13341,5174,51,4,38.58,154.32
13342,5175,55,4,30.8,123.2
13343,5175,34,2,31.04,62.08
13344,5175,11,1,46.14,46.14
13345,5176,20,1,14.56,14.56
13346,5176,29,3,34.03,102.09
13347,5176,19,3,18.64,55.92
13348,5177,39,2,33.77,67.54
13349,5177,49,4,24.76,99.04
13350,5178,27,2,23.19,46.38
13351,5178,47,1,46.49,46.49
13352,5179,36,1,26.83,26.83
13353,5179,38,4,69.01,276.04
13354,5179,14,2,34.73,69.46
13355,5180,34,4,30.83,123.32
13356,5181,53,3,45.47,136.41
13357,5181,49,2,27.43,54.86
13358,5181,21,4,86.27,345.08
13359,5182,41,3,48.92,146.76
13360,5182,33,2,44.09,88.18
13361,5182,26,2,18.18,36.36
13362,5182,21,2,85.17,170.34
13363,5182,9,1,52.63,52.63
13364,5183,54,2,21.38,42.76
13365,5183,17,2,151.48,302.96
13366,5184,1,4,13.15,52.6
13367,5184,48,4,90.53,362.12
13368,5184,16,3,389.64,1168.92
13369,5184,4,1,48.64,48.64
13370,5185,13,1,50.15,50.15
13371,5185,12,3,62.46,187.38
13372,5186,45,4,65.81,263.24
13373,5187,18,2,73.96,147.92
13374,5187,34,3,31.39,94.17
13375,5187,5,4,39.36,157.44
13376,5188,13,4,51.77,207.08
13377,5188,19,1,19.48,19.48
13378,5188,17,4,137.77,551.08
13379,5188,44,4,78.48,313.92
13380,5188,24,4,19.69,78.76
13381,5189,34,2,34.54,69.08
13382,5189,5,2,37.39,74.78
13383,5190,53,1,44.8,44.8
13384,5191,9,2,55.62,111.24
13385,5191,15,2,51.58,103.16
13386,5191,50,3,14.43,43.29
13387,5191,7,3,15.01,45.03
13388,5191,47,2,43.35,86.7
13389,5192,19,1,19.66,19.66
13390,5192,21,4,90.37,361.48
13391,5192,53,4,42.76,171.04
13392,5193,36,2,28.3,56.6
13393,5194,42,4,62.05,248.2
13394,5194,8,2,125.53,251.06
13395,5194,32,4,18.81,75.24
13396,5195,37,3,58.12,174.35999999999999
13397,5196,30,4,96.59,386.36
13398,5196,26,3,17.51,52.53
13399,5197,19,1,19.03,19.03
13400,5197,54,1,23.86,23.86
13401,5198,39,4,32.96,131.84
13402,5198,11,1,40.97,40.97
13403,5198,27,2,24.17,48.34
13404,5198,12,2,70.69,141.38
13405,5199,55,3,28.92,86.76
13406,5199,29,4,34.9,139.6
13407,5200,40,4,18.74,74.96
13408,5200,38,2,74.47,148.94
13409,5201,41,3,45.71,137.13
13410,5201,2,3,91.35,274.04999999999995
13411,5202,51,4,40.36,161.44
13412,5202,34,3,31.49,94.47
13413,5202,36,4,28.76,115.04
13414,5203,33,4,44.95,179.8
13415,5203,9,4,52.73,210.92
13416,5204,14,1,36.72,36.72
13417,5205,13,4,48.68,194.72
13418,5206,28,3,66.5,199.5
13419,5206,4,4,42.92,171.68
13420,5207,29,4,33.3,133.2
13421,5208,43,4,83.68,334.72
13422,5208,39,4,34.59,138.36
13423,5208,40,4,17.65,70.6
13424,5209,9,3,59.91,179.73
13425,5209,41,1,50.2,50.2
13426,5210,55,4,30.91,123.64
13427,5210,29,1,36.28,36.28
13428,5210,24,4,20.46,81.84
13429,5211,36,4,29.31,117.24
13430,5212,18,2,73.39,146.78
13431,5212,5,3,39.44,118.32
13432,5213,33,4,47.55,190.2
13433,5214,21,3,89.56,268.68
13434,5214,14,3,38.45,115.35000000000001
13435,5214,4,1,43.1,43.1
13436,5214,23,3,97.66,292.98
13437,5214,12,3,66.5,199.5
13438,5215,17,4,152.27,609.08
13439,5215,28,1,60.83,60.83
13440,5215,45,4,69.35,277.4
13441,5215,2,1,83.36,83.36
13442,5216,50,4,14.71,58.84
13443,5217,24,2,20.2,40.4
13444,5217,48,2,92.59,185.18
13445,5218,22,4,240.61,962.44
13446,5218,1,2,12.54,25.08
13447,5218,4,1,49.11,49.11
13448,5218,11,4,42.13,168.52
13449,5218,13,3,47.11,141.32999999999998
13450,5219,39,3,33.51,100.53
13451,5219,26,4,19.76,79.04
13452,5219,3,2,27.22,54.44
13453,5220,47,3,45.29,135.87
13454,5220,44,3,71.21,213.63
13455,5221,30,1,95.81,95.81
13456,5221,27,1,23.95,23.95
13457,5222,50,3,16.45,49.349999999999994
13458,5223,31,3,172.86,518.58
13459,5223,41,4,45.65,182.6
13460,5223,16,4,375.99,1503.96
13461,5224,19,3,17.61,52.83
13462,5225,36,1,29.41,29.41
13463,5225,37,1,57.33,57.33
13464,5226,3,1,27.38,27.38
13465,5226,53,4,46.13,184.52
13466,5226,40,1,19.5,19.5
13467,5226,42,1,66.0,66.0
13468,5226,24,4,20.41,81.64
13469,5227,41,2,50.24,100.48
13470,5227,7,4,14.29,57.16
13471,5227,29,2,37.05,74.1
13472,5227,12,4,67.66,270.64
13473,5227,33,2,42.87,85.74
13474,5228,2,4,88.24,352.96
13475,5229,41,4,46.33,185.32
13476,5229,54,2,22.12,44.24
13477,5230,22,1,240.12,240.12
13478,5230,34,2,34.55,69.1
13479,5230,42,2,70.17,140.34
13480,5231,46,1,57.41,57.41
13481,5231,21,3,81.52,244.56
13482,5232,6,1,22.54,22.54
13483,5233,52,4,21.37,85.48
13484,5233,41,1,52.03,52.03
13485,5233,1,1,11.96,11.96
13486,5233,25,4,28.48,113.92
13487,5233,42,2,66.54,133.08
13488,5234,25,1,30.52,30.52
13489,5235,29,2,33.96,67.92
13490,5235,22,3,212.04,636.12
13491,5236,11,4,42.37,169.48
13492,5236,48,4,103.98,415.92
13493,5236,42,3,69.89,209.67000000000002
13494,5237,16,1,368.39,368.39
13495,5237,6,3,21.34,64.02
13496,5237,41,2,52.66,105.32
13497,5237,36,1,29.39,29.39
13498,5237,19,2,18.93,37.86
13499,5238,41,3,50.54,151.62
13500,5239,34,1,32.73,32.73
13501,5240,16,4,400.41,1601.64
13502,5240,2,1,90.59,90.59
13503,5240,4,1,49.43,49.43
13504,5240,41,3,50.03,150.09
13505,5241,33,1,46.99,46.99
13506,5241,51,2,38.21,76.42
13507,5241,2,3,90.05,270.15
13508,5242,51,4,39.59,158.36
13509,5243,13,2,47.39,94.78
13510,5243,14,4,35.5,142.0
13511,5243,11,1,41.49,41.49
13512,5244,37,4,56.83,227.32
13513,5244,52,4,23.12,92.48
13514,5244,5,3,41.29,123.87
13515,5244,54,2,22.52,45.04
13516,5245,40,2,18.64,37.28
13517,5245,33,2,45.18,90.36
13518,5245,44,2,68.77,137.54
13519,5246,1,2,12.31,24.62
13520,5246,2,2,91.11,182.22
13521,5246,29,2,38.28,76.56
13522,5246,20,1,14.72,14.72
13523,5247,23,4,99.77,399.08
13524,5247,53,3,42.8,128.39999999999998
13525,5247,45,2,67.09,134.18
13526,5248,45,3,66.77,200.31
13527,5249,25,1,28.21,28.21
13528,5249,52,1,23.94,23.94
13529,5249,16,2,409.62,819.24
13530,5250,23,2,93.82,187.64
13531,5250,4,2,48.5,97.0
13532,5250,21,2,82.45,164.9
13533,5251,9,4,59.27,237.08
13534,5252,31,1,173.51,173.51
13535,5252,20,1,13.79,13.79
13536,5253,8,4,115.0,460.0
13537,5253,4,2,46.44,92.88
13538,5253,13,1,51.34,51.34
13539,5254,4,3,48.45,145.35000000000002
13540,5254,14,2,35.23,70.46
13541,5255,16,3,408.06,1224.18
13542,5255,5,2,40.18,80.36
13543,5256,9,1,56.71,56.71
13544,5256,18,2,68.62,137.24
13545,5256,41,4,51.45,205.8
13546,5256,7,1,15.42,15.42
13547,5257,33,1,43.09,43.09
13548,5257,34,3,30.66,91.98
13549,5258,26,2,19.75,39.5
13550,5259,27,3,22.1,66.30000000000001
13551,5259,46,4,56.76,227.04
13552,5260,12,1,64.86,64.86
13553,5260,7,4,15.64,62.56
13554,5260,21,1,82.25,82.25
13555,5260,10,1,18.67,18.67
13556,5261,34,4,33.16,132.64
13557,5261,23,2,92.02,184.04
13558,5261,27,3,21.25,63.75
13559,5262,22,2,212.05,424.1
13560,5262,27,1,21.74,21.74
13561,5263,4,3,48.96,146.88
13562,5263,51,4,40.93,163.72
13563,5263,50,1,14.73,14.73
13564,5263,18,2,71.14,142.28
13565,5264,53,4,40.88,163.52
13566,5264,16,2,408.35,816.7
13567,5264,30,2,103.16,206.32
13568,5264,46,2,58.56,117.12
13569,5264,48,3,93.72,281.15999999999997
13570,5265,12,3,64.04,192.12
13571,5266,19,1,17.36,17.36
13572,5266,42,1,66.6,66.6
13573,5266,4,3,47.7,143.10000000000002
13574,5267,5,3,39.6,118.80000000000001
13575,5267,52,1,24.19,24.19
13576,5267,2,2,85.87,171.74
13577,5267,29,3,33.9,101.69999999999999
13578,5267,7,4,14.54,58.16
13579,5268,45,1,66.65,66.65
13580,5268,17,1,139.15,139.15
13581,5269,15,3,54.91,164.73
13582,5269,9,1,53.57,53.57
13583,5270,55,1,29.48,29.48
13584,5271,2,1,83.31,83.31
13585,5272,35,3,14.67,44.01
13586,5272,16,4,402.3,1609.2
13587,5272,26,1,18.06,18.06
13588,5273,28,1,63.0,63.0
13589,5273,16,2,371.0,742.0
13590,5273,51,2,39.41,78.82
13591,5273,25,1,29.41,29.41
13592,5274,22,3,241.39,724.17
13593,5274,47,4,43.45,173.8
13594,5274,38,1,71.0,71.0
13595,5274,30,1,91.89,91.89
13596,5275,10,2,18.65,37.3
13597,5275,21,4,82.39,329.56
13598,5275,18,4,76.85,307.4
13599,5276,15,1,49.53,49.53
13600,5276,42,4,63.34,253.36
13601,5277,2,3,89.2,267.6
13602,5277,30,3,94.65,283.95000000000005
13603,5278,51,4,37.49,149.96
13604,5278,24,4,19.72,78.88
13605,5278,32,2,18.12,36.24
13606,5279,30,3,97.91,293.73
13607,5279,24,3,21.15,63.449999999999996
13608,5279,34,2,33.31,66.62
13609,5279,35,3,15.85,47.55
13610,5279,9,4,56.98,227.92
13611,5280,48,3,95.13,285.39
13612,5281,40,3,17.73,53.19
13613,5281,4,1,47.6,47.6
13614,5282,30,3,100.94,302.82
13615,5282,38,3,71.09,213.27
13616,5282,24,3,19.7,59.099999999999994
13617,5282,26,2,19.28,38.56
13618,5283,5,3,41.37,124.10999999999999
13619,5284,8,4,114.14,456.56
13620,5284,27,4,21.22,84.88
13621,5284,20,3,14.21,42.63
13622,5285,15,4,54.43,217.72
13623,5286,28,1,67.33,67.33
13624,5286,24,4,21.61,86.44
13625,5286,15,3,50.94,152.82
13626,5287,31,1,174.4,174.4
13627,5288,3,1,29.57,29.57
13628,5289,22,1,227.01,227.01
13629,5290,8,1,128.4,128.4
13630,5290,3,4,30.68,122.72
13631,5290,36,1,29.03,29.03
13632,5291,3,3,28.07,84.21000000000001
13633,5291,47,2,47.71,95.42
13634,5292,21,3,83.47,250.41
13635,5293,22,3,224.81,674.4300000000001
13636,5293,30,3,90.57,271.71
13637,5293,44,1,71.03,71.03
13638,5294,55,1,28.93,28.93
13639,5294,53,1,41.27,41.27
13640,5294,21,2,84.7,169.4
13641,5295,14,3,33.57,100.71000000000001
13642,5296,44,3,72.07,216.20999999999998
13643,5297,1,2,11.62,23.24
13644,5297,20,3,14.66,43.980000000000004
13645,5298,35,1,16.15,16.15
13646,5298,42,2,71.46,142.92
13647,5299,54,1,23.61,23.61
13648,5299,12,1,67.41,67.41
13649,5299,31,1,182.06,182.06
13650,5299,20,4,14.25,57.0
13651,5300,11,4,42.29,169.16
13652,5300,10,2,19.64,39.28
13653,5300,52,4,24.04,96.16
13654,5301,7,4,14.72,58.88
13655,5301,9,4,57.18,228.72
13656,5302,45,4,65.01,260.04
13657,5302,36,3,29.68,89.03999999999999
13658,5302,35,3,16.2,48.599999999999994
13659,5302,23,1,97.92,97.92
13660,5303,15,2,49.91,99.82
13661,5303,6,2,23.75,47.5
13662,5303,52,1,21.17,21.17
13663,5303,34,2,31.82,63.64
13664,5304,32,4,19.78,79.12
13665,5305,43,4,92.11,368.44
13666,5305,20,4,14.81,59.24
13667,5306,20,2,14.73,29.46
13668,5307,3,1,27.19,27.19
13669,5308,30,4,97.03,388.12
13670,5308,27,1,21.27,21.27
13671,5308,44,4,76.27,305.08
13672,5308,10,3,17.4,52.199999999999996
13673,5309,26,2,18.69,37.38
13674,5310,21,2,92.11,184.22
13675,5310,34,2,31.91,63.82
13676,5310,39,1,35.02,35.02
13677,5311,11,2,41.51,83.02
13678,5311,26,4,17.27,69.08
13679,5312,42,3,65.37,196.11
13680,5313,5,3,40.81,122.43
13681,5313,53,2,41.56,83.12
13682,5313,49,1,26.61,26.61
13683,5314,9,3,56.46,169.38
13684,5314,13,3,51.22,153.66
13685,5315,9,4,56.75,227.0
13686,5316,7,1,16.5,16.5
13687,5316,28,1,60.25,60.25
13688,5316,38,3,68.92,206.76
13689,5316,41,4,51.09,204.36
13690,5316,36,1,30.77,30.77
13691,5317,30,4,103.29,413.16
13692,5318,30,4,101.94,407.76
13693,5318,45,3,65.11,195.32999999999998
13694,5318,50,3,14.92,44.76
13695,5319,33,4,43.33,173.32
13696,5319,21,4,93.11,372.44
13697,5319,10,2,17.42,34.84
13698,5319,7,4,14.32,57.28
13699,5320,5,4,40.73,162.92
13700,5320,31,3,186.85,560.55
13701,5321,37,2,53.76,107.52
13702,5321,34,3,34.16,102.47999999999999
13703,5321,33,1,44.65,44.65
13704,5321,1,2,13.0,26.0
13705,5322,11,3,42.48,127.44
13706,5322,21,1,89.06,89.06
13707,5322,20,4,13.91,55.64
13708,5323,28,1,64.04,64.04
13709,5323,5,3,41.42,124.26
13710,5324,25,2,29.34,58.68
13711,5324,29,1,33.51,33.51
13712,5324,50,4,14.3,57.2
13713,5324,19,2,18.42,36.84
13714,5325,53,2,41.71,83.42
13715,5325,31,3,177.55,532.6500000000001
13716,5325,5,4,39.99,159.96
13717,5325,27,3,23.51,70.53
13718,5325,21,1,89.69,89.69
13719,5326,52,4,23.43,93.72
13720,5326,44,2,72.7,145.4
13721,5326,7,3,15.97,47.910000000000004
13722,5326,55,2,31.3,62.6
13723,5326,38,2,71.11,142.22
13724,5327,41,4,49.91,199.64
13725,5327,24,3,20.73,62.19
13726,5328,13,3,51.79,155.37
13727,5328,4,3,44.62,133.85999999999999
13728,5328,1,1,11.72,11.72
13729,5328,2,2,90.53,181.06
13730,5329,9,2,59.51,119.02
13731,5330,25,3,29.3,87.9
13732,5331,31,2,178.14,356.28
13733,5331,39,3,32.53,97.59
13734,5331,45,4,72.97,291.88
13735,5331,52,2,21.73,43.46
13736,5331,33,4,46.6,186.4
13737,5332,32,3,17.28,51.84
13738,5333,38,3,78.04,234.12
13739,5333,12,3,63.13,189.39000000000001
13740,5333,27,3,23.37,70.11
13741,5333,23,3,97.06,291.18
13742,5334,40,2,18.6,37.2
13743,5334,16,4,405.31,1621.24
13744,5334,7,1,14.58,14.58
13745,5335,41,3,45.68,137.04
13746,5336,36,1,30.41,30.41
13747,5337,2,4,83.69,334.76
13748,5337,40,4,18.06,72.24
13749,5338,5,2,40.84,81.68
13750,5338,25,3,26.87,80.61
13751,5338,28,3,63.08,189.24
13752,5339,14,1,36.83,36.83
13753,5339,7,3,15.21,45.63
13754,5340,4,3,43.42,130.26
13755,5340,11,2,40.97,81.94
13756,5341,20,2,14.0,28.0
13757,5341,24,3,21.23,63.69
13758,5341,12,1,62.43,62.43
13759,5342,30,3,97.77,293.31
13760,5342,15,4,51.39,205.56
13761,5342,28,1,67.38,67.38
13762,5343,27,1,21.72,21.72
13763,5343,23,4,99.08,396.32
13764,5344,7,1,14.96,14.96
13765,5344,30,1,104.0,104.0
13766,5344,18,2,74.14,148.28
13767,5344,40,2,19.02,38.04
13768,5344,12,4,65.75,263.0
13769,5345,30,1,94.19,94.19
13770,5345,54,3,21.56,64.67999999999999
13771,5345,26,4,18.44,73.76
13772,5345,44,4,69.45,277.8
13773,5345,20,2,14.97,29.94
13774,5346,46,2,57.89,115.78
13775,5346,6,2,21.79,43.58
13776,5347,12,2,68.57,137.14
13777,5348,33,3,45.37,136.10999999999999
13778,5348,40,3,17.51,52.53
13779,5349,42,1,63.37,63.37
13780,5350,14,3,37.83,113.49
13781,5350,29,1,37.1,37.1
13782,5350,1,4,11.54,46.16
13783,5350,40,3,17.6,52.800000000000004
13784,5350,8,4,130.87,523.48
13785,5351,24,1,20.3,20.3
13786,5352,20,3,14.54,43.62
13787,5352,42,1,71.27,71.27
13788,5352,36,3,29.79,89.37
13789,5353,37,3,58.88,176.64000000000001
13790,5353,31,4,179.49,717.96
13791,5353,38,2,70.88,141.76
13792,5353,24,2,19.77,39.54
13793,5353,1,3,12.6,37.8
13794,5354,18,1,78.0,78.0
13795,5355,7,2,15.86,31.72
13796,5355,19,2,19.6,39.2
13797,5355,44,2,69.63,139.26
13798,5355,48,1,93.72,93.72
13799,5356,28,3,67.35,202.04999999999998
13800,5356,17,1,147.96,147.96
13801,5356,39,3,31.57,94.71000000000001
13802,5356,2,4,93.31,373.24
13803,5356,53,2,40.54,81.08
13804,5357,53,1,41.99,41.99
13805,5357,1,3,13.06,39.18
13806,5358,54,3,21.7,65.1
13807,5358,32,1,17.33,17.33
13808,5359,46,3,60.13,180.39000000000001
13809,5360,35,2,14.25,28.5
13810,5360,45,1,71.76,71.76
13811,5360,34,3,31.94,95.82000000000001
13812,5360,10,2,18.66,37.32
13813,5361,9,3,55.75,167.25
13814,5362,1,4,12.06,48.24
13815,5362,13,4,52.7,210.8
13816,5362,4,3,43.63,130.89000000000001
13817,5363,51,4,39.45,157.8
13818,5363,30,2,91.9,183.8
13819,5364,1,2,12.25,24.5
13820,5364,11,1,46.06,46.06
13821,5364,5,4,41.19,164.76
13822,5364,21,2,93.41,186.82
13823,5364,30,2,101.25,202.5
13824,5365,17,4,156.83,627.32
13825,5366,2,3,84.21,252.63
13826,5366,10,4,17.57,70.28
13827,5366,52,3,21.73,65.19
13828,5367,30,3,100.65,301.95000000000005
13829,5367,21,4,91.19,364.76
13830,5367,33,4,48.75,195.0
13831,5368,3,4,28.44,113.76
13832,5368,7,4,15.19,60.76
13833,5368,45,3,69.7,209.10000000000002
13834,5369,10,3,17.58,52.739999999999995
13835,5369,30,4,90.71,362.84
13836,5369,6,1,21.99,21.99
13837,5370,46,2,53.74,107.48
13838,5370,33,2,48.85,97.7
13839,5370,43,1,96.11,96.11
13840,5370,50,1,14.84,14.84
13841,5370,11,1,44.87,44.87
13842,5371,51,1,37.68,37.68
13843,5371,21,3,87.83,263.49
13844,5372,41,3,52.16,156.48
13845,5373,53,2,44.74,89.48
13846,5374,55,3,30.61,91.83
13847,5374,10,1,17.65,17.65
13848,5374,16,4,392.77,1571.08
13849,5375,53,1,45.95,45.95
13850,5375,35,2,15.05,30.1
13851,5376,7,1,16.41,16.41
13852,5377,39,1,31.61,31.61
13853,5377,9,4,58.78,235.12
13854,5377,16,3,394.99,1184.97
13855,5378,34,2,31.5,63.0
13856,5378,3,1,28.37,28.37
13857,5378,27,4,21.64,86.56
13858,5378,28,3,65.95,197.85000000000002
13859,5378,6,2,22.48,44.96
13860,5379,44,3,78.65,235.95000000000002
13861,5379,55,2,31.26,62.52
13862,5379,37,4,53.08,212.32
13863,5380,47,3,48.62,145.85999999999999
13864,5380,19,2,19.31,38.62
13865,5380,45,2,68.87,137.74
13866,5381,37,1,57.82,57.82
13867,5381,4,3,49.49,148.47
13868,5381,43,2,87.06,174.12
13869,5382,49,3,25.77,77.31
13870,5382,32,3,17.32,51.96
13871,5382,51,1,38.76,38.76
13872,5383,43,2,94.4,188.8
13873,5384,28,2,62.3,124.6
13874,5385,24,3,20.2,60.599999999999994
13875,5385,2,3,92.17,276.51
13876,5385,13,4,47.16,188.64
13877,5385,29,4,35.52,142.08
13878,5385,4,3,49.24,147.72
13879,5386,2,1,92.78,92.78
13880,5386,47,1,46.38,46.38
13881,5386,12,2,65.22,130.44
13882,5387,1,4,12.29,49.16
13883,5388,37,3,58.95,176.85000000000002
13884,5388,5,1,39.43,39.43
13885,5388,53,3,41.78,125.34
13886,5388,23,3,92.2,276.6
13887,5389,14,2,36.33,72.66
13888,5389,49,1,24.01,24.01
13889,5389,38,4,69.52,278.08
13890,5390,10,2,18.85,37.7
13891,5391,40,1,19.42,19.42
13892,5391,29,3,38.43,115.28999999999999
13893,5391,14,4,37.15,148.6
13894,5391,1,2,11.77,23.54
13895,5391,15,3,53.31,159.93
13896,5392,28,1,62.85,62.85
13897,5392,10,1,18.82,18.82
13898,5392,33,2,45.23,90.46
13899,5392,45,2,65.81,131.62
13900,5392,26,3,18.26,54.78
13901,5393,42,3,62.56,187.68
13902,5393,28,3,59.38,178.14000000000001
13903,5393,24,1,20.56,20.56
13904,5393,14,4,34.08,136.32
13905,5394,24,4,20.43,81.72
13906,5394,46,2,52.71,105.42
13907,5395,33,1,44.68,44.68
13908,5395,2,2,83.19,166.38
13909,5395,45,2,71.12,142.24
13910,5395,21,1,93.37,93.37
13911,5395,44,3,73.29,219.87
13912,5396,21,4,83.7,334.8
13913,5396,4,1,46.83,46.83
13914,5397,48,3,91.68,275.04
13915,5397,26,2,18.2,36.4
13916,5397,8,3,120.24,360.71999999999997
13917,5398,9,4,52.9,211.6
13918,5398,24,1,21.75,21.75
13919,5398,39,2,33.14,66.28
13920,5399,26,3,18.69,56.07000000000001
13921,5399,45,1,72.37,72.37
13922,5399,16,1,369.11,369.11
13923,5400,32,3,17.41,52.230000000000004
13924,5400,17,4,148.25,593.0
13925,5401,10,3,18.8,56.400000000000006
13926,5402,29,2,36.9,73.8
13927,5402,15,3,53.15,159.45
13928,5403,13,3,47.45,142.35000000000002
13929,5403,1,4,12.37,49.48
13930,5404,50,2,16.26,32.52
13931,5404,3,3,29.83,89.49
13932,5405,4,4,47.44,189.76
13933,5405,42,2,66.81,133.62
13934,5405,53,4,44.19,176.76
13935,5406,41,4,50.66,202.64
13936,5407,45,4,64.88,259.52
13937,5407,29,3,37.99,113.97
13938,5407,31,3,191.56,574.6800000000001
13939,5407,41,4,50.81,203.24
13940,5407,30,2,91.1,182.2
13941,5408,42,2,64.34,128.68
13942,5408,18,3,76.67,230.01
13943,5408,11,3,44.6,133.8
13944,5409,26,4,19.33,77.32
13945,5409,14,2,36.52,73.04
13946,5409,2,4,93.06,372.24
13947,5409,6,3,23.79,71.37
13948,5409,39,3,32.04,96.12
13949,5410,44,2,72.09,144.18
13950,5410,18,4,73.64,294.56
13951,5410,55,4,32.55,130.2
13952,5410,52,1,22.01,22.01
13953,5410,37,4,57.61,230.44
13954,5411,52,3,20.93,62.79
13955,5411,37,3,54.44,163.32
13956,5411,49,4,25.72,102.88
13957,5412,44,4,76.34,305.36
13958,5412,48,4,97.23,388.92
13959,5413,50,1,15.67,15.67
13960,5414,40,3,19.1,57.300000000000004
13961,5415,17,4,146.1,584.4
13962,5415,26,2,18.08,36.16
13963,5415,12,2,65.52,131.04
13964,5416,28,1,60.28,60.28
13965,5416,31,1,177.0,177.0
13966,5416,40,2,18.35,36.7
13967,5416,51,1,39.26,39.26
13968,5417,16,1,407.27,407.27
13969,5418,42,2,61.91,123.82
13970,5419,2,4,82.38,329.52
13971,5420,40,2,17.55,35.1
13972,5420,9,1,56.85,56.85
13973,5420,49,1,25.16,25.16
13974,5421,13,2,47.82,95.64
13975,5421,54,4,22.84,91.36
13976,5421,43,2,89.72,179.44
13977,5421,27,3,23.18,69.53999999999999
13978,5422,17,4,143.44,573.76
13979,5422,7,4,14.65,58.6
13980,5422,39,1,32.83,32.83
13981,5423,11,1,40.47,40.47
13982,5423,43,1,94.53,94.53
13983,5424,13,3,47.34,142.02
13984,5424,35,2,15.32,30.64
13985,5424,38,3,70.08,210.24
13986,5424,25,3,30.09,90.27
13987,5425,4,2,45.43,90.86
13988,5425,41,2,47.07,94.14
13989,5425,14,3,36.02,108.06
13990,5426,50,2,15.16,30.32
13991,5426,21,4,87.09,348.36
13992,5427,17,4,157.33,629.32
13993,5427,20,1,14.35,14.35
13994,5427,48,1,102.23,102.23
13995,5427,25,1,29.39,29.39
13996,5427,42,2,65.76,131.52
13997,5428,24,3,20.21,60.63
13998,5428,21,3,88.21,264.63
13999,5428,26,2,17.45,34.9
14000,5428,40,2,18.21,36.42
14001,5428,14,2,36.41,72.82
14002,5429,53,1,42.86,42.86
14003,5429,40,3,18.68,56.04
14004,5429,6,3,22.28,66.84
14005,5429,49,3,27.23,81.69
14006,5429,8,1,115.3,115.3
14007,5430,51,2,36.88,73.76
14008,5430,19,3,17.33,51.989999999999995
14009,5430,27,4,23.52,94.08
14010,5431,42,3,64.96,194.88
14011,5432,44,2,77.56,155.12
14012,5432,27,4,21.78,87.12
14013,5432,30,1,101.69,101.69
14014,5433,36,4,30.8,123.2
14015,5433,8,2,126.25,252.5
14016,5434,43,3,96.63,289.89
14017,5435,2,4,86.23,344.92
14018,5435,55,2,31.79,63.58
14019,5436,49,1,25.16,25.16
14020,5436,29,4,33.5,134.0
14021,5436,21,1,92.73,92.73
14022,5436,24,1,20.98,20.98
14023,5436,51,1,36.18,36.18
14024,5437,37,4,60.33,241.32
14025,5437,18,1,77.63,77.63
14026,5437,8,2,125.89,251.78
14027,5437,48,1,103.22,103.22
14028,5437,30,4,104.42,417.68
14029,5438,42,4,63.22,252.88
14030,5438,51,3,36.9,110.69999999999999
14031,5438,3,2,28.97,57.94
14032,5438,41,4,52.71,210.84
14033,5439,10,2,17.29,34.58
14034,5439,34,2,35.11,70.22
14035,5439,11,4,40.41,161.64
14036,5440,38,1,74.57,74.57
14037,5440,25,4,28.16,112.64
14038,5440,47,4,43.43,173.72
14039,5441,36,4,26.76,107.04
14040,5442,49,3,27.11,81.33
14041,5442,15,1,55.18,55.18
14042,5443,8,2,124.76,249.52
14043,5443,13,2,51.45,102.9
14044,5443,43,2,90.37,180.74
14045,5444,44,3,73.14,219.42000000000002
14046,5445,51,2,39.64,79.28
14047,5445,31,2,184.43,368.86
14048,5445,52,4,21.22,84.88
14049,5446,8,3,121.9,365.70000000000005
14050,5446,23,4,100.86,403.44
14051,5447,7,1,15.7,15.7
14052,5447,14,1,35.9,35.9
14053,5448,17,1,145.9,145.9
14054,5448,42,3,66.99,200.96999999999997
14055,5448,35,2,14.3,28.6
14056,5448,20,1,14.41,14.41
14057,5448,41,2,46.72,93.44
14058,5449,52,4,23.13,92.52
14059,5449,25,4,30.13,120.52
14060,5450,34,3,34.36,103.08
14061,5450,14,2,37.75,75.5
14062,5450,44,3,71.06,213.18
14063,5450,6,1,23.51,23.51
14064,5450,22,2,239.1,478.2
14065,5451,31,1,188.43,188.43
14066,5451,26,4,18.99,75.96
14067,5451,45,4,74.23,296.92
14068,5451,49,3,25.64,76.92
14069,5451,43,2,94.82,189.64
14070,5452,5,1,38.78,38.78
14071,5452,43,1,93.37,93.37
14072,5453,48,2,94.8,189.6
14073,5453,39,3,32.85,98.55000000000001
14074,5453,6,3,21.81,65.42999999999999
14075,5453,5,4,40.55,162.2
14076,5453,51,1,36.72,36.72
14077,5454,29,2,36.59,73.18
14078,5455,39,2,30.49,60.98
14079,5456,38,2,78.1,156.2
14080,5456,46,4,59.35,237.4
14081,5457,38,3,76.31,228.93
14082,5457,50,1,15.38,15.38
14083,5458,15,3,52.9,158.7
14084,5458,31,3,172.35,517.05
14085,5458,7,4,15.59,62.36
14086,5459,53,2,41.8,83.6
14087,5459,22,2,219.53,439.06
14088,5460,40,4,17.63,70.52
14089,5460,48,2,90.9,181.8
14090,5460,15,1,53.38,53.38
14091,5460,37,2,59.09,118.18
14092,5461,24,3,21.14,63.42
14093,5461,50,1,15.35,15.35
14094,5461,4,1,46.69,46.69
14095,5461,52,3,23.36,70.08
14096,5461,1,4,11.73,46.92
14097,5462,53,1,43.55,43.55
14098,5462,33,1,45.46,45.46
14099,5462,51,1,39.79,39.79
14100,5463,6,2,23.13,46.26
14101,5463,14,1,36.41,36.41
14102,5463,7,1,14.34,14.34
14103,5464,31,2,196.88,393.76
14104,5464,46,3,52.6,157.8
14105,5465,44,4,70.82,283.28
14106,5465,17,2,144.84,289.68
14107,5465,35,2,14.97,29.94
14108,5465,30,1,96.85,96.85
14109,5466,30,3,104.0,312.0
14110,5466,8,3,121.51,364.53000000000003
14111,5466,18,4,71.33,285.32
14112,5466,42,4,69.81,279.24
14113,5466,50,3,15.56,46.68
14114,5467,42,4,65.83,263.32
14115,5468,54,3,21.89,65.67
14116,5469,6,2,23.39,46.78
14117,5469,51,2,37.91,75.82
14118,5469,54,3,23.23,69.69
14119,5470,27,4,23.15,92.6
14120,5471,14,4,35.81,143.24
14121,5471,39,1,32.87,32.87
14122,5471,46,1,52.82,52.82
14123,5471,51,2,38.01,76.02
14124,5471,47,3,47.8,143.39999999999998
14125,5472,22,4,227.66,910.64
14126,5472,25,1,30.15,30.15
14127,5472,41,2,51.48,102.96
14128,5472,14,2,37.82,75.64
14129,5472,1,1,11.5,11.5
14130,5473,41,1,48.15,48.15
14131,5473,40,1,19.14,19.14
14132,5474,11,2,41.2,82.4
14133,5474,43,3,90.76,272.28000000000003
14134,5475,11,1,43.62,43.62
14135,5475,23,4,95.03,380.12
14136,5476,16,4,371.23,1484.92
14137,5477,4,3,42.97,128.91
14138,5477,7,3,15.09,45.269999999999996
14139,5477,51,2,40.94,81.88
14140,5478,10,2,19.7,39.4
14141,5478,54,1,24.19,24.19
14142,5478,19,4,19.21,76.84
14143,5479,42,1,63.74,63.74
14144,5479,4,4,44.65,178.6
14145,5479,34,1,34.28,34.28
14146,5480,37,1,54.81,54.81
14147,5480,42,2,67.0,134.0
14148,5481,12,3,70.63,211.89
14149,5482,7,2,16.08,32.16
14150,5482,53,2,43.09,86.18
14151,5482,1,4,11.41,45.64
14152,5483,47,3,43.2,129.60000000000002
14153,5484,54,2,22.33,44.66
14154,5485,54,3,21.18,63.54
14155,5485,47,1,45.87,45.87
14156,5485,31,4,189.85,759.4
14157,5485,30,4,100.46,401.84
14158,5486,31,1,195.77,195.77
14159,5486,24,4,20.55,82.2
14160,5487,55,3,29.05,87.15
14161,5487,28,2,61.67,123.34
14162,5487,32,4,17.31,69.24
14163,5488,14,4,35.17,140.68
14164,5488,33,1,45.49,45.49
14165,5488,40,1,19.7,19.7
14166,5489,16,4,368.56,1474.24
14167,5489,42,4,71.5,286.0
14168,5489,54,3,21.88,65.64
14169,5489,53,3,45.02,135.06
14170,5489,35,3,15.1,45.3
14171,5490,18,1,70.94,70.94
14172,5490,35,4,14.4,57.6
14173,5491,21,3,93.31,279.93
14174,5492,8,3,128.9,386.70000000000005
14175,5493,18,2,72.86,145.72
14176,5494,36,2,29.79,59.58
14177,5495,12,3,68.89,206.67000000000002
14178,5495,11,2,41.49,82.98
14179,5495,16,2,398.75,797.5
14180,5496,30,4,98.17,392.68
14181,5497,20,4,14.65,58.6
14182,5498,14,3,37.19,111.57
14183,5499,11,3,40.19,120.57
14184,5500,22,4,225.21,900.84
14185,5501,13,1,49.35,49.35
14186,5502,15,2,54.78,109.56
14187,5502,21,2,82.23,164.46
14188,5503,21,4,90.97,363.88
14189,5503,52,4,21.62,86.48
14190,5503,34,4,34.9,139.6
14191,5504,13,4,46.92,187.68
14192,5504,50,2,14.67,29.34
14193,5504,10,1,19.62,19.62
14194,5505,41,1,48.32,48.32
14195,5505,38,1,75.41,75.41
14196,5505,46,1,52.41,52.41
14197,5505,26,4,19.22,76.88
14198,5505,19,2,18.92,37.84
14199,5506,30,2,91.77,183.54
14200,5506,19,1,17.96,17.96
14201,5506,47,1,46.14,46.14
14202,5507,7,3,15.15,45.45
14203,5507,11,4,45.15,180.6
14204,5507,23,3,101.15,303.45000000000005
14205,5508,10,1,17.66,17.66
14206,5508,18,1,76.41,76.41
14207,5508,9,4,53.55,214.2
14208,5509,48,1,96.45,96.45
14209,5509,26,3,19.29,57.87
14210,5510,53,2,41.52,83.04
14211,5511,49,2,26.31,52.62
14212,5512,38,3,77.62,232.86
14213,5512,10,4,17.21,68.84
14214,5513,11,1,43.78,43.78
14215,5513,32,4,18.24,72.96
14216,5513,19,4,17.75,71.0
14217,5513,38,1,78.54,78.54
14218,5514,52,4,23.31,93.24
14219,5515,36,2,30.32,60.64
14220,5516,54,4,23.33,93.32
14221,5517,4,1,46.5,46.5
14222,5518,20,2,14.14,28.28
14223,5518,23,1,100.02,100.02
14224,5519,53,4,43.07,172.28
14225,5519,22,2,236.17,472.34
14226,5519,46,3,59.92,179.76
14227,5520,10,3,18.05,54.150000000000006
14228,5521,13,2,50.19,100.38
14229,5521,30,2,101.7,203.4
14230,5521,8,1,130.08,130.08
14231,5521,17,3,156.36,469.08000000000004
14232,5521,28,4,58.96,235.84
14233,5522,29,1,34.7,34.7
14234,5523,51,4,39.48,157.92
14235,5524,13,3,48.33,144.99
14236,5524,2,3,82.87,248.61
14237,5525,43,2,92.29,184.58
14238,5525,12,1,68.9,68.9
14239,5526,40,1,18.11,18.11
14240,5526,14,3,33.51,100.53
14241,5526,36,2,28.22,56.44
14242,5526,17,2,153.76,307.52
14243,5526,51,4,41.39,165.56
14244,5527,35,1,15.54,15.54
14245,5528,26,1,19.06,19.06
14246,5528,50,3,16.28,48.84
14247,5529,44,3,78.34,235.02
14248,5530,55,3,32.93,98.78999999999999
14249,5530,27,3,21.85,65.55000000000001
14250,5530,9,3,57.08,171.24
14251,5530,51,4,38.05,152.2
14252,5530,11,3,42.71,128.13
14253,5531,12,3,63.0,189.0
14254,5531,45,3,70.66,211.98
14255,5532,24,2,20.81,41.62
14256,5532,47,4,47.25,189.0
14257,5532,49,1,26.98,26.98
14258,5533,37,3,59.02,177.06
14259,5533,2,4,90.0,360.0
14260,5534,39,3,31.37,94.11
14261,5534,15,3,53.77,161.31
14262,5534,52,1,22.04,22.04
14263,5534,14,3,36.7,110.10000000000001
14264,5535,41,1,49.22,49.22
14265,5535,43,4,89.98,359.92
14266,5535,40,3,18.45,55.349999999999994
14267,5535,35,2,15.94,31.88
14268,5535,55,2,30.66,61.32
14269,5536,35,4,15.78,63.12
14270,5537,53,2,41.77,83.54
14271,5537,16,3,407.77,1223.31
14272,5537,41,1,49.7,49.7
14273,5537,46,1,52.51,52.51
14274,5537,24,2,21.14,42.28
14275,5538,52,4,23.09,92.36
14276,5539,17,3,148.15,444.45000000000005
14277,5539,9,3,56.08,168.24
14278,5540,2,1,82.0,82.0
14279,5540,53,2,44.15,88.3
14280,5540,54,1,22.79,22.79
14281,5540,46,1,52.87,52.87
14282,5541,17,4,150.24,600.96
14283,5541,24,2,20.96,41.92
14284,5541,39,4,30.9,123.6
14285,5541,23,1,96.96,96.96
14286,5542,54,3,22.69,68.07000000000001
14287,5542,45,1,74.07,74.07
14288,5542,8,3,128.1,384.29999999999995
14289,5542,41,2,52.04,104.08
14290,5542,17,2,148.99,297.98
14291,5543,3,2,29.93,59.86
14292,5543,55,1,29.49,29.49
14293,5544,9,4,52.55,210.2
14294,5544,51,3,40.95,122.85000000000001
14295,5545,43,2,88.22,176.44
14296,5546,52,3,22.03,66.09
14297,5546,1,1,11.44,11.44
14298,5546,25,2,28.74,57.48
14299,5547,19,3,19.76,59.28
14300,5547,7,2,14.43,28.86
14301,5547,38,4,77.32,309.28
14302,5548,39,1,34.85,34.85
14303,5548,38,2,74.66,149.32
14304,5549,55,1,30.29,30.29
14305,5549,36,4,29.23,116.92
14306,5549,3,2,29.88,59.76
14307,5550,28,4,61.73,246.92
14308,5550,17,3,150.13,450.39
14309,5550,49,3,25.19,75.57000000000001
14310,5551,47,4,45.9,183.6
14311,5551,31,4,193.47,773.88
14312,5551,3,1,29.96,29.96
14313,5552,23,2,94.25,188.5
14314,5552,20,3,15.16,45.480000000000004
14315,5552,2,3,86.28,258.84000000000003
14316,5552,49,4,26.83,107.32
14317,5553,23,3,91.12,273.36
14318,5553,51,4,36.74,146.96
14319,5553,52,1,22.86,22.86
14320,5553,55,3,32.37,97.10999999999999
14321,5554,33,4,43.91,175.64
14322,5554,45,1,73.28,73.28
14323,5554,10,1,19.24,19.24
14324,5555,9,3,56.1,168.3
14325,5555,40,1,17.25,17.25
14326,5555,30,4,94.22,376.88
14327,5556,5,3,39.26,117.78
14328,5556,27,4,22.8,91.2
14329,5557,29,4,37.91,151.64
14330,5557,13,2,46.78,93.56
14331,5557,50,3,15.31,45.93
14332,5557,43,1,86.2,86.2
14333,5558,42,1,64.69,64.69
14334,5559,10,2,18.97,37.94
14335,5560,51,3,38.16,114.47999999999999
14336,5561,10,2,18.63,37.26
14337,5562,55,1,32.24,32.24
14338,5562,13,4,50.67,202.68
14339,5563,28,4,60.93,243.72
14340,5564,36,4,28.82,115.28
14341,5564,50,3,14.78,44.339999999999996
14342,5564,19,3,17.6,52.800000000000004
14343,5565,55,3,32.54,97.62
14344,5565,49,1,25.8,25.8
14345,5566,46,4,57.87,231.48
14346,5566,19,3,17.21,51.63
14347,5567,50,2,16.2,32.4
14348,5568,26,4,17.94,71.76
14349,5569,5,3,36.71,110.13
14350,5569,14,2,37.14,74.28
14351,5569,45,1,73.98,73.98
14352,5570,35,4,14.85,59.4
14353,5570,41,4,48.19,192.76
14354,5571,25,2,29.29,58.58
14355,5572,53,1,40.06,40.06
14356,5572,26,4,19.42,77.68
14357,5572,28,4,64.06,256.24
14358,5573,3,3,30.71,92.13
14359,5573,29,2,37.57,75.14
14360,5573,10,2,18.29,36.58
14361,5573,46,2,55.34,110.68
14362,5574,26,3,18.55,55.650000000000006
14363,5574,14,3,36.8,110.39999999999999
14364,5574,49,2,23.88,47.76
14365,5575,6,4,21.06,84.24
14366,5575,20,3,15.3,45.900000000000006
14367,5575,30,3,100.02,300.06
14368,5576,34,4,34.85,139.4
14369,5577,47,3,46.31,138.93
14370,5577,22,3,227.8,683.4000000000001
14371,5578,4,4,47.07,188.28
14372,5578,37,2,54.47,108.94
14373,5578,5,4,37.43,149.72
14374,5579,44,4,74.06,296.24
14375,5579,55,2,32.2,64.4
14376,5579,43,3,83.88,251.64
14377,5579,5,4,36.66,146.64
14378,5579,28,4,67.44,269.76
14379,5580,43,4,93.77,375.08
14380,5580,34,2,32.98,65.96
14381,5581,4,4,48.48,193.92
14382,5581,43,3,83.63,250.89
14383,5582,20,3,13.95,41.849999999999994
14384,5582,4,3,45.36,136.07999999999998
14385,5583,27,2,24.18,48.36
14386,5584,40,4,17.3,69.2
14387,5584,17,4,143.24,572.96
14388,5584,45,3,64.64,193.92000000000002
14389,5585,20,3,14.58,43.74
14390,5585,29,1,38.1,38.1
14391,5586,6,1,23.24,23.24
14392,5586,14,3,34.94,104.82
14393,5586,5,1,41.15,41.15
14394,5586,19,3,17.73,53.19
14395,5587,40,1,18.93,18.93
14396,5587,30,1,92.55,92.55
14397,5587,48,1,101.88,101.88
14398,5587,43,1,86.34,86.34
14399,5588,48,4,92.24,368.96
14400,5588,30,3,94.68,284.04
14401,5589,27,2,23.37,46.74
14402,5589,48,2,93.52,187.04
14403,5589,40,3,18.29,54.87
14404,5590,17,2,154.06,308.12
14405,5590,50,1,14.38,14.38
14406,5590,31,3,173.25,519.75
14407,5591,26,4,19.56,78.24
14408,5591,11,3,45.38,136.14000000000001
14409,5591,55,3,28.82,86.46000000000001
14410,5591,28,3,63.93,191.79
14411,5591,52,2,22.34,44.68
14412,5592,24,3,21.34,64.02
14413,5593,7,4,15.77,63.08
14414,5593,10,4,18.16,72.64
14415,5593,1,1,12.12,12.12
14416,5594,51,1,41.27,41.27
14417,5595,3,1,28.74,28.74
14418,5595,32,1,17.74,17.74
14419,5595,26,2,19.31,38.62
14420,5595,27,3,21.45,64.35
14421,5595,49,2,27.11,54.22
14422,5596,27,2,20.98,41.96
14423,5597,12,3,69.34,208.02
14424,5597,46,3,53.84,161.52
14425,5598,25,3,28.16,84.48
14426,5598,52,1,23.28,23.28
14427,5599,48,1,98.32,98.32
14428,5600,50,2,14.44,28.88
14429,5600,1,2,12.86,25.72
14430,5600,6,1,22.61,22.61
14431,5600,14,3,36.28,108.84
14432,5601,38,1,71.57,71.57
14433,5602,33,4,48.1,192.4
14434,5602,52,3,22.18,66.53999999999999
14435,5603,18,2,73.45,146.9
14436,5603,53,3,42.6,127.80000000000001
14437,5603,49,2,26.43,52.86
14438,5603,20,3,13.4,40.2
14439,5604,31,1,197.45,197.45
14440,5605,11,4,42.86,171.44
14441,5606,50,4,14.49,57.96
14442,5606,48,4,90.66,362.64
14443,5606,43,3,93.68,281.04
14444,5607,35,2,14.8,29.6
14445,5607,44,1,70.76,70.76
14446,5607,53,3,45.28,135.84
14447,5607,49,4,25.73,102.92
14448,5608,36,2,29.31,58.62
14449,5609,43,1,89.61,89.61
14450,5610,11,2,44.23,88.46
14451,5610,33,1,43.05,43.05
14452,5611,38,1,72.32,72.32
14453,5611,19,3,19.73,59.19
14454,5612,50,2,15.24,30.48
14455,5612,18,1,76.83,76.83
14456,5612,19,3,17.16,51.480000000000004
14457,5612,46,4,56.98,227.92
14458,5612,54,3,21.56,64.67999999999999
14459,5613,53,1,42.74,42.74
14460,5614,26,4,19.67,78.68
14461,5615,42,3,64.48,193.44
14462,5615,34,4,32.12,128.48
14463,5616,47,3,44.53,133.59
14464,5616,14,3,35.37,106.10999999999999
14465,5616,50,3,14.99,44.97
14466,5616,45,2,65.94,131.88
14467,5617,24,4,20.36,81.44
14468,5617,41,4,47.19,188.76
14469,5617,28,3,62.72,188.16
14470,5617,37,2,53.87,107.74
14471,5617,20,1,14.93,14.93
14472,5618,32,2,18.41,36.82
14473,5618,18,3,70.44,211.32
14474,5618,15,2,51.38,102.76
14475,5619,5,1,38.9,38.9
14476,5620,24,2,21.0,42.0
14477,5620,50,1,15.57,15.57
14478,5621,44,1,78.22,78.22
14479,5621,43,1,89.83,89.83
14480,5622,4,3,47.5,142.5
14481,5622,1,1,11.44,11.44
14482,5622,26,2,17.24,34.48
14483,5622,28,1,68.09,68.09
14484,5622,36,1,27.73,27.73
14485,5623,48,4,94.95,379.8
14486,5623,37,1,60.43,60.43
14487,5623,19,3,19.1,57.300000000000004
14488,5623,30,2,90.59,181.18
14489,5624,23,4,102.43,409.72
14490,5625,13,2,49.46,98.92
14491,5625,26,2,18.79,37.58
14492,5626,8,3,116.5,349.5
14493,5626,53,1,44.85,44.85
14494,5627,48,3,97.11,291.33
14495,5627,38,4,73.2,292.8
14496,5627,19,4,19.08,76.32
14497,5628,48,3,96.29,288.87
14498,5628,13,2,51.25,102.5
14499,5629,28,3,62.74,188.22
14500,5629,33,3,45.95,137.85000000000002
14501,5629,30,4,96.82,387.28
14502,5629,6,2,21.06,42.12
14503,5629,52,2,23.36,46.72
14504,5630,8,1,124.51,124.51
14505,5631,47,2,48.62,97.24
14506,5631,32,2,19.4,38.8
14507,5631,29,4,36.38,145.52
14508,5632,5,3,39.17,117.51
14509,5632,8,2,119.97,239.94
14510,5632,20,1,15.09,15.09
14511,5633,48,4,95.61,382.44
14512,5634,45,3,73.32,219.95999999999998
14513,5634,24,1,19.71,19.71
14514,5634,55,4,31.2,124.8
14515,5635,23,4,92.43,369.72
14516,5635,18,1,75.38,75.38
14517,5635,8,1,128.18,128.18
14518,5636,4,4,46.68,186.72
14519,5636,10,2,19.66,39.32
14520,5636,15,2,50.47,100.94
14521,5636,51,1,40.25,40.25
14522,5637,35,2,14.62,29.24
14523,5637,5,2,38.39,76.78
14524,5637,25,2,29.44,58.88
14525,5637,40,1,19.33,19.33
14526,5637,46,3,59.05,177.14999999999998
14527,5638,16,3,368.78,1106.34
14528,5639,10,3,18.7,56.099999999999994
14529,5639,43,4,84.03,336.12
14530,5639,49,3,26.09,78.27
14531,5639,32,1,19.41,19.41
14532,5640,5,1,37.61,37.61
14533,5640,42,4,61.85,247.4
14534,5640,13,4,46.51,186.04
14535,5641,38,2,71.36,142.72
14536,5641,12,3,68.28,204.84
14537,5641,50,4,16.42,65.68
14538,5641,1,1,13.17,13.17
14539,5641,31,1,182.74,182.74
14540,5642,55,1,32.64,32.64
14541,5643,13,4,47.81,191.24
14542,5643,53,4,44.16,176.64
14543,5643,11,3,45.93,137.79
14544,5644,12,4,71.21,284.84
14545,5645,23,1,98.02,98.02
14546,5645,37,1,53.87,53.87
14547,5645,52,1,21.01,21.01
14548,5645,44,4,79.05,316.2
14549,5646,47,4,46.66,186.64
14550,5646,3,1,28.64,28.64
14551,5647,30,4,90.91,363.64
14552,5647,15,3,54.11,162.32999999999998
14553,5647,24,2,21.01,42.02
14554,5647,50,3,16.21,48.63
14555,5648,3,4,29.32,117.28
14556,5648,26,3,17.37,52.11
14557,5648,44,2,69.26,138.52
14558,5649,42,3,62.21,186.63
14559,5649,37,4,59.59,238.36
14560,5650,33,1,43.37,43.37
14561,5650,13,3,45.92,137.76
14562,5650,20,4,14.32,57.28
14563,5651,2,4,81.11,324.44
14564,5652,11,1,41.88,41.88
14565,5652,53,1,40.05,40.05
14566,5652,38,2,75.79,151.58
14567,5652,9,3,56.76,170.28
14568,5652,3,2,28.24,56.48
14569,5653,12,1,68.26,68.26
14570,5653,25,1,26.9,26.9
14571,5653,16,1,385.91,385.91
14572,5654,3,2,27.69,55.38
14573,5654,27,3,22.67,68.01
14574,5654,41,2,52.17,104.34
14575,5654,36,4,28.89,115.56
14576,5654,22,2,211.3,422.6
14577,5655,13,2,48.18,96.36
14578,5656,26,1,18.74,18.74
14579,5656,40,2,18.69,37.38
14580,5656,29,1,34.0,34.0
14581,5657,51,2,39.67,79.34
14582,5657,25,4,27.29,109.16
14583,5657,34,1,34.81,34.81
14584,5657,19,4,17.93,71.72
14585,5658,39,3,30.9,92.69999999999999
14586,5659,39,1,31.98,31.98
14587,5659,1,2,13.13,26.26
14588,5660,15,4,55.08,220.32
14589,5661,51,4,38.52,154.08
14590,5661,44,1,72.1,72.1
14591,5661,36,2,29.76,59.52
14592,5662,46,4,54.12,216.48
14593,5662,12,1,63.38,63.38
14594,5663,14,1,36.31,36.31
14595,5663,23,2,94.38,188.76
14596,5663,45,2,64.97,129.94
14597,5664,16,4,399.77,1599.08
14598,5664,36,2,26.81,53.62
14599,5665,27,3,21.14,63.42
14600,5665,29,2,37.85,75.7
14601,5666,17,4,150.39,601.56
14602,5666,37,2,56.64,113.28
14603,5667,33,1,47.05,47.05
14604,5668,33,4,47.76,191.04
14605,5668,18,3,69.33,207.99
14606,5668,29,3,37.06,111.18
14607,5669,16,3,412.56,1237.68
14608,5669,31,1,184.3,184.3
14609,5670,7,2,14.72,29.44
14610,5671,22,2,236.35,472.7
14611,5671,11,3,45.79,137.37
14612,5671,2,4,86.94,347.76
14613,5672,6,1,23.2,23.2
14614,5673,29,2,35.49,70.98
14615,5673,6,2,24.05,48.1
14616,5674,35,2,15.65,31.3
14617,5675,22,2,218.81,437.62
14618,5675,16,2,401.32,802.64
14619,5675,31,1,192.41,192.41
14620,5676,14,4,34.99,139.96
14621,5677,31,1,176.89,176.89
14622,5677,46,4,53.77,215.08
14623,5677,19,4,18.25,73.0
14624,5677,42,3,61.92,185.76
14625,5677,51,2,41.0,82.0
14626,5678,42,3,68.96,206.88
14627,5679,29,2,37.33,74.66
14628,5679,20,3,14.24,42.72
14629,5680,24,4,20.28,81.12
14630,5680,55,1,32.83,32.83
14631,5680,26,4,19.55,78.2
14632,5680,4,2,48.45,96.9
14633,5681,28,4,59.27,237.08
14634,5681,38,1,78.27,78.27
14635,5682,24,4,19.35,77.4
14636,5682,11,1,39.98,39.98
14637,5683,43,2,86.29,172.58
14638,5683,28,1,63.54,63.54
14639,5683,16,2,403.5,807.0
14640,5684,48,3,97.05,291.15
14641,5684,46,2,55.53,111.06
14642,5684,4,1,49.05,49.05
14643,5685,46,2,57.34,114.68
14644,5685,41,1,48.88,48.88
14645,5685,3,1,28.44,28.44
14646,5685,18,4,78.08,312.32
14647,5685,9,3,60.1,180.3
14648,5686,53,1,40.5,40.5
14649,5687,43,3,89.67,269.01
14650,5687,29,3,35.06,105.18
14651,5688,43,3,95.55,286.65
14652,5689,7,2,14.83,29.66
14653,5689,9,4,57.95,231.8
14654,5690,28,2,61.6,123.2
14655,5690,17,3,154.06,462.18
14656,5690,38,4,76.54,306.16
14657,5690,51,2,40.48,80.96
14658,5691,37,2,57.68,115.36
14659,5691,1,3,11.59,34.769999999999996
14660,5691,25,1,30.48,30.48
14661,5692,32,3,19.32,57.96
14662,5693,23,2,102.64,205.28
14663,5693,11,4,41.09,164.36
14664,5693,28,4,65.15,260.6
14665,5694,33,1,48.27,48.27
14666,5694,5,1,39.45,39.45
14667,5695,49,1,24.47,24.47
14668,5695,43,2,85.42,170.84
14669,5695,24,4,20.79,83.16
14670,5695,18,4,74.02,296.08
14671,5696,33,4,48.31,193.24
14672,5696,29,1,34.88,34.88
14673,5697,36,2,26.93,53.86
14674,5697,1,1,12.43,12.43
14675,5697,10,4,18.51,74.04
14676,5697,47,2,45.37,90.74
14677,5697,55,2,29.8,59.6
14678,5698,1,2,12.84,25.68
14679,5698,31,2,191.89,383.78
14680,5698,47,2,46.37,92.74
14681,5698,35,1,14.67,14.67
14682,5699,38,3,73.96,221.88
14683,5700,5,2,37.51,75.02
14684,5700,2,1,83.32,83.32
14685,5701,45,3,70.98,212.94
14686,5701,25,4,29.21,116.84
14687,5702,52,1,20.97,20.97
14688,5702,31,1,183.5,183.5
14689,5702,24,1,21.48,21.48
14690,5703,1,3,12.15,36.45
14691,5704,4,1,44.22,44.22
14692,5705,28,1,60.79,60.79
14693,5705,7,4,14.71,58.84
14694,5705,18,3,68.89,206.67000000000002
14695,5706,12,4,63.08,252.32
14696,5706,46,4,56.46,225.84
14697,5706,39,3,31.05,93.15
14698,5706,25,1,27.88,27.88
14699,5706,8,3,126.54,379.62
14700,5707,36,3,26.93,80.78999999999999
14701,5707,40,3,18.27,54.81
14702,5707,42,1,62.43,62.43
14703,5707,2,4,92.52,370.08
14704,5707,3,1,29.24,29.24
14705,5708,23,1,93.0,93.0
14706,5709,8,4,124.45,497.8
14707,5710,11,1,44.56,44.56
14708,5710,28,1,66.28,66.28
14709,5711,13,1,48.13,48.13
14710,5711,31,2,179.31,358.62
14711,5711,28,3,65.25,195.75
14712,5712,20,1,13.94,13.94
14713,5712,25,1,30.08,30.08
14714,5712,22,2,235.27,470.54
14715,5712,34,2,33.17,66.34
14716,5712,11,4,41.82,167.28
14717,5713,49,4,25.33,101.32
14718,5713,39,1,33.07,33.07
14719,5714,25,2,29.04,58.08
14720,5714,44,4,75.79,303.16
14721,5714,35,1,14.75,14.75
14722,5715,30,1,93.15,93.15
14723,5715,22,3,216.89,650.67
14724,5715,2,4,90.51,362.04
14725,5716,27,1,22.18,22.18
14726,5716,49,1,26.59,26.59
14727,5716,32,4,18.25,73.0
14728,5717,9,4,59.28,237.12
14729,5717,5,1,37.81,37.81
14730,5717,46,2,58.82,117.64
14731,5718,36,1,28.31,28.31
14732,5718,29,4,37.53,150.12
14733,5718,37,1,54.06,54.06
14734,5719,43,1,87.48,87.48
14735,5719,4,4,46.18,184.72
14736,5719,23,2,104.36,208.72
14737,5720,15,1,49.46,49.46
14738,5721,36,3,27.98,83.94
14739,5721,17,4,147.22,588.88
14740,5721,45,1,70.39,70.39
14741,5722,21,1,87.15,87.15
14742,5722,46,4,58.27,233.08
14743,5722,10,3,19.58,58.739999999999995
14744,5722,24,4,21.22,84.88
14745,5722,54,4,22.51,90.04
14746,5723,54,2,23.67,47.34
14747,5724,11,3,44.81,134.43
14748,5724,46,2,52.6,105.2
14749,5724,18,1,73.78,73.78
14750,5724,7,4,16.26,65.04
14751,5724,6,3,22.13,66.39
14752,5725,44,2,69.12,138.24
14753,5726,17,2,151.2,302.4
14754,5726,5,4,38.5,154.0
14755,5726,11,2,45.95,91.9
14756,5726,23,2,100.55,201.1
14757,5726,32,3,18.05,54.150000000000006
14758,5727,22,3,223.96,671.88
14759,5727,49,1,24.26,24.26
14760,5727,6,3,21.62,64.86
14761,5728,55,2,30.91,61.82
14762,5729,37,4,60.0,240.0
14763,5729,36,1,26.71,26.71
14764,5729,25,1,29.66,29.66
14765,5730,43,2,93.11,186.22
14766,5730,26,3,18.39,55.17
14767,5730,45,1,72.99,72.99
14768,5731,48,1,91.37,91.37
14769,5732,26,4,17.51,70.04
14770,5732,41,1,51.85,51.85
14771,5732,43,2,92.75,185.5
14772,5733,48,4,92.07,368.28
14773,5733,25,2,30.11,60.22
14774,5734,44,1,71.44,71.44
14775,5734,16,1,416.57,416.57
14776,5735,10,2,19.56,39.12
14777,5735,5,2,37.5,75.0
14778,5736,20,4,14.5,58.0
14779,5736,9,3,60.3,180.89999999999998
14780,5736,6,1,22.97,22.97
14781,5736,44,4,68.8,275.2
14782,5736,47,1,45.3,45.3
14783,5737,42,2,70.03,140.06
14784,5737,45,2,66.19,132.38
14785,5737,5,3,37.62,112.85999999999999
14786,5738,39,4,32.39,129.56
14787,5738,4,2,47.89,95.78
14788,5738,26,2,18.93,37.86
14789,5738,21,2,85.77,171.54
14790,5739,21,4,87.28,349.12
14791,5740,55,2,31.35,62.7
14792,5741,11,4,40.61,162.44
14793,5741,29,3,36.56,109.68
14794,5741,40,1,18.72,18.72
14795,5741,24,1,21.96,21.96
14796,5742,33,3,42.86,128.57999999999998
14797,5743,17,1,147.5,147.5
14798,5743,30,2,103.89,207.78
14799,5744,29,4,38.07,152.28
14800,5744,40,3,17.92,53.760000000000005
14801,5745,10,2,17.4,34.8
14802,5745,12,3,69.44,208.32
14803,5746,5,3,38.22,114.66
14804,5746,49,3,24.31,72.92999999999999
14805,5746,35,3,15.19,45.57
14806,5747,7,1,16.07,16.07
14807,5748,17,3,144.04,432.12
14808,5748,31,3,184.51,553.53
14809,5749,19,3,18.01,54.03
14810,5749,35,1,15.0,15.0
14811,5749,6,1,21.21,21.21
14812,5750,33,1,47.72,47.72
14813,5750,9,2,58.65,117.3
14814,5750,48,3,94.4,283.20000000000005
14815,5751,30,4,92.77,371.08
14816,5752,46,4,54.92,219.68
14817,5752,32,4,17.62,70.48
14818,5753,19,1,18.79,18.79
14819,5753,15,2,51.47,102.94
14820,5753,5,2,36.64,73.28
14821,5754,50,3,16.44,49.32000000000001
14822,5754,3,4,28.96,115.84
14823,5754,40,3,18.59,55.769999999999996
14824,5754,14,3,37.74,113.22
14825,5754,34,4,30.55,122.2
14826,5755,15,1,55.45,55.45
14827,5755,26,2,19.29,38.58
14828,5755,51,1,39.22,39.22
14829,5756,41,2,50.91,101.82
14830,5757,47,2,44.53,89.06
14831,5757,13,3,49.11,147.32999999999998
14832,5758,5,1,41.33,41.33
14833,5758,29,1,37.83,37.83
14834,5759,37,2,53.26,106.52
14835,5759,25,3,28.21,84.63
14836,5759,54,2,22.29,44.58
14837,5759,33,3,46.1,138.3
14838,5759,43,4,91.77,367.08
14839,5760,17,2,144.59,289.18
14840,5760,4,1,46.88,46.88
14841,5760,43,4,86.23,344.92
14842,5761,37,2,58.12,116.24
14843,5761,40,4,18.97,75.88
14844,5761,54,2,21.64,43.28
14845,5761,13,4,46.55,186.2
14846,5762,27,2,21.48,42.96
14847,5762,1,4,11.72,46.88
14848,5762,17,1,147.2,147.2
14849,5762,14,1,37.29,37.29
14850,5763,24,1,20.45,20.45
14851,5763,19,2,19.37,38.74
14852,5763,55,3,28.98,86.94
14853,5764,39,3,31.77,95.31
14854,5764,32,3,18.27,54.81
14855,5764,45,4,68.31,273.24
14856,5764,4,2,42.84,85.68
14857,5764,3,2,30.18,60.36
14858,5765,53,1,45.59,45.59
14859,5765,15,2,55.74,111.48
14860,5766,20,3,14.35,43.05
14861,5766,16,2,413.65,827.3
14862,5767,29,1,37.4,37.4
14863,5767,18,2,76.87,153.74
14864,5767,42,4,64.68,258.72
14865,5767,13,1,46.42,46.42
14866,5767,50,1,15.78,15.78
14867,5768,12,4,70.47,281.88
14868,5768,23,4,98.66,394.64
14869,5768,8,2,127.05,254.1
14870,5768,50,2,15.01,30.02
14871,5768,51,3,36.12,108.35999999999999
14872,5769,32,1,19.46,19.46
14873,5770,22,3,223.43,670.29
14874,5770,44,4,71.53,286.12
14875,5771,45,4,71.83,287.32
14876,5771,11,4,45.82,183.28
14877,5771,52,2,20.99,41.98
14878,5771,48,1,93.14,93.14
14879,5772,25,1,30.43,30.43
14880,5772,27,3,21.6,64.80000000000001
14881,5773,42,4,63.36,253.44
14882,5773,17,1,157.34,157.34
14883,5774,16,3,406.29,1218.8700000000001
14884,5775,32,4,17.28,69.12
14885,5775,25,2,28.8,57.6
14886,5775,26,2,18.04,36.08
14887,5776,26,2,17.87,35.74
14888,5776,10,3,19.14,57.42
14889,5777,15,1,51.93,51.93
14890,5777,23,1,103.68,103.68
14891,5777,16,3,388.63,1165.8899999999999
14892,5778,26,3,18.2,54.599999999999994
14893,5778,3,2,30.56,61.12
14894,5778,9,2,56.83,113.66
14895,5779,30,3,93.74,281.21999999999997
14896,5779,38,3,69.53,208.59
14897,5780,1,2,13.06,26.12
14898,5781,28,1,59.83,59.83
14899,5782,34,2,35.12,70.24
14900,5782,28,2,59.61,119.22
14901,5782,27,1,24.09,24.09
14902,5782,10,4,18.79,75.16
14903,5783,20,2,15.18,30.36
14904,5783,50,3,14.62,43.86
14905,5783,21,3,90.35,271.04999999999995
14906,5784,19,4,17.65,70.6
14907,5784,32,2,17.54,35.08
14908,5784,33,1,47.19,47.19
14909,5785,11,1,43.63,43.63
14910,5786,48,2,103.6,207.2
14911,5786,51,4,39.88,159.52
14912,5786,10,4,19.0,76.0
14913,5787,33,1,43.4,43.4
14914,5787,7,3,14.36,43.08
14915,5787,26,1,19.18,19.18
14916,5788,9,1,52.95,52.95
14917,5788,19,3,18.2,54.599999999999994
14918,5788,31,4,180.04,720.16
14919,5789,45,1,74.28,74.28
14920,5789,15,1,52.72,52.72
14921,5789,48,1,99.22,99.22
14922,5790,19,1,17.94,17.94
14923,5791,55,3,31.45,94.35
14924,5792,13,3,50.63,151.89000000000001
14925,5792,42,3,67.99,203.96999999999997
14926,5792,8,1,115.47,115.47
14927,5792,40,2,17.23,34.46
14928,5793,2,1,89.83,89.83
14929,5793,51,4,38.7,154.8
14930,5793,29,3,33.55,100.64999999999999
14931,5793,21,1,87.09,87.09
14932,5793,16,1,389.78,389.78
14933,5794,23,1,102.98,102.98
14934,5794,45,4,65.6,262.4
14935,5794,49,4,23.8,95.2
14936,5794,34,3,30.65,91.94999999999999
14937,5795,22,2,235.94,471.88
14938,5795,42,4,70.72,282.88
14939,5795,15,2,53.52,107.04
14940,5796,18,3,69.72,209.16
14941,5796,6,3,22.12,66.36
14942,5797,26,4,17.25,69.0
14943,5798,29,3,38.17,114.51
14944,5798,36,1,27.79,27.79
14945,5799,23,2,94.35,188.7
14946,5799,22,3,225.72,677.16
14947,5799,55,2,29.04,58.08
14948,5799,35,4,15.91,63.64
14949,5800,5,1,37.89,37.89
14950,5801,9,2,58.61,117.22
14951,5802,38,3,71.2,213.60000000000002
14952,5802,1,3,12.35,37.05
14953,5802,50,1,14.98,14.98
14954,5802,23,3,104.06,312.18
14955,5803,45,4,68.54,274.16
14956,5803,1,2,12.68,25.36
14957,5804,26,2,17.41,34.82
14958,5804,22,4,216.75,867.0
14959,5805,14,3,33.57,100.71000000000001
14960,5805,22,3,210.99,632.97
14961,5805,6,3,23.74,71.22
14962,5806,43,3,88.54,265.62
14963,5806,46,1,52.45,52.45
14964,5806,51,2,40.96,81.92
14965,5806,52,1,21.84,21.84
14966,5807,28,4,59.42,237.68
14967,5808,27,2,24.19,48.38
14968,5808,24,4,20.25,81.0
14969,5808,34,4,30.57,122.28
14970,5809,23,2,95.72,191.44
14971,5809,13,2,48.97,97.94
14972,5809,7,3,14.78,44.339999999999996
14973,5809,19,2,17.18,34.36
14974,5810,5,3,41.06,123.18
14975,5811,41,3,49.85,149.55
14976,5811,37,3,58.92,176.76
14977,5811,12,3,68.85,206.54999999999998
14978,5812,26,2,17.78,35.56
14979,5812,55,1,29.04,29.04
14980,5812,30,2,102.04,204.08
14981,5812,28,3,67.96,203.88
14982,5812,45,1,73.81,73.81
14983,5813,30,4,103.66,414.64
14984,5813,31,2,185.83,371.66
14985,5814,50,1,15.28,15.28
14986,5814,27,1,22.58,22.58
14987,5815,40,1,17.82,17.82
14988,5815,23,4,93.35,373.4
14989,5815,45,1,65.24,65.24
14990,5815,32,4,17.63,70.52
14991,5815,20,4,13.47,53.88
14992,5816,38,3,78.62,235.86
14993,5816,53,2,41.62,83.24
14994,5816,55,3,32.48,97.44
14995,5817,47,1,46.54,46.54
14996,5817,5,1,40.2,40.2
14997,5817,40,3,17.46,52.38
14998,5818,33,3,47.99,143.97
14999,5818,26,4,19.76,79.04
15000,5818,51,2,38.16,76.32
15001,5819,13,3,48.85,146.55
15002,5819,55,1,32.93,32.93
15003,5819,3,1,28.64,28.64
15004,5820,49,2,25.58,51.16
15005,5820,26,1,19.77,19.77
15006,5821,41,1,51.37,51.37
15007,5822,19,1,17.5,17.5
15008,5822,49,3,25.46,76.38
15009,5823,5,4,37.48,149.92
15010,5824,43,2,84.04,168.08
15011,5824,35,4,16.15,64.6
15012,5824,1,2,12.24,24.48
15013,5825,51,2,38.64,77.28
15014,5825,50,4,14.53,58.12
15015,5825,39,2,30.45,60.9
15016,5825,32,4,18.54,74.16
15017,5825,43,3,96.5,289.5
15018,5826,39,3,32.81,98.43
15019,5826,24,2,19.48,38.96
15020,5827,21,1,93.02,93.02
15021,5827,49,4,24.69,98.76
15022,5828,47,2,47.21,94.42
15023,5828,27,3,22.61,67.83
15024,5828,53,3,46.0,138.0
15025,5828,8,1,125.56,125.56
15026,5828,15,4,56.85,227.4
15027,5829,38,1,75.89,75.89
15028,5829,46,3,59.13,177.39000000000001
15029,5829,47,1,48.96,48.96
15030,5830,19,2,18.5,37.0
15031,5830,55,2,32.38,64.76
15032,5830,10,1,17.31,17.31
15033,5831,9,2,57.68,115.36
15034,5832,33,4,46.51,186.04
15035,5832,39,2,32.38,64.76
15036,5832,51,1,41.66,41.66
15037,5833,38,2,68.51,137.02
15038,5833,19,3,19.72,59.16
15039,5833,49,1,24.24,24.24
15040,5834,48,1,102.79,102.79
15041,5834,27,1,23.25,23.25
15042,5834,25,1,28.76,28.76
15043,5834,5,2,39.65,79.3
15044,5834,3,4,29.98,119.92
15045,5835,28,3,62.28,186.84
15046,5836,40,1,17.67,17.67
15047,5836,22,3,241.81,725.4300000000001
15048,5836,16,2,370.62,741.24
15049,5837,47,1,48.19,48.19
15050,5838,47,3,46.86,140.57999999999998
15051,5838,21,3,88.8,266.4
15052,5838,29,3,37.56,112.68
15053,5839,30,1,95.11,95.11
15054,5839,13,1,50.0,50.0
15055,5839,8,4,125.96,503.84
15056,5840,48,3,92.49,277.46999999999997
15057,5840,13,4,46.31,185.24
15058,5840,25,3,27.17,81.51
15059,5841,19,2,19.17,38.34
15060,5841,16,1,412.16,412.16
15061,5842,18,2,77.68,155.36
15062,5843,10,1,18.28,18.28
15063,5843,25,3,30.18,90.53999999999999
15064,5843,13,4,52.39,209.56
15065,5843,53,4,44.93,179.72
15066,5843,9,4,56.53,226.12
15067,5844,45,1,66.86,66.86
15068,5844,9,3,54.58,163.74
15069,5845,50,1,14.76,14.76
15070,5846,11,4,42.27,169.08
15071,5847,5,2,38.39,76.78
15072,5847,17,2,158.45,316.9
15073,5847,8,4,126.14,504.56
15074,5848,10,2,19.26,38.52
15075,5848,23,1,100.41,100.41
15076,5849,7,1,14.6,14.6
15077,5850,11,2,40.71,81.42
15078,5851,23,3,91.03,273.09000000000003
15079,5851,8,3,130.86,392.58000000000004
15080,5851,13,1,50.36,50.36
15081,5852,25,2,29.48,58.96
15082,5852,47,2,47.41,94.82
15083,5852,50,1,14.28,14.28
15084,5853,14,3,38.0,114.0
15085,5854,21,4,91.36,365.44
15086,5854,16,3,362.11,1086.33
15087,5854,32,1,18.83,18.83
15088,5855,32,3,19.71,59.13
15089,5855,5,2,36.36,72.72
15090,5855,29,4,38.49,153.96
15091,5855,11,1,41.98,41.98
15092,5856,53,2,42.71,85.42
15093,5857,35,2,14.69,29.38
15094,5858,21,1,88.09,88.09
15095,5859,48,1,95.13,95.13
15096,5859,9,3,52.97,158.91
15097,5859,34,1,34.43,34.43
15098,5859,39,1,32.71,32.71
15099,5860,28,2,61.5,123.0
15100,5861,27,3,23.95,71.85
15101,5861,23,4,103.21,412.84
15102,5862,31,2,192.18,384.36
15103,5862,1,3,11.68,35.04
15104,5863,26,2,18.79,37.58
15105,5863,19,1,19.68,19.68
15106,5864,21,3,83.68,251.04000000000002
15107,5865,27,3,23.02,69.06
15108,5865,22,3,211.19,633.5699999999999
15109,5865,38,2,75.86,151.72
15110,5866,54,4,22.41,89.64
15111,5866,32,3,18.96,56.88
15112,5866,52,3,21.9,65.69999999999999
15113,5867,42,4,65.77,263.08
15114,5868,30,1,91.87,91.87
15115,5868,35,3,15.75,47.25
15116,5869,37,4,60.13,240.52
15117,5869,18,2,77.3,154.6
15118,5869,51,1,41.71,41.71
15119,5870,46,4,59.22,236.88
15120,5870,50,4,16.07,64.28
15121,5870,48,1,91.38,91.38
15122,5870,11,3,44.14,132.42000000000002
15123,5870,19,2,18.46,36.92
15124,5871,10,2,17.68,35.36
15125,5871,43,3,88.4,265.20000000000005
15126,5872,14,4,33.38,133.52
15127,5873,26,2,17.36,34.72
15128,5873,20,2,14.88,29.76
15129,5874,35,4,15.7,62.8
15130,5875,40,2,18.26,36.52
15131,5875,25,2,30.21,60.42
15132,5875,9,1,55.64,55.64
15133,5876,42,3,65.24,195.71999999999997
15134,5876,21,1,90.76,90.76
15135,5876,36,3,27.54,82.62
15136,5877,22,1,234.03,234.03
15137,5878,2,4,90.07,360.28
15138,5878,27,1,20.93,20.93
15139,5879,30,4,102.58,410.32
15140,5880,35,3,14.76,44.28
15141,5880,17,2,142.32,284.64
15142,5880,11,1,42.4,42.4
15143,5881,3,4,28.03,112.12
15144,5881,46,3,59.09,177.27
15145,5881,28,1,66.26,66.26
15146,5882,8,1,129.07,129.07
15147,5883,32,3,19.58,58.739999999999995
15148,5883,39,3,32.65,97.94999999999999
15149,5883,10,1,19.29,19.29
15150,5883,55,2,32.27,64.54
15151,5883,4,2,43.52,87.04
15152,5884,4,4,47.89,191.56
15153,5884,15,2,54.62,109.24
15154,5884,41,1,51.23,51.23
15155,5884,7,3,15.07,45.21
15156,5885,20,3,13.98,41.94
15157,5885,32,3,19.26,57.78
15158,5886,32,1,18.48,18.48
15159,5886,52,4,22.25,89.0
15160,5887,34,1,34.17,34.17
15161,5887,52,3,22.88,68.64
15162,5887,9,2,57.69,115.38
15163,5888,41,2,48.13,96.26
15164,5888,3,2,28.64,57.28
15165,5888,39,4,34.11,136.44
15166,5888,36,2,29.96,59.92
15167,5889,49,3,27.44,82.32000000000001
15168,5889,24,3,20.76,62.28
15169,5889,8,3,124.9,374.70000000000005
15170,5890,9,2,53.96,107.92
15171,5890,35,4,16.4,65.6
15172,5890,25,3,30.02,90.06
15173,5891,39,1,30.54,30.54
15174,5892,27,4,23.2,92.8
15175,5892,39,4,34.63,138.52
15176,5893,32,3,18.79,56.37
15177,5893,49,4,25.95,103.8
15178,5893,15,4,55.07,220.28
15179,5893,17,1,152.3,152.3
15180,5894,20,1,13.4,13.4
15181,5894,39,3,34.15,102.44999999999999
15182,5894,5,4,38.04,152.16
15183,5895,31,3,195.51,586.53
15184,5895,35,2,16.46,32.92
15185,5895,41,3,45.88,137.64000000000001
15186,5895,51,3,37.84,113.52000000000001
15187,5895,40,1,17.91,17.91
15188,5896,20,3,13.85,41.55
15189,5896,38,3,69.02,207.06
15190,5896,8,1,119.93,119.93
15191,5896,31,1,184.26,184.26
15192,5896,23,4,94.55,378.2
15193,5897,37,2,52.27,104.54
15194,5898,6,3,22.97,68.91
15195,5899,24,2,19.76,39.52
15196,5899,17,3,148.65,445.95000000000005
15197,5899,15,3,54.16,162.48
15198,5900,11,4,42.67,170.68
15199,5901,17,4,139.73,558.92
15200,5901,43,1,86.41,86.41
15201,5901,22,1,241.83,241.83
15202,5902,49,4,25.07,100.28
15203,5902,6,3,21.04,63.12
15204,5902,36,3,29.67,89.01
15205,5903,16,3,363.61,1090.83
15206,5903,47,1,49.33,49.33
15207,5903,29,3,34.31,102.93
15208,5904,20,4,14.11,56.44
15209,5904,38,3,70.6,211.79999999999998
15210,5904,32,4,19.02,76.08
15211,5904,54,3,21.1,63.300000000000004
15212,5905,44,4,73.08,292.32
15213,5906,8,4,130.88,523.52
15214,5907,41,4,49.94,199.76
15215,5907,47,1,49.22,49.22
15216,5907,4,3,47.66,142.98
15217,5907,12,2,68.85,137.7
15218,5907,3,4,29.36,117.44
15219,5908,18,3,78.35,235.04999999999998
15220,5908,26,2,18.93,37.86
15221,5908,19,1,18.16,18.16
15222,5908,13,1,48.52,48.52
15223,5909,28,4,64.52,258.08
15224,5909,2,3,93.05,279.15
15225,5909,32,2,17.36,34.72
15226,5910,18,2,69.66,139.32
15227,5910,15,2,54.86,109.72
15228,5910,8,3,124.49,373.46999999999997
15229,5911,43,4,83.62,334.48
15230,5911,5,1,36.64,36.64
15231,5911,42,4,62.87,251.48
15232,5911,34,4,31.97,127.88
15233,5912,43,4,96.1,384.4
15234,5912,20,1,14.96,14.96
15235,5912,17,1,142.38,142.38
15236,5913,38,1,78.01,78.01
15237,5913,51,1,38.03,38.03
15238,5913,31,1,176.4,176.4
15239,5913,15,3,51.45,154.35000000000002
15240,5913,53,3,44.41,133.23
15241,5914,40,1,19.07,19.07
15242,5914,28,1,62.2,62.2
15243,5914,24,3,20.86,62.58
15244,5915,50,3,14.79,44.37
15245,5915,10,3,18.19,54.57000000000001
15246,5915,9,1,52.86,52.86
15247,5916,10,1,19.13,19.13
15248,5917,39,2,33.17,66.34
15249,5917,29,1,35.24,35.24
15250,5917,10,1,19.3,19.3
15251,5918,9,2,57.51,115.02
15252,5919,15,1,54.06,54.06
15253,5919,35,1,15.58,15.58
15254,5920,15,2,51.89,103.78
15255,5920,1,3,12.41,37.230000000000004
15256,5920,10,4,17.96,71.84
15257,5920,8,1,127.6,127.6
15258,5920,43,4,85.07,340.28
15259,5921,16,1,381.03,381.03
15260,5921,34,1,34.41,34.41
15261,5922,51,4,37.77,151.08
15262,5922,39,3,32.23,96.69
15263,5923,7,1,15.78,15.78
15264,5924,30,3,103.18,309.54
15265,5924,37,2,55.89,111.78
15266,5924,3,4,29.0,116.0
15267,5924,48,2,93.52,187.04
15268,5924,23,2,97.15,194.3
15269,5925,8,2,129.05,258.1
15270,5925,13,2,49.62,99.24
15271,5925,16,1,388.41,388.41
15272,5926,16,3,390.01,1170.03
15273,5927,31,2,185.8,371.6
15274,5927,34,4,30.71,122.84
15275,5927,29,2,36.77,73.54
15276,5928,4,2,44.68,89.36
15277,5928,55,3,30.84,92.52
15278,5929,30,1,95.87,95.87
15279,5929,43,2,93.62,187.24
15280,5930,55,2,31.61,63.22
15281,5931,30,2,94.23,188.46
15282,5931,33,3,49.06,147.18
15283,5931,12,1,69.77,69.77
15284,5932,31,2,182.49,364.98
15285,5932,33,2,42.95,85.9
15286,5932,38,4,72.98,291.92
15287,5932,34,3,34.86,104.58
15288,5932,27,2,22.65,45.3
15289,5933,24,2,21.5,43.0
15290,5933,45,3,64.87,194.61
15291,5933,19,3,19.7,59.099999999999994
15292,5933,51,2,36.12,72.24
15293,5934,8,4,128.69,514.76
15294,5934,28,1,63.46,63.46
15295,5934,5,3,36.64,109.92
15296,5934,2,3,92.91,278.73
15297,5934,47,3,46.68,140.04
15298,5935,53,4,44.67,178.68
15299,5935,36,1,28.57,28.57
15300,5935,45,1,65.72,65.72
15301,5936,12,4,68.67,274.68
15302,5937,5,4,41.5,166.0
15303,5938,17,3,159.02,477.06000000000006
15304,5938,35,4,14.85,59.4
15305,5938,46,2,56.28,112.56
15306,5939,35,2,14.58,29.16
15307,5940,34,1,32.72,32.72
15308,5940,5,4,36.49,145.96
15309,5940,36,1,30.59,30.59
15310,5941,39,3,30.74,92.22
15311,5941,33,1,45.88,45.88
15312,5941,11,2,44.47,88.94
15313,5941,24,2,19.49,38.98
15314,5942,47,4,46.32,185.28
15315,5942,27,3,24.13,72.39
15316,5943,49,4,26.8,107.2
15317,5943,55,3,30.0,90.0
15318,5943,43,2,88.25,176.5
15319,5943,36,2,27.26,54.52
15320,5943,44,4,77.63,310.52
15321,5944,16,2,388.15,776.3
15322,5944,19,1,17.98,17.98
15323,5944,37,1,52.85,52.85
15324,5944,45,1,69.62,69.62
15325,5944,3,3,29.01,87.03
15326,5945,3,2,26.65,53.3
15327,5945,37,2,56.31,112.62
15328,5945,13,3,52.23,156.69
15329,5946,54,4,21.36,85.44
15330,5947,19,1,19.02,19.02
15331,5947,49,1,26.01,26.01
15332,5948,46,3,53.68,161.04
15333,5948,11,2,40.0,80.0
15334,5948,41,2,48.21,96.42
15335,5949,5,4,36.29,145.16
15336,5949,32,4,18.67,74.68
15337,5950,4,2,44.04,88.08
15338,5951,39,1,31.97,31.97
15339,5951,44,1,76.56,76.56
15340,5952,54,4,22.61,90.44
15341,5952,5,1,37.72,37.72
15342,5953,22,2,236.79,473.58
15343,5953,31,1,195.47,195.47
15344,5953,28,1,67.54,67.54
15345,5954,44,1,78.62,78.62
15346,5955,42,1,65.7,65.7
15347,5956,49,4,26.38,105.52
15348,5956,21,1,89.44,89.44
15349,5957,22,4,219.51,878.04
15350,5957,55,3,30.95,92.85
15351,5957,15,4,56.65,226.6
15352,5957,30,4,99.06,396.24
15353,5957,10,1,18.83,18.83
15354,5958,25,4,28.28,113.12
15355,5958,6,4,24.13,96.52
15356,5959,43,1,89.57,89.57
15357,5959,39,3,33.92,101.76
15358,5959,55,1,29.99,29.99
15359,5960,53,1,40.11,40.11
15360,5960,52,3,22.91,68.73
15361,5960,7,3,15.59,46.769999999999996
15362,5960,36,2,30.02,60.04
15363,5961,17,1,158.76,158.76
15364,5961,44,1,71.21,71.21
15365,5961,49,1,24.07,24.07
15366,5961,7,2,16.1,32.2
15367,5962,16,3,392.44,1177.32
15368,5962,40,2,17.46,34.92
15369,5962,8,3,115.5,346.5
15370,5962,31,1,184.59,184.59
15371,5962,18,4,71.55,286.2
15372,5963,40,4,18.97,75.88
15373,5963,24,1,20.98,20.98
15374,5963,51,2,36.24,72.48
15375,5964,18,2,72.39,144.78
15376,5964,35,1,15.69,15.69
15377,5964,26,4,19.66,78.64
15378,5965,7,2,15.51,31.02
15379,5965,6,4,22.89,91.56
15380,5966,35,2,14.48,28.96
15381,5966,21,1,82.74,82.74
15382,5967,19,2,17.17,34.34
15383,5967,38,1,70.32,70.32
15384,5967,34,4,33.42,133.68
15385,5967,8,4,124.44,497.76
15386,5968,40,2,17.71,35.42
15387,5968,7,3,15.35,46.05
15388,5969,54,4,23.44,93.76
15389,5969,34,2,35.19,70.38
15390,5969,20,1,14.09,14.09
15391,5969,23,1,96.92,96.92
15392,5970,9,3,54.69,164.07
15393,5970,10,3,19.23,57.69
15394,5971,54,1,22.73,22.73
15395,5971,49,3,26.77,80.31
15396,5971,42,1,68.02,68.02
15397,5971,41,1,50.38,50.38
15398,5972,16,1,393.95,393.95
15399,5972,41,3,48.56,145.68
15400,5972,21,2,88.3,176.6
15401,5972,15,1,53.85,53.85
15402,5972,6,3,23.29,69.87
15403,5973,7,2,14.88,29.76
15404,5973,12,1,68.66,68.66
15405,5973,10,3,18.58,55.739999999999995
15406,5974,39,2,31.18,62.36
15407,5974,21,2,84.46,168.92
15408,5974,1,1,12.92,12.92
15409,5974,36,4,28.11,112.44
15410,5975,13,1,49.48,49.48
15411,5975,39,3,33.73,101.19
15412,5976,46,4,59.79,239.16
15413,5977,21,1,93.08,93.08
15414,5978,2,1,92.59,92.59
15415,5978,46,2,54.61,109.22
15416,5979,23,3,101.04,303.12
15417,5980,16,3,405.28,1215.84
15418,5980,6,3,21.24,63.72
15419,5980,28,4,61.5,246.0
15420,5980,52,1,21.75,21.75
15421,5981,12,4,62.07,248.28
15422,5981,18,4,72.81,291.24
15423,5982,55,3,28.67,86.01
15424,5982,13,2,51.64,103.28
15425,5982,46,2,53.02,106.04
15426,5983,43,4,95.75,383.0
15427,5983,9,1,56.68,56.68
15428,5984,24,1,20.67,20.67
15429,5984,39,2,32.0,64.0
15430,5984,53,1,45.66,45.66
15431,5984,49,1,26.57,26.57
15432,5984,23,1,101.03,101.03
15433,5985,6,2,21.59,43.18
15434,5986,27,3,24.0,72.0
15435,5986,39,2,30.59,61.18
15436,5986,3,4,27.13,108.52
15437,5987,53,1,41.17,41.17
15438,5987,13,2,49.8,99.6
15439,5987,11,1,44.26,44.26
15440,5988,1,3,12.62,37.86
15441,5988,46,2,53.97,107.94
15442,5988,10,4,17.78,71.12
15443,5988,36,1,27.37,27.37
15444,5988,53,4,43.07,172.28
15445,5989,27,1,23.17,23.17
15446,5989,46,1,60.23,60.23
15447,5990,40,3,17.92,53.760000000000005
15448,5990,34,2,34.65,69.3
15449,5990,11,2,44.2,88.4
15450,5991,15,2,56.0,112.0
15451,5991,14,4,35.54,142.16
15452,5992,27,4,21.0,84.0
15453,5992,18,2,77.1,154.2
15454,5992,45,2,73.31,146.62
15455,5993,34,4,33.48,133.92
15456,5993,38,3,78.52,235.56
15457,5993,17,3,149.46,448.38
15458,5993,5,1,38.18,38.18
15459,5994,28,1,62.15,62.15
15460,5995,11,3,43.51,130.53
15461,5995,9,2,58.86,117.72
15462,5995,29,2,35.32,70.64
15463,5995,26,4,17.19,68.76
15464,5995,53,1,44.49,44.49
15465,5996,11,4,40.05,160.2
15466,5996,15,4,49.71,198.84
15467,5996,6,3,21.42,64.26
15468,5996,21,1,84.12,84.12
15469,5997,47,4,46.56,186.24
15470,5997,16,2,397.71,795.42
15471,5998,52,3,22.36,67.08
15472,5998,17,2,157.8,315.6
15473,5999,27,2,20.98,41.96
15474,6000,45,2,65.21,130.42
15475,6000,51,1,37.17,37.17
15476,6000,5,1,38.96,38.96
15477,6001,25,3,29.53,88.59
15478,6001,48,2,96.98,193.96
15479,6001,44,4,76.07,304.28
15480,6001,23,2,98.98,197.96
15481,6001,18,2,77.92,155.84
15482,6002,22,4,209.6,838.4
15483,6002,31,1,174.38,174.38
15484,6003,16,3,405.22,1215.66
15485,6003,45,1,74.64,74.64
15486,6003,50,1,14.98,14.98
15487,6004,47,1,45.37,45.37
15488,6005,17,1,158.73,158.73
15489,6005,23,1,102.22,102.22
15490,6005,27,1,22.0,22.0
15491,6006,21,1,86.34,86.34
15492,6006,31,2,185.5,371.0
15493,6007,40,4,19.64,78.56
15494,6008,32,2,18.87,37.74
15495,6008,26,2,18.49,36.98
15496,6008,49,2,24.64,49.28
15497,6008,42,2,66.33,132.66
15498,6008,25,2,28.24,56.48
15499,6009,14,3,37.61,112.83
15500,6009,44,1,71.48,71.48
15501,6009,19,1,19.44,19.44
15502,6010,27,2,20.91,41.82
15503,6010,44,4,68.57,274.28
15504,6010,28,4,65.84,263.36
15505,6011,30,2,95.92,191.84
15506,6012,35,4,15.25,61.0
15507,6012,28,2,64.82,129.64
15508,6012,32,1,19.26,19.26
15509,6013,3,3,28.41,85.23
15510,6013,21,3,83.72,251.16
15511,6013,42,2,64.8,129.6
15512,6013,41,2,48.36,96.72
15513,6013,29,2,38.32,76.64
15514,6014,55,3,28.51,85.53
15515,6015,36,2,28.17,56.34
15516,6016,29,1,33.62,33.62
15517,6016,20,4,14.43,57.72
15518,6017,42,1,67.33,67.33
15519,6017,34,3,31.97,95.91
15520,6017,22,3,220.73,662.1899999999999
15521,6017,49,1,23.82,23.82
15522,6017,30,3,92.46,277.38
15523,6018,27,2,23.79,47.58
15524,6018,35,4,15.66,62.64
15525,6018,41,2,51.84,103.68
15526,6019,46,2,54.08,108.16
15527,6020,23,3,98.46,295.38
15528,6021,15,2,55.52,111.04
15529,6021,32,1,19.65,19.65
15530,6021,17,2,137.91,275.82
15531,6021,18,3,75.44,226.32
15532,6021,24,3,20.98,62.94
15533,6022,30,1,102.19,102.19
15534,6022,34,1,31.01,31.01
15535,6023,47,2,42.82,85.64
15536,6023,39,3,33.35,100.05000000000001
15537,6023,53,4,45.09,180.36
15538,6024,55,3,32.98,98.94
15539,6024,4,2,46.94,93.88
15540,6025,28,1,65.47,65.47
15541,6026,2,4,85.68,342.72
15542,6026,19,2,17.39,34.78
15543,6026,14,2,33.78,67.56
15544,6026,22,4,209.51,838.04
15545,6027,36,4,29.62,118.48
15546,6027,5,2,37.45,74.9
15547,6028,18,4,78.65,314.6
15548,6029,36,3,29.37,88.11
15549,6030,54,1,21.65,21.65
15550,6030,5,1,36.94,36.94
15551,6030,30,1,92.28,92.28
15552,6030,52,3,22.11,66.33
15553,6030,3,4,29.08,116.32
15554,6031,51,2,37.24,74.48
15555,6031,17,3,159.18,477.54
15556,6032,13,2,46.79,93.58
15557,6033,17,1,142.81,142.81
15558,6033,46,1,59.96,59.96
15559,6034,45,1,64.68,64.68
15560,6035,42,1,66.69,66.69
15561,6035,21,3,92.75,278.25
15562,6035,26,3,19.44,58.32000000000001
15563,6035,28,2,66.15,132.3
15564,6036,22,4,214.01,856.04
15565,6036,29,4,35.82,143.28
15566,6036,23,2,99.07,198.14
15567,6037,51,2,41.44,82.88
15568,6037,1,2,11.74,23.48
15569,6037,28,4,63.16,252.64
15570,6037,53,4,42.29,169.16
15571,6037,22,1,228.92,228.92
15572,6038,45,4,74.22,296.88
15573,6039,5,2,40.51,81.02
15574,6039,40,4,18.12,72.48
15575,6040,7,2,15.57,31.14
15576,6040,27,1,22.43,22.43
15577,6040,49,4,25.81,103.24
15578,6041,53,4,39.91,159.64
15579,6041,14,3,36.43,109.28999999999999
15580,6041,32,1,19.52,19.52
15581,6042,35,2,15.02,30.04
15582,6042,36,4,29.08,116.32
15583,6043,51,3,41.64,124.92
15584,6044,17,1,146.65,146.65
15585,6044,16,2,391.98,783.96
15586,6044,37,3,55.78,167.34
15587,6045,16,2,372.82,745.64
15588,6045,4,4,48.05,192.2
15589,6045,18,3,71.11,213.32999999999998
15590,6046,5,3,40.45,121.35000000000001
15591,6047,10,1,17.27,17.27
15592,6047,28,4,62.04,248.16
15593,6047,43,1,86.86,86.86
15594,6047,29,3,37.76,113.28
15595,6047,49,1,23.94,23.94
15596,6048,14,3,35.46,106.38
15597,6048,1,3,11.91,35.730000000000004
15598,6048,31,3,175.05,525.1500000000001
15599,6048,33,3,47.82,143.46
15600,6048,40,4,19.22,76.88
15601,6049,48,1,103.12,103.12
15602,6050,48,1,103.75,103.75
15603,6051,24,1,21.43,21.43
15604,6052,40,1,17.79,17.79
15605,6052,9,4,58.13,232.52
15606,6052,28,3,67.69,203.07
15607,6053,19,2,18.35,36.7
15608,6053,13,4,48.23,192.92
15609,6053,21,1,86.59,86.59
15610,6054,20,3,14.06,42.18
15611,6054,29,4,33.28,133.12
15612,6055,53,4,43.18,172.72
15613,6055,33,4,47.11,188.44
15614,6055,6,2,22.4,44.8
15615,6056,22,3,229.02,687.0600000000001
15616,6056,20,2,15.08,30.16
15617,6057,49,1,25.57,25.57
15618,6057,48,3,99.11,297.33
15619,6057,31,2,172.56,345.12
15620,6058,4,4,49.25,197.0
15621,6059,40,2,19.13,38.26
15622,6059,29,3,37.16,111.47999999999999
15623,6059,52,1,23.2,23.2
15624,6059,21,1,83.81,83.81
15625,6059,1,2,12.87,25.74
15626,6060,13,1,52.67,52.67
15627,6060,14,2,38.09,76.18
15628,6061,19,4,18.21,72.84
15629,6061,24,3,21.75,65.25
15630,6061,16,3,388.69,1166.07
15631,6062,55,4,31.99,127.96
15632,6062,13,1,50.16,50.16
15633,6063,5,4,39.78,159.12
15634,6064,25,4,28.81,115.24
15635,6064,16,1,364.92,364.92
15636,6064,2,4,92.61,370.44
15637,6065,30,1,103.0,103.0
15638,6065,32,4,18.25,73.0
15639,6065,48,2,102.77,205.54
15640,6065,15,4,54.11,216.44
15641,6065,26,4,19.72,78.88
15642,6066,30,1,99.63,99.63
15643,6066,28,2,64.15,128.3
15644,6066,47,4,45.25,181.0
15645,6066,41,1,47.44,47.44
15646,6066,4,1,47.15,47.15
15647,6067,37,3,52.69,158.07
15648,6067,15,4,55.84,223.36
15649,6067,18,3,73.2,219.60000000000002
15650,6068,37,4,53.77,215.08
15651,6068,45,3,70.33,210.99
15652,6068,39,1,34.32,34.32
15653,6068,5,1,39.13,39.13
15654,6068,30,1,90.93,90.93
15655,6069,27,4,22.98,91.92
15656,6069,54,1,22.88,22.88
15657,6070,18,4,72.85,291.4
15658,6071,20,2,13.78,27.56
15659,6071,45,4,68.07,272.28
15660,6072,14,1,37.42,37.42
15661,6072,5,4,39.65,158.6
15662,6073,18,3,74.53,223.59
15663,6073,42,3,64.15,192.45000000000002
15664,6073,17,4,156.15,624.6
15665,6074,39,1,32.29,32.29
15666,6074,44,3,76.6,229.79999999999998
15667,6074,35,2,14.66,29.32
15668,6075,24,3,20.59,61.769999999999996
15669,6075,23,1,101.88,101.88
15670,6076,28,2,62.76,125.52
15671,6076,9,4,52.43,209.72
15672,6076,43,4,87.92,351.68
15673,6077,12,1,71.49,71.49
15674,6077,13,4,51.67,206.68
15675,6077,41,1,52.27,52.27
15676,6077,22,2,219.99,439.98
15677,6077,50,1,14.58,14.58
15678,6078,25,3,29.93,89.78999999999999
15679,6078,31,1,182.15,182.15
15680,6078,21,1,83.75,83.75
15681,6078,49,2,24.39,48.78
15682,6078,4,4,49.1,196.4
15683,6079,38,1,72.18,72.18
15684,6079,3,4,26.76,107.04
15685,6079,4,4,46.96,187.84
15686,6079,28,3,60.6,181.8
15687,6079,8,1,122.43,122.43
15688,6080,28,4,59.94,239.76
15689,6080,41,3,50.02,150.06
15690,6080,19,1,18.86,18.86
15691,6081,18,2,71.75,143.5
15692,6081,47,2,45.42,90.84
15693,6081,34,1,35.1,35.1
15694,6081,16,4,385.56,1542.24
15695,6081,21,2,91.16,182.32
15696,6082,24,2,21.82,43.64
15697,6083,34,4,31.2,124.8
15698,6083,25,2,30.36,60.72
15699,6084,22,2,236.57,473.14
15700,6085,18,2,75.9,151.8
15701,6086,37,3,53.86,161.57999999999998
15702,6086,10,4,19.66,78.64
15703,6086,25,3,28.65,85.94999999999999
15704,6086,46,1,58.75,58.75
15705,6086,35,3,15.15,45.45
15706,6087,7,3,15.78,47.339999999999996
15707,6088,34,3,31.25,93.75
15708,6088,33,4,43.38,173.52
15709,6089,47,3,48.12,144.35999999999999
15710,6089,49,1,24.52,24.52
15711,6090,10,3,17.33,51.989999999999995
15712,6091,55,4,30.5,122.0
15713,6091,2,2,84.09,168.18
15714,6091,54,4,22.61,90.44
15715,6092,5,4,39.69,158.76
15716,6092,42,4,63.25,253.0
15717,6092,16,2,414.35,828.7
15718,6092,52,4,22.98,91.92
15719,6092,2,2,89.0,178.0
15720,6093,1,4,12.44,49.76
15721,6093,34,1,31.39,31.39
15722,6093,39,3,30.6,91.80000000000001
15723,6094,33,3,46.26,138.78
15724,6094,2,4,90.3,361.2
15725,6094,52,2,22.55,45.1
15726,6095,3,3,29.56,88.67999999999999
15727,6095,30,2,99.11,198.22
15728,6095,48,4,91.14,364.56
15729,6096,32,4,18.41,73.64
15730,6096,1,4,11.77,47.08
15731,6097,6,1,21.53,21.53
15732,6097,43,2,91.42,182.84
15733,6097,30,3,102.24,306.71999999999997
15734,6097,33,4,44.26,177.04
15735,6098,46,3,55.55,166.64999999999998
15736,6098,9,1,53.44,53.44
15737,6098,19,1,19.77,19.77
15738,6098,11,2,43.86,87.72
15739,6098,6,4,22.62,90.48
15740,6099,16,3,411.4,1234.1999999999998
15741,6099,36,3,26.77,80.31
15742,6099,35,4,14.25,57.0
15743,6099,54,1,22.3,22.3
15744,6100,37,3,56.35,169.05
15745,6100,30,1,102.28,102.28
15746,6101,38,3,79.02,237.06
15747,6101,27,3,23.98,71.94
15748,6101,3,2,30.0,60.0
15749,6102,49,3,24.83,74.49
15750,6102,7,3,14.8,44.400000000000006
15751,6102,55,3,30.4,91.19999999999999
15752,6103,45,1,67.47,67.47
15753,6104,32,4,18.19,72.76
15754,6104,23,3,90.44,271.32
15755,6104,33,2,43.89,87.78
15756,6105,37,1,56.83,56.83
15757,6106,6,1,22.22,22.22
15758,6106,36,2,26.96,53.92
15759,6106,41,2,47.8,95.6
15760,6106,32,1,19.45,19.45
15761,6106,27,3,23.14,69.42
15762,6107,48,3,100.45,301.35
15763,6107,22,3,230.29,690.87
15764,6107,51,2,41.74,83.48
15765,6108,9,3,54.9,164.7
15766,6108,51,1,37.06,37.06
15767,6108,35,3,15.53,46.589999999999996
15768,6108,20,1,15.13,15.13
15769,6108,8,2,131.56,263.12
15770,6109,5,3,39.61,118.83
15771,6109,35,1,15.19,15.19
15772,6109,16,2,371.38,742.76
15773,6110,10,2,18.46,36.92
15774,6111,21,1,84.98,84.98
15775,6111,37,2,56.35,112.7
15776,6112,16,4,363.07,1452.28
15777,6112,43,3,87.81,263.43
15778,6112,1,4,11.52,46.08
15779,6112,23,3,101.35,304.04999999999995
15780,6113,37,3,54.23,162.69
15781,6113,55,2,32.98,65.96
15782,6114,43,4,88.01,352.04
15783,6114,19,1,18.25,18.25
15784,6115,33,3,49.03,147.09
15785,6116,29,3,34.02,102.06
15786,6116,38,2,76.59,153.18
15787,6117,4,1,47.01,47.01
15788,6118,55,1,29.45,29.45
15789,6118,28,4,63.69,254.76
15790,6118,7,1,16.01,16.01
15791,6118,35,1,14.93,14.93
15792,6118,42,2,69.52,139.04
15793,6119,38,3,76.23,228.69
15794,6119,4,1,47.49,47.49
15795,6119,22,3,222.05,666.1500000000001
15796,6120,37,4,58.26,233.04
15797,6120,43,4,93.36,373.44
15798,6120,8,1,119.74,119.74
15799,6121,13,3,51.35,154.05
15800,6121,5,1,38.54,38.54
15801,6121,9,1,52.25,52.25
15802,6122,4,2,46.91,93.82
15803,6122,36,1,27.6,27.6
15804,6123,52,4,22.76,91.04
15805,6123,4,4,46.12,184.48
15806,6124,38,3,71.43,214.29000000000002
15807,6125,44,2,79.16,158.32
15808,6125,50,4,15.5,62.0
15809,6126,5,3,36.98,110.94
15810,6126,7,4,15.04,60.16
15811,6127,34,2,34.88,69.76
15812,6127,41,1,50.83,50.83
15813,6128,3,2,30.51,61.02
15814,6129,41,1,48.08,48.08
15815,6129,30,1,100.26,100.26
15816,6129,22,3,217.29,651.87
15817,6130,15,4,52.17,208.68
15818,6131,35,4,15.78,63.12
15819,6131,1,3,11.55,34.650000000000006
15820,6132,30,1,96.94,96.94
15821,6132,49,3,27.04,81.12
15822,6133,46,4,55.47,221.88
15823,6133,22,1,217.9,217.9
15824,6134,53,2,43.17,86.34
15825,6135,38,1,70.03,70.03
15826,6136,47,1,45.06,45.06
15827,6137,40,1,18.74,18.74
15828,6137,43,1,92.49,92.49
15829,6137,38,1,75.81,75.81
15830,6138,4,1,49.4,49.4
15831,6139,3,2,27.93,55.86
15832,6139,36,4,27.36,109.44
15833,6139,29,4,35.36,141.44
15834,6140,46,3,57.57,172.71
15835,6140,17,4,156.47,625.88
15836,6140,54,4,23.29,93.16
15837,6141,27,4,22.41,89.64
15838,6141,25,1,27.91,27.91
15839,6141,28,2,62.61,125.22
15840,6141,23,1,93.76,93.76
15841,6142,34,4,33.6,134.4
15842,6142,1,1,11.96,11.96
15843,6142,44,4,70.18,280.72
15844,6143,4,2,45.03,90.06
15845,6143,33,2,44.83,89.66
15846,6144,20,3,15.09,45.269999999999996
15847,6144,39,4,30.9,123.6
15848,6144,45,3,66.64,199.92000000000002
15849,6144,33,2,44.24,88.48
15850,6144,7,1,15.54,15.54
15851,6145,30,3,91.83,275.49
15852,6145,18,1,69.68,69.68
15853,6145,5,4,40.75,163.0
15854,6146,5,4,36.38,145.52
15855,6147,18,1,70.76,70.76
15856,6147,37,2,53.01,106.02
15857,6147,29,3,35.42,106.26
15858,6147,8,2,131.3,262.6
15859,6148,25,3,30.1,90.30000000000001
15860,6148,50,2,16.04,32.08
15861,6148,1,1,13.1,13.1
15862,6148,24,3,21.1,63.300000000000004
15863,6149,8,4,130.23,520.92
15864,6149,51,3,37.21,111.63
15865,6149,40,2,19.03,38.06
15866,6149,13,3,50.01,150.03
15867,6149,32,1,19.71,19.71
15868,6150,23,4,93.87,375.48
15869,6150,19,3,17.97,53.91
15870,6150,52,3,23.54,70.62
15871,6150,18,3,78.61,235.82999999999998
15872,6150,40,2,19.73,39.46
15873,6151,35,3,14.95,44.849999999999994
15874,6151,51,1,39.52,39.52
15875,6151,15,2,56.32,112.64
15876,6151,33,2,45.03,90.06
15877,6151,26,1,17.21,17.21
15878,6152,7,3,14.54,43.62
15879,6152,39,2,31.07,62.14
15880,6152,5,2,37.68,75.36
15881,6153,10,3,17.97,53.91
15882,6154,43,3,85.53,256.59000000000003
15883,6154,40,3,17.13,51.39
15884,6154,53,2,44.73,89.46
15885,6154,27,2,21.71,43.42
15886,6154,18,2,70.63,141.26
15887,6155,55,4,31.72,126.88
15888,6155,12,2,68.59,137.18
15889,6155,41,3,49.51,148.53
15890,6156,4,1,48.49,48.49
15891,6156,31,4,179.98,719.92
15892,6157,50,2,15.19,30.38
15893,6157,5,4,37.08,148.32
15894,6157,37,2,53.05,106.1
15895,6158,22,2,233.73,467.46
15896,6158,19,4,17.76,71.04
15897,6159,36,1,27.11,27.11
15898,6159,31,1,196.74,196.74
15899,6160,55,2,32.39,64.78
15900,6161,44,2,73.55,147.1
15901,6162,7,3,16.47,49.41
15902,6163,10,2,19.49,38.98
15903,6163,19,2,18.34,36.68
15904,6163,18,4,79.13,316.52
15905,6163,12,2,65.37,130.74
15906,6164,42,4,70.66,282.64
15907,6164,13,4,52.8,211.2
15908,6164,46,2,58.35,116.7
15909,6165,11,1,46.08,46.08
15910,6165,5,2,41.09,82.18
15911,6165,37,1,58.77,58.77
15912,6165,52,2,21.45,42.9
15913,6166,28,2,59.37,118.74
15914,6166,50,1,14.76,14.76
15915,6167,20,2,14.28,28.56
15916,6167,10,4,17.49,69.96
15917,6167,54,4,23.18,92.72
15918,6167,27,3,22.45,67.35
15919,6168,17,2,158.13,316.26
15920,6169,38,2,72.55,145.1
15921,6170,38,1,75.66,75.66
15922,6170,45,2,70.17,140.34
15923,6170,54,1,22.62,22.62
15924,6170,36,4,30.67,122.68
15925,6170,47,4,44.49,177.96
15926,6171,49,3,25.37,76.11
15927,6171,55,2,28.55,57.1
15928,6171,52,2,22.03,44.06
15929,6171,11,2,45.86,91.72
15930,6171,44,2,73.03,146.06
15931,6172,6,3,23.93,71.78999999999999
15932,6172,26,2,19.13,38.26
15933,6172,52,1,23.25,23.25
15934,6173,46,2,58.22,116.44
15935,6173,26,4,19.54,78.16
15936,6173,53,4,39.94,159.76
15937,6174,35,3,15.82,47.46
15938,6174,36,4,27.19,108.76
15939,6174,28,2,63.56,127.12
15940,6174,5,2,39.5,79.0
15941,6174,21,3,84.93,254.79000000000002
15942,6175,43,1,84.3,84.3
15943,6175,30,3,100.95,302.85
15944,6175,7,2,15.13,30.26
15945,6176,48,3,103.07,309.21
15946,6176,33,4,48.39,193.56
15947,6176,24,2,19.58,39.16
15948,6177,4,4,48.58,194.32
15949,6177,24,1,21.12,21.12
15950,6177,46,2,52.42,104.84
15951,6178,16,3,383.68,1151.04
15952,6178,44,1,68.9,68.9
15953,6178,47,1,42.81,42.81
15954,6179,54,3,22.65,67.94999999999999
15955,6179,27,2,22.98,45.96
15956,6179,19,4,19.34,77.36
15957,6180,11,1,40.76,40.76
15958,6180,28,1,60.42,60.42
15959,6181,24,2,19.7,39.4
15960,6181,14,3,35.66,106.97999999999999
15961,6181,52,2,22.73,45.46
15962,6182,17,2,155.29,310.58
15963,6182,13,3,49.13,147.39000000000001
15964,6182,46,3,58.18,174.54
15965,6182,30,4,92.35,369.4
15966,6183,3,1,29.61,29.61
15967,6183,15,2,50.86,101.72
15968,6184,32,2,17.39,34.78
15969,6184,45,1,68.55,68.55
15970,6184,10,3,17.87,53.61
15971,6185,51,3,39.99,119.97
15972,6185,52,2,21.78,43.56
15973,6185,3,2,28.99,57.98
15974,6185,26,4,17.35,69.4
15975,6186,50,2,14.49,28.98
15976,6186,4,1,49.01,49.01
15977,6186,12,4,63.78,255.12
15978,6186,14,4,38.43,153.72
15979,6186,39,1,32.45,32.45
15980,6187,12,2,70.41,140.82
15981,6187,39,4,30.45,121.8
15982,6187,28,2,63.06,126.12
15983,6188,40,3,18.93,56.79
15984,6188,17,1,145.95,145.95
15985,6189,40,4,18.09,72.36
15986,6189,24,2,20.19,40.38
15987,6189,16,3,410.46,1231.3799999999999
15988,6190,48,2,93.52,187.04
15989,6191,47,3,46.93,140.79
15990,6191,39,1,34.69,34.69
15991,6191,50,3,14.66,43.980000000000004
15992,6192,50,3,16.42,49.260000000000005
15993,6192,29,4,35.56,142.24
15994,6192,2,1,80.88,80.88
15995,6192,28,3,59.59,178.77
15996,6193,11,3,43.04,129.12
15997,6194,26,1,17.28,17.28
15998,6195,25,4,28.48,113.92
15999,6196,24,4,19.24,76.96
16000,6196,19,3,17.77,53.31
16001,6197,43,4,86.1,344.4
16002,6198,42,3,70.3,210.89999999999998
16003,6199,9,2,55.83,111.66
16004,6200,4,3,44.23,132.69
16005,6200,13,3,45.91,137.73
16006,6201,2,3,85.88,257.64
16007,6201,30,3,96.34,289.02
16008,6201,8,3,114.46,343.38
16009,6201,5,4,40.85,163.4
16010,6201,45,3,64.62,193.86
16011,6202,3,4,27.9,111.6
16012,6202,18,1,75.88,75.88
16013,6202,35,1,16.24,16.24
16014,6203,51,1,37.08,37.08
16015,6204,49,1,27.0,27.0
16016,6204,8,4,126.85,507.4
16017,6205,48,3,94.96,284.88
16018,6205,2,3,91.77,275.31
16019,6205,22,2,219.08,438.16
16020,6206,5,2,37.14,74.28
16021,6207,33,2,45.37,90.74
16022,6207,43,1,88.27,88.27
16023,6207,11,4,45.47,181.88
16024,6207,27,3,22.08,66.24
16025,6208,54,4,21.28,85.12
16026,6209,33,2,45.47,90.94
16027,6209,42,4,64.48,257.92
16028,6210,9,2,55.01,110.02
16029,6210,1,4,12.54,50.16
16030,6210,11,2,42.71,85.42
16031,6211,42,3,68.02,204.06
16032,6212,40,3,19.49,58.47
16033,6213,47,1,49.1,49.1
16034,6213,41,1,49.05,49.05
16035,6213,31,4,172.38,689.52
16036,6214,7,1,15.85,15.85
16037,6214,43,1,93.08,93.08
16038,6214,26,1,18.24,18.24
16039,6214,30,1,95.6,95.6
16040,6215,2,1,89.77,89.77
16041,6215,28,1,63.43,63.43
16042,6215,17,3,155.23,465.68999999999994
16043,6215,16,1,381.68,381.68
16044,6216,51,2,41.67,83.34
16045,6216,35,3,15.2,45.599999999999994
16046,6217,17,4,158.55,634.2
16047,6217,11,1,44.6,44.6
16048,6218,23,1,93.04,93.04
16049,6219,42,4,61.9,247.6
16050,6219,17,1,151.41,151.41
16051,6220,24,2,21.82,43.64
16052,6220,35,4,16.07,64.28
16053,6221,18,1,78.9,78.9
16054,6221,3,4,29.45,117.8
16055,6222,50,2,14.26,28.52
16056,6222,35,3,16.45,49.349999999999994
16057,6222,37,1,58.34,58.34
16058,6223,30,3,100.2,300.6
16059,6223,39,1,30.49,30.49
16060,6223,17,2,158.76,317.52
16061,6224,32,3,17.14,51.42
16062,6224,34,3,34.73,104.19
16063,6225,41,1,51.3,51.3
16064,6225,19,3,17.61,52.83
16065,6226,38,3,72.64,217.92000000000002
16066,6226,19,4,17.85,71.4
16067,6227,22,1,232.38,232.38
16068,6228,38,1,74.92,74.92
16069,6228,2,3,92.29,276.87
16070,6228,45,3,71.06,213.18
16071,6229,28,3,68.01,204.03000000000003
16072,6229,54,1,23.02,23.02
16073,6229,43,1,90.36,90.36
16074,6230,9,3,55.22,165.66
16075,6230,23,2,103.68,207.36
16076,6231,13,3,49.54,148.62
16077,6232,41,2,47.79,95.58
16078,6233,26,3,18.52,55.56
16079,6233,27,2,21.11,42.22
16080,6233,6,3,24.08,72.24
16081,6233,11,1,40.49,40.49
16082,6234,9,3,58.89,176.67000000000002
16083,6235,46,4,58.45,233.8
16084,6235,31,2,179.32,358.64
16085,6236,16,1,411.45,411.45
16086,6236,48,1,96.99,96.99
16087,6237,17,1,148.5,148.5
16088,6237,28,3,67.03,201.09
16089,6238,10,3,17.25,51.75
16090,6238,44,1,71.38,71.38
16091,6239,37,1,55.86,55.86
16092,6240,24,2,19.9,39.8
16093,6240,54,1,24.01,24.01
16094,6240,5,4,40.95,163.8
16095,6241,53,4,42.57,170.28
16096,6242,30,2,97.33,194.66
16097,6242,49,3,26.01,78.03
16098,6243,45,3,65.94,197.82
16099,6243,20,2,14.68,29.36
16100,6244,12,2,62.41,124.82
16101,6244,2,3,88.55,265.65
16102,6244,23,1,100.84,100.84
16103,6244,19,1,18.79,18.79
16104,6245,43,2,84.03,168.06
16105,6245,1,2,13.12,26.24
16106,6245,2,3,87.31,261.93
16107,6246,49,1,23.76,23.76
16108,6246,42,4,64.55,258.2
16109,6246,30,3,93.88,281.64
16110,6247,14,4,34.53,138.12
16111,6247,7,4,14.48,57.92
16112,6248,44,2,78.64,157.28
16113,6249,54,2,21.94,43.88
16114,6249,30,3,91.14,273.42
16115,6249,12,4,68.13,272.52
16116,6249,34,4,34.07,136.28
16117,6249,22,2,221.96,443.92
16118,6250,30,4,102.64,410.56
16119,6250,49,3,25.47,76.41
16120,6250,34,4,30.68,122.72
16121,6251,26,1,18.21,18.21
16122,6252,36,2,28.1,56.2
16123,6253,48,3,100.17,300.51
16124,6254,39,3,34.51,103.53
16125,6255,47,2,45.53,91.06
16126,6255,33,4,46.59,186.36
16127,6255,25,4,29.19,116.76
16128,6256,3,4,27.3,109.2
16129,6256,36,2,30.62,61.24
16130,6256,46,4,52.29,209.16
16131,6257,48,2,93.17,186.34
16132,6257,43,1,94.66,94.66
16133,6257,17,4,144.54,578.16
16134,6258,36,3,26.92,80.76
16135,6258,26,1,18.43,18.43
16136,6258,6,1,21.16,21.16
16137,6259,1,1,11.96,11.96
16138,6259,2,2,85.66,171.32
16139,6259,28,4,60.63,242.52
16140,6259,17,2,156.86,313.72
16141,6260,11,2,43.5,87.0
16142,6260,15,1,53.37,53.37
16143,6260,30,1,104.06,104.06
16144,6261,46,2,53.87,107.74
16145,6262,13,2,52.16,104.32
16146,6262,27,4,23.56,94.24
16147,6262,5,2,40.07,80.14
16148,6262,45,4,64.92,259.68
16149,6263,23,4,100.21,400.84
16150,6264,2,3,81.32,243.95999999999998
16151,6264,14,1,37.43,37.43
16152,6265,27,2,23.25,46.5
16153,6265,51,1,38.79,38.79
16154,6265,39,1,31.73,31.73
16155,6266,37,4,52.92,211.68
16156,6266,3,4,28.43,113.72
16157,6267,46,1,55.36,55.36
16158,6267,4,2,45.19,90.38
16159,6268,17,1,139.43,139.43
16160,6268,54,2,23.66,47.32
16161,6268,44,3,74.08,222.24
16162,6269,14,2,35.35,70.7
16163,6269,53,4,43.37,173.48
16164,6270,24,1,20.43,20.43
16165,6270,19,2,17.8,35.6
16166,6270,30,3,102.59,307.77
16167,6270,33,3,43.27,129.81
16168,6270,7,3,15.84,47.519999999999996
16169,6271,46,2,54.78,109.56
16170,6271,18,1,76.5,76.5
16171,6271,38,4,72.56,290.24
16172,6271,4,4,45.97,183.88
16173,6271,43,2,89.93,179.86
16174,6272,36,2,28.98,57.96
16175,6272,4,2,45.53,91.06
16176,6272,53,4,42.9,171.6
16177,6272,31,1,195.85,195.85
16178,6273,48,1,90.9,90.9
16179,6273,34,3,32.72,98.16
16180,6273,3,3,30.41,91.23
16181,6273,16,1,390.48,390.48
16182,6273,2,2,86.74,173.48
16183,6274,7,4,14.82,59.28
16184,6274,10,1,17.93,17.93
16185,6275,6,3,24.02,72.06
16186,6276,38,2,74.42,148.84
16187,6276,6,2,23.38,46.76
16188,6276,48,4,97.54,390.16
16189,6276,9,4,57.28,229.12
16190,6277,52,2,23.01,46.02
16191,6277,2,1,87.04,87.04
16192,6277,50,3,14.55,43.650000000000006
16193,6278,46,2,59.43,118.86
16194,6279,9,4,60.01,240.04
16195,6279,40,2,17.31,34.62
16196,6279,48,2,102.51,205.02
16197,6279,36,4,27.66,110.64
16198,6280,33,1,44.16,44.16
16199,6280,20,3,14.08,42.24
16200,6280,6,4,22.71,90.84
16201,6281,14,4,37.47,149.88
16202,6281,24,4,19.85,79.4
16203,6282,19,3,17.39,52.17
16204,6282,39,1,32.98,32.98
16205,6283,16,2,397.13,794.26
16206,6283,27,1,22.37,22.37
16207,6284,30,2,97.45,194.9
16208,6284,9,1,57.92,57.92
16209,6284,51,3,37.73,113.19
16210,6284,25,4,28.31,113.24
16211,6284,45,1,69.49,69.49
16212,6285,30,2,96.12,192.24
16213,6285,46,1,58.2,58.2
16214,6286,20,3,15.34,46.019999999999996
16215,6287,29,2,35.79,71.58
16216,6287,39,1,32.13,32.13
16217,6287,1,2,11.44,22.88
16218,6288,26,2,18.17,36.34
16219,6288,22,4,218.41,873.64
16220,6288,17,4,159.15,636.6
16221,6289,14,1,33.89,33.89
16222,6289,52,3,22.21,66.63
16223,6290,8,2,128.46,256.92
16224,6291,12,3,63.06,189.18
16225,6291,8,3,116.48,349.44
16226,6291,30,4,95.24,380.96
16227,6291,52,2,23.59,47.18
16228,6291,14,1,35.01,35.01
16229,6292,44,2,75.33,150.66
16230,6292,23,1,96.83,96.83
16231,6292,25,1,28.38,28.38
16232,6292,33,2,48.38,96.76
16233,6292,46,3,55.28,165.84
16234,6293,33,4,45.03,180.12
16235,6294,5,4,37.38,149.52
16236,6294,13,3,50.44,151.32
16237,6295,27,3,22.21,66.63
16238,6296,16,2,410.1,820.2
16239,6296,43,1,92.41,92.41
16240,6297,8,1,124.05,124.05
16241,6297,47,1,45.65,45.65
16242,6297,5,1,39.72,39.72
16243,6297,55,3,30.28,90.84
16244,6297,49,4,26.3,105.2
16245,6298,25,4,29.74,118.96
16246,6298,19,2,17.86,35.72
16247,6298,53,2,41.07,82.14
16248,6298,1,3,12.82,38.46
16249,6298,6,4,24.03,96.12
16250,6299,12,1,64.11,64.11
16251,6299,18,4,77.28,309.12
16252,6300,45,4,70.38,281.52
16253,6300,14,2,34.42,68.84
16254,6300,9,4,56.39,225.56
16255,6301,53,4,44.17,176.68
16256,6301,43,2,87.35,174.7
16257,6301,14,3,37.14,111.42
16258,6301,11,3,46.01,138.03
16259,6301,38,3,78.49,235.46999999999997
16260,6302,17,4,149.7,598.8
16261,6303,40,2,18.21,36.42
16262,6303,35,1,14.78,14.78
16263,6303,6,1,21.52,21.52
16264,6303,12,2,70.93,141.86
16265,6303,26,3,19.16,57.480000000000004
16266,6304,45,4,74.18,296.72
16267,6305,28,4,63.2,252.8
16268,6305,54,3,22.41,67.23
16269,6305,24,2,20.79,41.58
16270,6305,5,3,38.78,116.34
16271,6305,26,2,18.3,36.6
16272,6306,45,4,72.38,289.52
16273,6306,50,3,16.08,48.239999999999995
16274,6306,23,2,90.89,181.78
16275,6307,20,3,14.08,42.24
16276,6308,30,4,96.54,386.16
16277,6308,24,4,20.14,80.56
16278,6309,31,1,188.29,188.29
16279,6309,2,1,90.99,90.99
16280,6310,10,1,17.8,17.8
16281,6311,3,1,30.53,30.53
16282,6311,55,3,29.84,89.52
16283,6312,27,1,23.07,23.07
16284,6312,11,1,44.68,44.68
16285,6312,17,3,146.04,438.12
16286,6312,30,3,93.72,281.15999999999997
16287,6312,6,2,23.33,46.66
16288,6313,15,2,55.07,110.14
16289,6313,26,3,19.21,57.63
16290,6313,20,3,13.37,40.11
16291,6314,7,1,14.63,14.63
16292,6314,45,2,71.06,142.12
16293,6314,51,3,38.34,115.02000000000001
16294,6315,22,2,230.58,461.16
16295,6315,19,1,17.5,17.5
16296,6315,34,3,32.57,97.71000000000001
16297,6315,26,4,17.32,69.28
16298,6315,11,2,44.61,89.22
16299,6316,7,4,15.51,62.04
16300,6316,2,2,88.54,177.08
16301,6316,27,3,23.2,69.6
16302,6317,21,4,83.29,333.16
16303,6317,8,2,116.77,233.54
16304,6317,29,1,34.99,34.99
16305,6317,48,3,100.37,301.11
16306,6317,33,2,46.21,92.42
16307,6318,9,3,59.01,177.03
16308,6318,16,1,395.47,395.47
16309,6318,53,2,43.15,86.3
16310,6319,52,3,22.39,67.17
16311,6319,23,2,94.38,188.76
16312,6319,43,1,91.82,91.82
16313,6320,30,4,97.75,391.0
16314,6320,31,1,183.03,183.03
16315,6320,20,3,15.28,45.839999999999996
16316,6321,28,4,63.82,255.28
16317,6321,22,3,235.99,707.97
16318,6321,3,1,28.16,28.16
16319,6321,41,3,52.44,157.32
16320,6322,25,3,28.86,86.58
16321,6322,16,2,403.52,807.04
16322,6322,31,3,175.72,527.16
16323,6322,48,4,102.53,410.12
16324,6322,1,4,11.63,46.52
16325,6323,51,1,38.05,38.05
16326,6324,29,3,37.57,112.71000000000001
16327,6324,41,3,52.01,156.03
16328,6325,22,3,210.87,632.61
16329,6325,54,2,21.66,43.32
16330,6325,44,3,72.47,217.41
16331,6325,4,4,48.32,193.28
16332,6326,20,1,14.52,14.52
16333,6327,39,2,33.74,67.48
16334,6327,47,4,45.28,181.12
16335,6327,53,4,43.55,174.2
16336,6328,9,2,55.03,110.06
16337,6328,14,3,36.46,109.38
16338,6328,5,1,38.01,38.01
16339,6328,22,1,228.34,228.34
16340,6329,38,4,77.07,308.28
16341,6329,11,3,41.43,124.28999999999999
16342,6330,17,3,147.03,441.09000000000003
16343,6331,15,3,52.9,158.7
16344,6331,13,2,49.09,98.18
16345,6331,35,4,16.06,64.24
16346,6332,50,1,15.77,15.77
16347,6332,3,2,30.56,61.12
16348,6333,38,3,76.59,229.77
16349,6333,46,4,53.76,215.04
16350,6334,24,2,21.87,43.74
16351,6334,34,2,33.57,67.14
16352,6334,15,1,51.59,51.59
16353,6335,55,1,28.68,28.68
16354,6336,48,3,94.04,282.12
16355,6336,49,2,24.82,49.64
16356,6336,5,3,38.78,116.34
16357,6336,39,3,32.66,97.97999999999999
16358,6336,10,1,18.24,18.24
16359,6337,2,2,83.17,166.34
16360,6337,33,1,48.23,48.23
16361,6337,38,4,78.17,312.68
16362,6337,31,2,173.45,346.9
16363,6337,41,2,48.93,97.86
16364,6338,40,2,19.49,38.98
16365,6339,7,2,15.59,31.18
16366,6339,33,4,43.78,175.12
16367,6339,14,3,35.3,105.89999999999999
16368,6340,47,1,47.64,47.64
16369,6341,18,2,72.55,145.1
16370,6341,11,4,42.56,170.24
16371,6341,42,1,62.81,62.81
16372,6342,15,2,55.95,111.9
16373,6343,10,4,18.53,74.12
16374,6344,29,2,35.09,70.18
16375,6345,27,3,22.55,67.65
16376,6345,45,1,66.87,66.87
16377,6345,32,2,17.83,35.66
16378,6345,31,1,173.67,173.67
16379,6346,4,2,43.37,86.74
16380,6347,23,2,102.44,204.88
16381,6347,27,4,23.42,93.68
16382,6347,1,4,12.03,48.12
16383,6348,13,1,49.33,49.33
16384,6349,29,2,34.17,68.34
16385,6349,8,2,129.89,259.78
16386,6349,28,3,62.31,186.93
16387,6350,33,3,47.43,142.29
16388,6351,51,2,38.45,76.9
16389,6351,13,2,51.0,102.0
16390,6351,16,1,382.02,382.02
16391,6351,49,4,27.18,108.72
16392,6351,26,2,18.33,36.66
16393,6352,16,4,372.96,1491.84
16394,6352,52,2,23.3,46.6
16395,6353,2,3,81.79,245.37
16396,6353,17,2,143.3,286.6
16397,6353,11,2,40.85,81.7
16398,6354,49,1,26.24,26.24
16399,6354,26,2,17.22,34.44
16400,6354,51,2,38.77,77.54
16401,6355,10,2,17.68,35.36
16402,6355,15,1,53.76,53.76
16403,6355,42,1,70.31,70.31
16404,6355,27,3,20.94,62.82000000000001
16405,6355,51,4,36.7,146.8
16406,6356,29,1,37.42,37.42
16407,6356,10,2,17.56,35.12
16408,6356,50,1,14.5,14.5
16409,6357,32,1,19.14,19.14
16410,6357,9,2,59.65,119.3
16411,6357,34,1,33.23,33.23
16412,6357,53,3,40.4,121.19999999999999
16413,6357,26,2,19.5,39.0
16414,6358,32,3,19.67,59.010000000000005
16415,6359,7,3,14.48,43.44
16416,6359,20,3,13.86,41.58
16417,6359,55,2,31.87,63.74
16418,6359,37,2,57.65,115.3
16419,6360,28,1,63.16,63.16
16420,6361,48,3,97.12,291.36
16421,6362,21,3,81.1,243.29999999999998
16422,6362,24,3,19.22,57.66
16423,6363,41,4,51.74,206.96
16424,6363,36,3,30.62,91.86
16425,6364,20,3,15.23,45.69
16426,6364,50,4,15.51,62.04
16427,6364,16,3,383.51,1150.53
16428,6365,16,4,365.19,1460.76
16429,6365,8,3,118.69,356.07
16430,6366,21,3,87.62,262.86
16431,6367,15,2,51.16,102.32
16432,6367,30,1,101.02,101.02
16433,6368,17,4,140.35,561.4
16434,6368,23,2,97.74,195.48
16435,6368,37,2,52.78,105.56
16436,6369,15,1,50.48,50.48
16437,6369,32,4,19.17,76.68
16438,6369,37,4,56.16,224.64
16439,6370,9,3,56.47,169.41
16440,6370,37,4,54.56,218.24
16441,6371,20,2,14.94,29.88
16442,6371,17,3,146.79,440.37
16443,6371,5,4,41.21,164.84
16444,6371,36,3,29.27,87.81
16445,6371,12,2,68.62,137.24
16446,6372,49,2,24.59,49.18
16447,6372,12,1,63.2,63.2
16448,6372,4,2,47.76,95.52
16449,6373,51,1,39.13,39.13
16450,6373,53,4,40.86,163.44
16451,6373,43,1,93.71,93.71
16452,6373,31,3,176.58,529.74
16453,6374,19,2,17.52,35.04
16454,6374,5,1,41.49,41.49
16455,6375,13,4,51.25,205.0
16456,6375,17,4,150.13,600.52
16457,6375,15,3,56.08,168.24
16458,6376,49,1,26.35,26.35
16459,6376,36,1,30.62,30.62
16460,6377,7,2,15.39,30.78
16461,6377,49,4,23.9,95.6
16462,6377,47,2,42.9,85.8
16463,6378,4,4,46.27,185.08
16464,6378,1,4,12.04,48.16
16465,6378,41,2,49.24,98.48
16466,6378,11,4,44.5,178.0
16467,6379,35,1,14.5,14.5
16468,6379,32,3,19.48,58.44
16469,6379,25,1,27.42,27.42
16470,6380,27,2,23.6,47.2
16471,6380,53,2,41.53,83.06
16472,6380,39,4,30.51,122.04
16473,6381,16,4,411.45,1645.8
16474,6381,51,3,37.91,113.72999999999999
16475,6381,34,4,34.25,137.0
16476,6382,42,1,70.55,70.55
16477,6382,12,1,66.4,66.4
16478,6382,21,2,86.37,172.74
16479,6382,35,1,15.75,15.75
16480,6383,12,3,63.8,191.39999999999998
16481,6383,6,1,24.04,24.04
16482,6384,45,1,70.1,70.1
16483,6384,7,1,14.59,14.59
16484,6384,3,4,27.29,109.16
16485,6385,11,2,41.41,82.82
16486,6385,29,4,35.53,142.12
16487,6385,33,3,43.64,130.92000000000002
16488,6385,17,1,142.45,142.45
16489,6386,20,4,13.6,54.4
16490,6386,5,3,40.99,122.97
16491,6386,13,1,46.4,46.4
16492,6387,12,4,67.09,268.36
16493,6387,2,2,83.23,166.46
16494,6388,7,2,15.93,31.86
16495,6388,19,2,19.72,39.44
16496,6388,51,4,40.65,162.6
16497,6388,30,1,103.45,103.45
16498,6388,5,1,40.78,40.78
16499,6389,16,3,408.35,1225.0500000000002
16500,6389,48,1,91.28,91.28
16501,6389,35,2,15.5,31.0
16502,6390,51,3,40.44,121.32
16503,6390,36,4,29.19,116.76
16504,6390,29,1,37.32,37.32
16505,6390,26,1,19.17,19.17
16506,6390,48,4,98.88,395.52
16507,6391,10,4,18.46,73.84
16508,6392,21,4,93.3,373.2
16509,6393,27,1,21.18,21.18
16510,6393,4,3,48.7,146.10000000000002
16511,6393,53,2,46.03,92.06
16512,6394,17,4,145.93,583.72
16513,6395,22,1,229.61,229.61
16514,6395,39,3,30.91,92.73
16515,6395,50,2,15.77,31.54
16516,6395,24,2,20.39,40.78
16517,6396,36,1,28.29,28.29
16518,6397,51,4,36.13,144.52
16519,6397,16,3,371.78,1115.34
16520,6397,22,1,218.96,218.96
16521,6397,36,4,29.19,116.76
16522,6397,55,1,31.47,31.47
16523,6398,48,4,91.07,364.28
16524,6398,36,2,28.14,56.28
16525,6399,22,2,229.5,459.0
16526,6399,9,4,59.74,238.96
16527,6399,13,4,46.09,184.36
16528,6400,15,1,56.14,56.14
16529,6400,42,3,66.73,200.19
16530,6401,15,1,53.3,53.3
16531,6401,14,3,33.81,101.43
16532,6401,3,1,29.14,29.14
16533,6402,15,2,55.5,111.0
16534,6402,19,2,18.33,36.66
16535,6403,14,2,36.47,72.94
16536,6404,51,1,39.79,39.79
16537,6404,29,3,33.94,101.82
16538,6405,4,1,46.37,46.37
16539,6405,18,1,70.51,70.51
16540,6405,9,2,56.07,112.14
16541,6406,4,3,45.76,137.28
16542,6406,9,4,55.47,221.88
16543,6406,15,3,56.56,169.68
16544,6406,5,1,37.47,37.47
16545,6407,4,3,43.08,129.24
16546,6407,47,3,48.14,144.42000000000002
16547,6407,22,1,231.14,231.14
16548,6407,32,1,17.48,17.48
16549,6408,16,2,413.74,827.48
16550,6408,27,3,21.39,64.17
16551,6409,42,4,68.1,272.4
16552,6409,6,3,22.32,66.96000000000001
16553,6409,52,1,21.97,21.97
16554,6410,51,3,36.81,110.43
16555,6410,45,4,68.22,272.88
16556,6410,38,4,75.87,303.48
16557,6410,30,2,102.91,205.82
16558,6411,19,2,17.26,34.52
16559,6411,54,3,21.44,64.32000000000001
16560,6411,52,1,23.58,23.58
16561,6412,13,3,47.41,142.23
16562,6412,39,2,33.77,67.54
16563,6412,49,1,25.89,25.89
16564,6412,47,3,47.67,143.01
16565,6413,5,4,36.15,144.6
16566,6414,41,3,47.01,141.03
16567,6414,34,2,32.37,64.74
16568,6414,54,2,21.98,43.96
16569,6415,3,1,27.26,27.26
16570,6416,4,4,47.83,191.32
16571,6416,18,1,76.94,76.94
16572,6417,15,1,52.56,52.56
16573,6417,47,1,44.29,44.29
16574,6418,5,2,39.38,78.76
16575,6418,46,2,60.1,120.2
16576,6419,44,3,75.68,227.04000000000002
16577,6420,52,1,21.13,21.13
16578,6421,32,3,18.32,54.96
16579,6421,17,1,138.47,138.47
16580,6422,4,1,47.21,47.21
16581,6423,14,1,36.26,36.26
16582,6423,22,1,210.66,210.66
16583,6424,13,1,51.07,51.07
16584,6424,40,3,19.42,58.260000000000005
16585,6425,26,4,17.87,71.48
16586,6425,27,3,23.72,71.16
16587,6425,35,3,16.35,49.050000000000004
16588,6426,43,3,88.59,265.77
16589,6427,22,2,215.15,430.3
16590,6427,3,3,30.51,91.53
16591,6428,36,2,27.43,54.86
16592,6428,13,1,46.0,46.0
16593,6429,7,1,14.45,14.45
16594,6429,51,2,41.35,82.7
16595,6429,9,3,55.09,165.27
16596,6430,54,4,21.69,86.76
16597,6430,23,4,92.5,370.0
16598,6431,28,4,62.28,249.12
16599,6431,33,3,47.06,141.18
16600,6431,34,4,31.48,125.92
16601,6432,52,4,21.67,86.68
16602,6433,36,2,27.77,55.54
16603,6434,46,4,56.24,224.96
16604,6434,10,2,19.0,38.0
16605,6434,14,3,36.35,109.05000000000001
16606,6434,41,4,45.96,183.84
16607,6434,31,2,197.22,394.44
16608,6435,49,4,24.31,97.24
16609,6435,1,2,12.32,24.64
16610,6435,6,2,22.06,44.12
16611,6436,30,1,93.55,93.55
16612,6437,48,3,104.13,312.39
16613,6438,18,4,71.33,285.32
16614,6438,4,2,47.47,94.94
16615,6438,11,3,43.53,130.59
16616,6438,31,1,194.68,194.68
16617,6439,11,1,43.3,43.3
16618,6440,23,4,91.75,367.0
16619,6440,48,1,93.55,93.55
16620,6440,26,1,17.76,17.76
16621,6441,54,3,21.98,65.94
16622,6441,16,1,407.8,407.8
16623,6441,33,2,45.86,91.72
16624,6442,27,1,23.17,23.17
16625,6442,43,3,91.7,275.1
16626,6442,32,2,17.66,35.32
16627,6442,17,2,147.46,294.92
16628,6443,53,1,40.36,40.36
16629,6443,4,2,44.11,88.22
16630,6443,28,1,62.0,62.0
16631,6444,8,3,118.79,356.37
16632,6444,44,2,69.75,139.5
16633,6444,19,2,17.17,34.34
16634,6444,38,3,69.85,209.54999999999998
16635,6444,53,1,41.49,41.49
16636,6445,22,4,217.22,868.88
16637,6446,49,3,24.35,73.05000000000001
16638,6447,37,1,59.96,59.96
16639,6447,36,1,30.78,30.78
16640,6447,22,4,212.84,851.36
16641,6447,24,4,19.07,76.28
16642,6448,4,1,43.08,43.08
16643,6448,37,4,60.26,241.04
16644,6449,29,4,36.35,145.4
16645,6449,32,3,19.62,58.86
16646,6450,2,1,81.57,81.57
16647,6450,34,4,33.65,134.6
16648,6450,42,4,62.64,250.56
16649,6451,42,4,64.55,258.2
16650,6451,40,3,18.55,55.650000000000006
16651,6451,1,4,12.3,49.2
16652,6451,34,1,31.65,31.65
16653,6451,20,2,14.34,28.68
16654,6452,8,3,127.69,383.07
16655,6452,36,3,30.66,91.98
16656,6452,51,1,36.21,36.21
16657,6452,23,2,96.66,193.32
16658,6453,38,4,78.77,315.08
16659,6453,46,3,57.17,171.51
16660,6453,39,2,31.63,63.26
16661,6454,26,3,17.31,51.92999999999999
16662,6455,27,4,21.57,86.28
16663,6455,43,4,84.72,338.88
16664,6455,50,2,14.58,29.16
16665,6456,51,2,36.24,72.48
16666,6456,27,4,22.51,90.04
16667,6456,1,1,11.94,11.94
16668,6456,37,3,53.17,159.51
16669,6456,40,1,19.73,19.73
16670,6457,10,3,19.61,58.83
16671,6458,49,3,26.27,78.81
16672,6459,7,4,15.88,63.52
16673,6459,51,4,36.86,147.44
16674,6460,7,3,14.47,43.410000000000004
16675,6460,14,3,36.92,110.76
16676,6461,38,2,73.42,146.84
16677,6461,40,1,19.45,19.45
16678,6462,51,3,37.05,111.14999999999999
16679,6463,33,2,45.89,91.78
16680,6463,47,1,42.76,42.76
16681,6463,21,3,87.73,263.19
16682,6463,15,2,49.77,99.54
16683,6464,36,3,29.03,87.09
16684,6464,21,1,82.56,82.56
16685,6465,45,2,72.3,144.6
16686,6466,44,4,71.48,285.92
16687,6466,51,2,37.75,75.5
16688,6466,14,2,36.12,72.24
16689,6466,32,4,18.82,75.28
16690,6466,48,1,100.78,100.78
16691,6467,15,1,55.53,55.53
16692,6468,43,2,86.58,173.16
16693,6468,45,2,68.09,136.18
16694,6468,14,2,35.67,71.34
16695,6468,32,3,17.21,51.63
16696,6468,47,2,44.95,89.9
16697,6469,6,3,23.88,71.64
16698,6469,16,1,370.33,370.33
16699,6470,10,2,17.38,34.76
16700,6470,39,3,31.37,94.11
16701,6470,17,3,150.0,450.0
16702,6471,21,1,92.99,92.99
16703,6471,8,1,122.39,122.39
16704,6471,7,2,15.72,31.44
16705,6472,49,1,24.97,24.97
16706,6473,35,4,15.32,61.28
16707,6473,40,4,18.45,73.8
16708,6474,37,4,53.67,214.68
16709,6474,28,1,59.9,59.9
16710,6475,6,3,23.14,69.42
16711,6475,28,1,65.73,65.73
16712,6475,31,2,179.33,358.66
16713,6476,55,4,29.86,119.44
16714,6477,45,1,65.25,65.25
16715,6477,15,3,50.84,152.52
16716,6477,47,2,45.9,91.8
16717,6477,10,4,17.15,68.6
16718,6477,11,2,41.2,82.4
16719,6478,37,1,59.95,59.95
16720,6478,39,1,35.11,35.11
16721,6478,7,1,16.1,16.1
16722,6478,32,2,19.69,39.38
16723,6478,22,2,240.5,481.0
16724,6479,31,2,189.31,378.62
16725,6479,12,3,70.82,212.45999999999998
16726,6479,42,2,63.49,126.98
16727,6479,30,4,96.71,386.84
16728,6480,55,2,29.45,58.9
16729,6480,27,3,21.76,65.28
16730,6480,22,4,212.37,849.48
16731,6480,12,2,62.05,124.1
16732,6480,8,4,130.66,522.64
16733,6481,12,3,62.08,186.24
16734,6481,23,2,104.09,208.18
16735,6482,31,1,190.12,190.12
16736,6482,14,3,35.75,107.25
16737,6483,12,3,66.77,200.31
16738,6483,44,2,75.25,150.5
16739,6484,7,3,15.63,46.89
16740,6485,41,4,46.64,186.56
16741,6485,29,4,34.92,139.68
16742,6485,52,1,23.28,23.28
16743,6486,21,1,88.36,88.36
16744,6486,14,4,34.35,137.4
16745,6486,42,2,71.45,142.9
16746,6487,19,4,18.74,74.96
16747,6487,8,1,117.85,117.85
16748,6487,33,2,43.64,87.28
16749,6487,28,2,67.37,134.74
16750,6488,41,1,47.27,47.27
16751,6488,48,2,95.56,191.12
16752,6488,53,2,40.06,80.12
16753,6489,37,1,59.05,59.05
16754,6489,17,4,149.24,596.96
16755,6489,12,1,64.83,64.83
16756,6489,43,4,87.23,348.92
16757,6490,8,3,130.02,390.06000000000006
16758,6490,49,1,24.15,24.15
16759,6490,44,2,77.61,155.22
16760,6490,20,4,14.85,59.4
16761,6490,19,1,17.75,17.75
16762,6491,16,2,414.2,828.4
16763,6491,4,2,47.94,95.88
16764,6491,53,2,42.26,84.52
16765,6491,26,4,18.5,74.0
16766,6492,53,2,42.36,84.72
16767,6492,39,4,32.31,129.24
16768,6492,33,4,43.57,174.28
16769,6493,40,1,19.21,19.21
16770,6493,4,3,44.08,132.24
16771,6493,21,1,86.06,86.06
16772,6494,12,2,67.93,135.86
16773,6494,33,3,42.8,128.39999999999998
16774,6494,10,3,17.58,52.739999999999995
16775,6495,7,2,15.6,31.2
16776,6495,47,3,43.2,129.60000000000002
16777,6495,49,1,24.51,24.51
16778,6495,27,3,22.28,66.84
16779,6496,38,3,78.4,235.20000000000002
16780,6496,24,2,21.8,43.6
16781,6497,16,1,366.27,366.27
16782,6498,28,3,59.38,178.14000000000001
16783,6498,46,1,53.46,53.46
16784,6498,19,3,19.66,58.980000000000004
16785,6499,45,3,72.62,217.86
16786,6500,10,2,19.36,38.72
16787,6500,51,2,39.97,79.94
16788,6501,12,4,64.0,256.0
16789,6501,53,3,43.26,129.78
16790,6502,21,1,81.24,81.24
16791,6503,4,1,43.94,43.94
16792,6503,49,1,26.63,26.63
16793,6503,55,4,28.85,115.4
16794,6503,10,1,19.53,19.53
16795,6504,5,4,40.23,160.92
16796,6504,1,2,11.56,23.12
16797,6504,24,4,20.33,81.32
16798,6505,48,3,94.94,284.82
16799,6505,30,3,91.12,273.36
16800,6505,38,2,68.73,137.46
16801,6505,32,3,19.79,59.37
16802,6505,52,2,24.12,48.24
16803,6506,51,2,40.86,81.72
16804,6507,45,2,74.61,149.22
16805,6507,9,1,52.78,52.78
16806,6507,24,2,21.7,43.4
16807,6507,26,3,19.44,58.32000000000001
16808,6507,31,1,195.87,195.87
16809,6508,23,4,101.33,405.32
16810,6509,7,2,16.26,32.52
16811,6509,52,4,22.34,89.36
16812,6509,39,4,34.96,139.84
16813,6509,9,4,58.7,234.8
16814,6509,43,1,87.13,87.13
16815,6510,8,2,114.58,229.16
16816,6510,3,2,27.79,55.58
16817,6510,10,2,17.58,35.16
16818,6511,53,2,41.87,83.74
16819,6511,9,1,53.45,53.45
16820,6511,23,2,103.79,207.58
16821,6511,27,2,21.02,42.04
16822,6512,46,1,53.13,53.13
16823,6512,37,3,53.33,159.99
16824,6512,39,2,30.85,61.7
16825,6513,14,4,36.69,146.76
16826,6513,53,1,44.61,44.61
16827,6514,44,2,75.3,150.6
16828,6514,12,2,67.71,135.42
16829,6515,42,3,65.72,197.16
16830,6515,1,3,12.36,37.08
16831,6515,41,3,50.68,152.04
16832,6516,51,2,38.98,77.96
16833,6517,30,1,101.91,101.91
16834,6517,48,4,95.4,381.6
16835,6517,35,3,15.89,47.67
16836,6518,51,4,41.65,166.6
16837,6518,45,3,65.16,195.48
16838,6518,47,3,47.07,141.21
16839,6518,31,2,175.99,351.98
16840,6519,55,3,28.94,86.82000000000001
16841,6519,32,4,17.36,69.44
16842,6519,28,3,63.73,191.19
16843,6519,1,1,11.89,11.89
16844,6519,4,1,46.09,46.09
16845,6520,39,4,35.09,140.36
16846,6520,8,4,125.4,501.6
16847,6520,11,4,41.53,166.12
16848,6520,38,2,78.25,156.5
16849,6521,1,3,11.8,35.400000000000006
16850,6521,30,2,103.56,207.12
16851,6521,42,4,67.42,269.68
16852,6522,43,1,92.0,92.0
16853,6522,25,4,28.65,114.6
16854,6522,47,2,46.25,92.5
16855,6523,46,4,56.75,227.0
16856,6524,15,3,57.01,171.03
16857,6525,1,4,12.9,51.6
16858,6525,8,1,119.55,119.55
16859,6526,29,1,34.1,34.1
16860,6526,30,2,91.61,183.22
16861,6526,55,4,30.41,121.64
16862,6527,4,1,44.17,44.17
16863,6528,11,1,42.17,42.17
16864,6528,21,2,86.44,172.88
16865,6528,47,2,49.34,98.68
16866,6529,12,2,71.33,142.66
16867,6529,34,1,33.32,33.32
16868,6529,39,3,35.11,105.33
16869,6529,11,4,40.21,160.84
16870,6529,42,3,66.42,199.26
16871,6530,42,1,69.58,69.58
16872,6530,46,1,59.05,59.05
16873,6531,30,1,96.68,96.68
16874,6531,44,1,68.72,68.72
16875,6531,11,2,41.32,82.64
16876,6532,38,3,77.16,231.48
16877,6532,21,4,80.82,323.28
16878,6532,6,2,21.64,43.28
16879,6532,13,2,49.5,99.0
16880,6533,36,1,30.6,30.6
16881,6534,50,1,16.33,16.33
16882,6534,26,3,17.31,51.92999999999999
16883,6534,19,1,19.55,19.55
16884,6535,5,3,36.88,110.64000000000001
16885,6535,43,1,89.98,89.98
16886,6535,34,3,30.7,92.1
16887,6536,19,3,19.6,58.800000000000004
16888,6536,4,1,49.09,49.09
16889,6537,49,1,23.88,23.88
16890,6537,39,1,32.91,32.91
16891,6537,5,3,38.03,114.09
16892,6538,47,3,47.11,141.32999999999998
16893,6538,19,2,17.68,35.36
16894,6538,12,2,68.13,136.26
16895,6538,53,1,43.33,43.33
16896,6538,16,4,413.65,1654.6
16897,6539,54,3,23.36,70.08
16898,6539,46,1,52.75,52.75
16899,6540,24,2,20.79,41.58
16900,6540,17,2,141.42,282.84
16901,6540,55,4,31.62,126.48
16902,6541,50,4,15.69,62.76
16903,6542,8,1,122.06,122.06
16904,6542,24,3,21.36,64.08
16905,6542,54,1,23.72,23.72
16906,6542,21,2,91.36,182.72
16907,6542,9,1,56.22,56.22
16908,6543,18,3,75.78,227.34
16909,6543,7,3,15.83,47.49
16910,6543,30,4,99.45,397.8
16911,6544,21,1,84.7,84.7
16912,6544,29,2,34.45,68.9
16913,6545,24,4,19.15,76.6
16914,6546,6,2,24.15,48.3
16915,6547,47,3,48.93,146.79
16916,6547,16,2,374.46,748.92
16917,6547,8,3,123.22,369.65999999999997
16918,6548,2,1,89.76,89.76
16919,6548,55,2,30.69,61.38
16920,6548,14,3,35.76,107.28
16921,6549,38,4,76.37,305.48
16922,6549,48,1,101.16,101.16
16923,6549,35,4,14.76,59.04
16924,6550,55,3,31.78,95.34
16925,6550,3,2,30.01,60.02
16926,6551,26,2,17.3,34.6
16927,6551,36,1,27.72,27.72
16928,6551,29,2,36.43,72.86
16929,6551,35,2,15.53,31.06
16930,6552,23,4,97.93,391.72
16931,6552,27,4,21.92,87.68
16932,6552,20,3,14.86,44.58
16933,6552,43,2,84.39,168.78
16934,6552,8,2,114.5,229.0
16935,6553,20,1,14.62,14.62
16936,6553,12,1,61.9,61.9
16937,6554,51,2,36.27,72.54
16938,6554,10,1,17.99,17.99
16939,6555,40,4,17.39,69.56
16940,6555,4,4,45.47,181.88
16941,6555,44,2,75.94,151.88
16942,6556,17,1,149.69,149.69
16943,6556,4,2,44.68,89.36
16944,6557,19,2,19.11,38.22
16945,6557,2,2,85.9,171.8
16946,6557,39,4,30.64,122.56
16947,6558,25,2,28.61,57.22
16948,6558,52,3,22.25,66.75
16949,6558,38,1,68.8,68.8
16950,6558,55,3,29.26,87.78
16951,6559,10,4,17.3,69.2
16952,6559,51,2,39.6,79.2
16953,6560,41,1,51.51,51.51
16954,6561,25,1,28.93,28.93
16955,6562,22,3,231.4,694.2
16956,6562,44,4,71.29,285.16
16957,6562,14,3,35.7,107.10000000000001
16958,6563,38,1,69.38,69.38
16959,6563,53,1,43.27,43.27
16960,6563,20,4,15.33,61.32
16961,6563,29,1,37.32,37.32
16962,6563,10,1,17.31,17.31
16963,6564,21,3,91.67,275.01
16964,6564,37,4,53.09,212.36
16965,6564,8,1,120.9,120.9
16966,6565,19,2,19.43,38.86
16967,6565,40,4,18.07,72.28
16968,6566,8,4,129.4,517.6
16969,6566,20,4,14.94,59.76
16970,6567,31,2,174.89,349.78
16971,6568,34,1,30.65,30.65
16972,6568,50,2,15.43,30.86
16973,6568,39,3,35.16,105.47999999999999
16974,6568,53,4,42.84,171.36
16975,6569,45,3,64.94,194.82
16976,6569,44,1,69.3,69.3
16977,6569,27,4,21.27,85.08
16978,6570,13,2,47.88,95.76
16979,6570,26,1,17.41,17.41
16980,6571,53,3,40.25,120.75
16981,6571,54,3,21.26,63.78
16982,6571,40,4,17.42,69.68
16983,6571,24,1,19.88,19.88
16984,6571,18,2,72.96,145.92
16985,6572,18,1,70.34,70.34
16986,6572,11,4,42.16,168.64
16987,6573,34,4,33.58,134.32
16988,6573,33,3,45.04,135.12
16989,6573,48,1,104.23,104.23
16990,6574,27,3,22.14,66.42
16991,6574,32,2,18.04,36.08
16992,6574,24,3,21.18,63.54
16993,6575,8,1,123.24,123.24
16994,6575,52,4,20.91,83.64
16995,6576,26,3,17.35,52.050000000000004
16996,6576,55,2,32.48,64.96
16997,6576,31,2,197.22,394.44
16998,6577,52,4,21.84,87.36
16999,6578,53,1,40.64,40.64
17000,6578,19,1,17.44,17.44
17001,6578,41,1,50.24,50.24
17002,6579,31,4,171.33,685.32
17003,6579,55,3,30.34,91.02
17004,6580,10,4,19.35,77.4
17005,6581,2,2,84.5,169.0
17006,6581,28,4,64.14,256.56
17007,6581,9,4,60.02,240.08
17008,6581,53,4,40.64,162.56
17009,6581,8,1,128.62,128.62
17010,6582,51,3,36.21,108.63
17011,6583,54,2,22.34,44.68
17012,6583,13,4,51.25,205.0
17013,6583,1,4,12.35,49.4
17014,6584,26,3,19.36,58.08
17015,6584,38,3,73.62,220.86
17016,6585,39,1,33.75,33.75
17017,6585,51,2,38.2,76.4
17018,6585,33,3,48.01,144.03
17019,6585,41,3,49.78,149.34
17020,6586,8,1,128.25,128.25
17021,6587,50,3,15.53,46.589999999999996
17022,6588,43,3,90.38,271.14
17023,6588,48,1,97.95,97.95
17024,6589,46,3,56.86,170.57999999999998
17025,6590,4,3,44.23,132.69
17026,6590,35,4,14.38,57.52
17027,6590,36,3,28.89,86.67
17028,6590,32,2,19.49,38.98
17029,6590,46,4,59.86,239.44
17030,6591,36,1,29.77,29.77
17031,6591,13,3,50.59,151.77
17032,6591,21,2,90.36,180.72
17033,6591,42,3,66.0,198.0
17034,6591,51,4,37.09,148.36
17035,6592,7,4,15.12,60.48
17036,6592,21,1,92.18,92.18
17037,6592,9,4,52.69,210.76
17038,6592,14,2,37.37,74.74
17039,6592,54,3,22.63,67.89
17040,6593,19,1,19.56,19.56
17041,6593,51,1,36.66,36.66
17042,6594,22,3,225.22,675.66
17043,6594,5,2,38.55,77.1
17044,6594,45,2,67.97,135.94
17045,6594,1,2,12.83,25.66
17046,6594,39,2,33.26,66.52
17047,6595,45,3,73.02,219.06
17048,6595,9,4,58.72,234.88
17049,6595,11,4,42.78,171.12
17050,6596,13,1,49.65,49.65
17051,6596,54,3,22.58,67.74
17052,6596,42,2,69.52,139.04
17053,6596,23,4,96.68,386.72
17054,6596,21,3,89.19,267.57
17055,6597,18,4,73.6,294.4
17056,6598,20,2,13.34,26.68
17057,6599,11,3,43.45,130.35000000000002
17058,6599,53,4,45.45,181.8
17059,6599,43,2,85.85,171.7
17060,6600,15,1,55.95,55.95
17061,6600,35,3,15.25,45.75
17062,6601,27,4,23.84,95.36
17063,6601,28,1,65.58,65.58
17064,6601,25,4,27.31,109.24
17065,6602,23,3,103.92,311.76
17066,6602,43,1,93.7,93.7
17067,6603,15,3,55.34,166.02
17068,6603,46,1,55.6,55.6
17069,6603,30,1,93.89,93.89
17070,6604,38,3,78.87,236.61
17071,6604,31,3,176.2,528.5999999999999
17072,6604,10,2,18.64,37.28
17073,6604,49,3,25.48,76.44
17074,6604,43,4,87.98,351.92
17075,6605,48,1,96.83,96.83
17076,6605,30,1,103.45,103.45
17077,6605,19,4,18.33,73.32
17078,6605,25,2,29.96,59.92
17079,6606,7,4,14.76,59.04
17080,6606,14,4,36.31,145.24
17081,6606,42,4,63.26,253.04
17082,6607,18,3,77.45,232.35000000000002
17083,6607,17,1,152.78,152.78
17084,6608,20,2,15.3,30.6
17085,6608,18,3,76.25,228.75
17086,6609,2,1,81.82,81.82
17087,6609,42,2,64.6,129.2
17088,6609,50,1,16.35,16.35
17089,6610,24,2,21.74,43.48
17090,6610,22,1,231.03,231.03
17091,6610,51,4,40.84,163.36
17092,6610,21,2,81.63,163.26
17093,6611,35,2,15.11,30.22
17094,6611,23,3,99.16,297.48
17095,6611,28,4,66.18,264.72
17096,6612,19,2,17.43,34.86
17097,6612,30,1,99.9,99.9
17098,6613,47,3,47.51,142.53
17099,6614,41,2,49.5,99.0
17100,6614,19,4,18.81,75.24
17101,6615,42,4,71.32,285.28
17102,6616,6,3,22.8,68.4
17103,6617,50,3,14.59,43.769999999999996
17104,6617,9,2,54.69,109.38
17105,6617,42,2,66.69,133.38
17106,6617,23,1,92.82,92.82
17107,6618,9,4,55.88,223.52
17108,6619,17,2,157.2,314.4
17109,6619,47,2,44.38,88.76
17110,6620,42,4,63.75,255.0
17111,6620,22,3,210.22,630.66
17112,6620,41,3,51.04,153.12
17113,6621,51,1,37.9,37.9
17114,6621,36,3,28.96,86.88
17115,6622,32,1,19.77,19.77
17116,6623,15,2,52.3,104.6
17117,6623,31,2,185.73,371.46
17118,6623,20,4,15.1,60.4
17119,6624,21,4,86.97,347.88
17120,6625,42,2,64.65,129.3
17121,6625,2,1,90.35,90.35
17122,6625,45,2,70.61,141.22
17123,6626,29,2,33.32,66.64
17124,6626,37,4,58.6,234.4
17125,6627,3,3,29.19,87.57000000000001
17126,6628,13,2,49.93,99.86
17127,6629,13,3,46.69,140.07
17128,6629,34,2,31.88,63.76
17129,6629,5,4,37.13,148.52
17130,6629,16,3,361.24,1083.72
17131,6629,47,3,44.11,132.32999999999998
17132,6630,26,3,17.2,51.599999999999994
17133,6630,50,1,15.74,15.74
17134,6631,50,3,15.2,45.599999999999994
17135,6631,5,2,38.04,76.08
17136,6632,44,3,73.36,220.07999999999998
17137,6633,28,1,62.48,62.48
17138,6634,24,2,21.34,42.68
17139,6634,5,3,40.53,121.59
17140,6634,36,1,29.03,29.03
17141,6634,26,2,18.28,36.56
17142,6634,3,3,27.48,82.44
17143,6635,8,4,114.39,457.56
17144,6636,25,3,29.64,88.92
17145,6636,54,3,23.86,71.58
17146,6637,11,3,40.82,122.46000000000001
17147,6638,34,2,32.88,65.76
17148,6638,1,1,12.85,12.85
17149,6638,44,3,75.03,225.09
17150,6638,11,1,45.39,45.39
17151,6639,46,4,59.78,239.12
17152,6640,24,4,19.54,78.16
17153,6641,17,3,158.08,474.24
17154,6641,26,2,19.39,38.78
17155,6641,31,1,180.76,180.76
17156,6642,5,2,40.68,81.36
17157,6642,45,4,72.73,290.92
17158,6642,35,4,15.26,61.04
17159,6642,4,2,46.62,93.24
17160,6643,43,3,90.03,270.09000000000003
17161,6643,22,2,219.25,438.5
17162,6643,10,4,17.6,70.4
17163,6643,31,3,192.6,577.8
17164,6644,53,4,42.83,171.32
17165,6644,14,2,35.84,71.68
17166,6644,10,2,17.62,35.24
17167,6645,36,3,28.68,86.03999999999999
17168,6645,17,3,138.42,415.26
17169,6646,31,4,197.68,790.72
17170,6646,10,3,18.43,55.29
17171,6646,19,3,18.2,54.599999999999994
17172,6647,2,2,87.88,175.76
17173,6647,22,2,239.38,478.76
17174,6647,51,1,36.6,36.6
17175,6648,27,4,22.45,89.8
17176,6649,16,4,377.81,1511.24
17177,6650,40,2,17.84,35.68
17178,6650,34,2,32.64,65.28
17179,6650,39,3,31.09,93.27
17180,6651,27,4,23.38,93.52
17181,6651,15,1,55.88,55.88
17182,6651,34,4,30.95,123.8
17183,6651,2,2,90.46,180.92
17184,6652,7,2,15.48,30.96
17185,6653,31,3,197.11,591.33
17186,6653,55,3,31.53,94.59
17187,6654,21,1,81.7,81.7
17188,6654,50,1,16.27,16.27
17189,6654,11,4,44.09,176.36
17190,6655,46,1,57.61,57.61
17191,6655,3,4,28.4,113.6
17192,6656,49,4,25.44,101.76
17193,6657,33,2,47.32,94.64
17194,6658,41,3,49.66,148.98
17195,6659,50,2,15.76,31.52
17196,6659,18,4,75.58,302.32
17197,6660,50,1,15.58,15.58
17198,6660,46,3,52.72,158.16
17199,6660,20,1,13.61,13.61
17200,6660,38,1,73.8,73.8
17201,6660,55,2,30.71,61.42
17202,6661,42,3,62.37,187.10999999999999
17203,6662,37,1,58.73,58.73
17204,6662,1,4,13.01,52.04
17205,6663,51,2,37.91,75.82
17206,6663,35,1,15.56,15.56
17207,6663,23,3,94.51,283.53000000000003
17208,6664,22,3,210.19,630.5699999999999
17209,6664,40,1,17.48,17.48
17210,6665,48,3,100.73,302.19
17211,6666,9,3,54.89,164.67000000000002
17212,6666,19,4,19.67,78.68
17213,6666,15,2,54.39,108.78
17214,6667,25,2,27.27,54.54
17215,6667,27,4,21.08,84.32
17216,6667,31,4,186.86,747.44
17217,6668,16,3,371.19,1113.57
17218,6668,31,1,172.91,172.91
17219,6669,50,1,15.94,15.94
17220,6669,2,3,90.29,270.87
17221,6669,26,2,19.13,38.26
17222,6669,28,4,61.13,244.52
17223,6670,42,4,70.16,280.64
17224,6670,55,3,32.37,97.10999999999999
17225,6670,36,4,29.02,116.08
17226,6671,10,3,19.71,59.13
17227,6671,22,4,220.49,881.96
17228,6671,24,4,21.73,86.92
17229,6672,34,1,31.16,31.16
17230,6672,53,2,45.19,90.38
17231,6672,50,4,15.34,61.36
17232,6672,1,4,11.66,46.64
17233,6672,45,2,74.76,149.52
17234,6673,37,4,53.0,212.0
17235,6673,25,3,27.01,81.03
17236,6673,14,4,34.19,136.76
17237,6673,19,1,18.8,18.8
17238,6673,48,1,97.7,97.7
17239,6674,29,1,35.06,35.06
17240,6675,3,2,28.76,57.52
17241,6676,39,4,34.73,138.92
17242,6676,5,4,38.26,153.04
17243,6677,37,3,54.39,163.17000000000002
17244,6677,41,2,46.31,92.62
17245,6677,32,1,19.37,19.37
17246,6677,52,1,23.33,23.33
17247,6678,37,1,55.82,55.82
17248,6679,28,3,66.31,198.93
17249,6679,50,1,15.0,15.0
17250,6679,43,1,96.13,96.13
17251,6680,16,1,406.82,406.82
17252,6680,24,4,20.98,83.92
17253,6680,8,3,124.9,374.70000000000005
17254,6681,46,2,52.6,105.2
17255,6681,35,2,15.12,30.24
17256,6681,5,4,36.31,145.24
17257,6681,24,1,20.58,20.58
17258,6682,9,3,58.17,174.51
17259,6682,35,2,14.48,28.96
17260,6682,44,4,75.74,302.96
17261,6682,6,3,22.21,66.63
17262,6682,34,4,33.57,134.28
17263,6683,45,4,66.32,265.28
17264,6684,49,2,25.5,51.0
17265,6685,4,4,48.67,194.68
17266,6686,23,1,92.73,92.73
17267,6686,51,3,36.64,109.92
17268,6686,39,1,34.3,34.3
17269,6687,14,4,38.21,152.84
17270,6687,21,3,88.61,265.83
17271,6687,45,4,68.31,273.24
17272,6687,35,4,16.18,64.72
17273,6687,24,4,21.67,86.68
17274,6688,46,4,54.69,218.76
17275,6689,27,4,21.07,84.28
17276,6689,52,1,24.09,24.09
17277,6690,45,3,70.75,212.25
17278,6691,17,2,146.09,292.18
17279,6691,11,1,40.62,40.62
17280,6691,4,2,48.42,96.84
17281,6692,38,3,77.04,231.12
17282,6692,22,2,239.64,479.28
17283,6692,27,3,24.15,72.44999999999999
17284,6692,48,3,103.24,309.71999999999997
17285,6693,43,2,87.56,175.12
17286,6694,47,4,44.89,179.56
17287,6695,16,3,377.29,1131.8700000000001
17288,6695,45,3,67.49,202.46999999999997
17289,6696,43,3,89.67,269.01
17290,6696,54,4,22.15,88.6
17291,6696,8,4,127.62,510.48
17292,6697,54,2,23.4,46.8
17293,6698,31,3,179.31,537.9300000000001
17294,6698,51,3,36.4,109.19999999999999
17295,6698,54,4,22.66,90.64
17296,6699,45,3,70.19,210.57
17297,6700,23,1,97.43,97.43
17298,6700,5,3,37.69,113.07
17299,6700,35,3,16.27,48.81
17300,6700,43,4,93.83,375.32
17301,6700,12,1,71.12,71.12
17302,6701,4,1,49.3,49.3
17303,6701,34,3,34.3,102.89999999999999
17304,6701,28,3,62.49,187.47
17305,6702,42,2,62.7,125.4
17306,6702,24,4,21.29,85.16
17307,6702,9,4,59.31,237.24
17308,6703,29,1,36.83,36.83
17309,6703,35,1,15.09,15.09
17310,6703,24,2,21.19,42.38
17311,6704,42,2,71.21,142.42
17312,6705,6,3,23.76,71.28
17313,6705,12,1,66.13,66.13
17314,6706,5,3,37.21,111.63
17315,6707,43,3,84.81,254.43
17316,6708,9,4,57.38,229.52
17317,6709,39,2,30.89,61.78
17318,6710,23,2,95.36,190.72
17319,6710,2,1,82.06,82.06
17320,6711,8,1,125.43,125.43
17321,6711,10,4,17.36,69.44
17322,6711,1,1,11.47,11.47
17323,6712,14,2,36.66,73.32
17324,6712,33,1,44.15,44.15
17325,6712,43,1,96.08,96.08
17326,6712,1,2,13.04,26.08
17327,6712,52,4,21.27,85.08
17328,6713,12,4,66.57,266.28
17329,6713,51,3,41.44,124.32
17330,6713,37,2,53.6,107.2
17331,6713,54,1,22.24,22.24
17332,6713,42,3,66.15,198.45000000000002
17333,6714,39,1,30.8,30.8
17334,6714,48,1,103.08,103.08
17335,6714,20,3,14.29,42.87
17336,6715,17,4,138.32,553.28
17337,6716,48,4,97.3,389.2
17338,6716,46,2,58.9,117.8
17339,6717,33,1,43.44,43.44
17340,6717,22,3,236.25,708.75
17341,6717,7,3,15.55,46.650000000000006
17342,6718,18,4,73.19,292.76
17343,6718,8,1,131.85,131.85
17344,6719,42,2,70.8,141.6
17345,6719,11,2,40.37,80.74
17346,6719,27,4,21.38,85.52
17347,6719,7,1,14.98,14.98
17348,6719,10,3,19.59,58.769999999999996
17349,6720,46,2,58.0,116.0
17350,6721,46,1,52.91,52.91
17351,6721,55,2,31.99,63.98
17352,6721,49,3,25.12,75.36
17353,6722,3,3,27.28,81.84
17354,6722,4,3,45.28,135.84
17355,6723,22,2,224.52,449.04
17356,6723,23,1,102.73,102.73
17357,6723,4,2,44.21,88.42
17358,6724,5,3,39.11,117.33
17359,6725,54,1,24.03,24.03
17360,6725,47,1,48.37,48.37
17361,6725,17,1,158.05,158.05
17362,6725,18,1,73.05,73.05
17363,6726,18,4,74.65,298.6
17364,6726,14,2,36.22,72.44
17365,6726,15,3,53.57,160.71
17366,6726,46,4,59.45,237.8
17367,6726,3,4,29.55,118.2
17368,6727,9,4,59.7,238.8
17369,6727,3,1,29.22,29.22
17370,6728,33,3,49.34,148.02
17371,6728,51,2,36.8,73.6
17372,6728,1,3,12.12,36.36
17373,6729,9,1,59.09,59.09
17374,6729,38,1,73.37,73.37
17375,6729,17,2,155.54,311.08
17376,6730,8,2,116.99,233.98
17377,6731,28,1,64.68,64.68
17378,6731,21,2,91.62,183.24
17379,6731,45,1,71.08,71.08
17380,6732,9,2,52.67,105.34
17381,6732,20,3,14.49,43.47
17382,6733,54,1,22.93,22.93
17383,6733,42,1,64.29,64.29
17384,6734,24,4,20.89,83.56
17385,6734,9,1,60.14,60.14
17386,6734,5,1,40.73,40.73
17387,6735,30,1,98.76,98.76
17388,6735,27,1,22.77,22.77
17389,6736,22,1,211.82,211.82
17390,6736,53,1,40.71,40.71
17391,6736,16,4,385.98,1543.92
17392,6737,47,3,46.54,139.62
17393,6737,8,2,122.99,245.98
17394,6738,49,4,23.96,95.84
17395,6738,26,2,17.1,34.2
17396,6738,22,3,209.85,629.55
17397,6739,1,4,13.14,52.56
17398,6740,2,2,91.04,182.08
17399,6740,13,3,49.2,147.60000000000002
17400,6740,40,2,19.13,38.26
17401,6740,54,4,21.72,86.88
17402,6741,32,3,19.4,58.199999999999996
17403,6742,22,2,240.46,480.92
17404,6742,4,3,46.95,140.85000000000002
17405,6743,38,1,68.91,68.91
17406,6743,27,2,22.79,45.58
17407,6743,47,2,42.96,85.92
17408,6744,9,1,52.88,52.88
17409,6744,31,3,186.28,558.84
17410,6745,45,2,70.22,140.44
17411,6745,54,4,21.8,87.2
17412,6745,23,3,103.36,310.08
17413,6745,39,2,35.06,70.12
17414,6746,5,3,39.15,117.44999999999999
17415,6746,14,4,34.48,137.92
17416,6746,52,1,23.77,23.77
17417,6747,3,2,27.02,54.04
17418,6747,25,3,30.72,92.16
17419,6747,40,1,19.62,19.62
17420,6747,51,2,39.74,79.48
17421,6747,6,1,23.67,23.67
17422,6748,28,3,60.64,181.92000000000002
17423,6749,39,4,32.83,131.32
17424,6749,31,3,185.02,555.0600000000001
17425,6749,47,2,44.51,89.02
17426,6750,35,1,14.66,14.66
17427,6750,15,1,53.65,53.65
17428,6751,1,3,12.04,36.12
17429,6751,46,1,59.04,59.04
17430,6752,49,2,27.03,54.06
17431,6752,37,3,59.88,179.64000000000001
17432,6753,9,3,56.39,169.17000000000002
17433,6754,44,3,69.25,207.75
17434,6754,18,1,76.94,76.94
17435,6754,15,1,50.41,50.41
17436,6754,29,3,34.75,104.25
17437,6755,6,4,22.34,89.36
17438,6755,12,4,66.43,265.72
17439,6755,55,3,31.05,93.15
17440,6755,34,1,34.2,34.2
17441,6755,24,4,19.3,77.2
17442,6756,42,3,67.31,201.93
17443,6756,23,3,91.0,273.0
17444,6757,8,2,126.81,253.62
17445,6757,32,2,17.42,34.84
17446,6757,15,4,56.25,225.0
17447,6757,33,4,44.03,176.12
17448,6758,55,3,31.62,94.86
17449,6758,21,2,91.05,182.1
17450,6758,17,4,157.0,628.0
17451,6758,4,1,44.68,44.68
17452,6758,10,4,17.28,69.12
17453,6759,49,4,25.76,103.04
17454,6760,53,2,43.46,86.92
17455,6761,8,4,115.06,460.24
17456,6762,13,2,48.79,97.58
17457,6763,53,2,44.72,89.44
17458,6763,45,3,71.84,215.52
17459,6764,43,2,92.45,184.9
17460,6765,29,3,33.66,100.97999999999999
17461,6765,46,1,56.63,56.63
17462,6766,52,4,23.66,94.64
17463,6766,34,4,30.86,123.44
17464,6767,44,1,77.56,77.56
17465,6768,39,1,31.74,31.74
17466,6768,19,3,17.72,53.16
17467,6768,14,4,35.54,142.16
17468,6769,1,3,12.24,36.72
17469,6769,30,4,101.6,406.4
17470,6769,10,2,17.75,35.5
17471,6769,50,4,16.27,65.08
17472,6769,53,4,42.96,171.84
17473,6770,53,2,44.44,88.88
17474,6770,12,4,69.63,278.52
17475,6771,42,4,63.15,252.6
17476,6771,35,4,14.66,58.64
17477,6771,41,1,48.42,48.42
17478,6771,8,3,125.25,375.75
17479,6772,22,3,221.56,664.6800000000001
17480,6773,55,1,31.98,31.98
17481,6773,19,4,18.57,74.28
17482,6774,42,2,63.53,127.06
17483,6774,27,2,22.6,45.2
17484,6774,55,2,29.1,58.2
17485,6774,51,1,40.36,40.36
17486,6775,55,1,31.04,31.04
17487,6775,4,3,48.93,146.79
17488,6775,7,4,14.83,59.32
17489,6775,5,4,38.62,154.48
17490,6776,41,4,50.51,202.04
17491,6776,24,3,19.37,58.11
17492,6776,55,2,31.23,62.46
17493,6777,11,1,40.09,40.09
17494,6777,29,4,38.25,153.0
17495,6777,9,2,56.41,112.82
17496,6777,8,1,127.24,127.24
17497,6778,10,1,17.6,17.6
17498,6778,19,4,17.79,71.16
17499,6778,21,4,82.19,328.76
17500,6779,21,4,85.19,340.76
17501,6780,51,2,41.2,82.4
17502,6780,35,3,15.67,47.01
17503,6781,51,4,36.59,146.36
17504,6781,34,2,30.76,61.52
17505,6782,19,2,17.22,34.44
17506,6782,53,2,45.77,91.54
17507,6782,49,1,25.72,25.72
17508,6783,19,4,18.5,74.0
17509,6783,32,2,19.44,38.88
17510,6784,2,3,88.32,264.96
17511,6784,5,3,38.62,115.85999999999999
17512,6784,8,2,117.93,235.86
17513,6785,49,2,27.08,54.16
17514,6785,53,3,41.1,123.30000000000001
17515,6785,48,2,103.34,206.68
17516,6785,32,1,19.36,19.36
17517,6785,44,2,74.34,148.68
17518,6786,36,3,28.39,85.17
17519,6786,34,3,31.89,95.67
17520,6786,37,2,55.19,110.38
17521,6787,12,1,70.74,70.74
17522,6787,31,4,196.89,787.56
17523,6787,9,2,54.43,108.86
17524,6788,37,3,59.85,179.55
17525,6789,30,3,104.22,312.65999999999997
17526,6789,48,3,100.97,302.90999999999997
17527,6789,32,2,19.33,38.66
17528,6789,50,3,15.62,46.86
17529,6790,3,3,29.51,88.53
17530,6790,32,4,18.01,72.04
17531,6791,18,3,76.16,228.48
17532,6791,37,4,58.18,232.72
17533,6791,36,1,30.11,30.11
17534,6792,47,2,46.77,93.54
17535,6792,27,4,23.29,93.16
17536,6793,44,4,71.99,287.96
17537,6793,46,1,58.52,58.52
17538,6793,27,3,22.55,67.65
17539,6794,6,4,24.05,96.2
17540,6795,23,3,100.75,302.25
17541,6796,3,1,29.16,29.16
17542,6797,18,2,75.64,151.28
17543,6797,17,1,140.19,140.19
17544,6797,37,4,55.88,223.52
17545,6797,40,3,18.89,56.67
17546,6797,2,3,90.69,272.07
17547,6798,10,4,17.15,68.6
17548,6798,20,3,13.32,39.96
17549,6798,15,2,56.64,113.28
17550,6798,7,1,16.48,16.48
17551,6798,16,2,415.48,830.96
17552,6799,30,2,101.49,202.98
17553,6800,50,2,16.16,32.32
17554,6800,49,3,25.55,76.65
17555,6800,4,2,48.88,97.76
17556,6801,22,1,240.55,240.55
17557,6801,27,4,22.39,89.56
17558,6801,44,4,72.56,290.24
17559,6801,45,1,73.13,73.13
17560,6801,16,1,373.34,373.34
17561,6802,31,1,192.67,192.67
17562,6802,22,3,220.86,662.58
17563,6802,51,2,38.56,77.12
17564,6803,42,3,69.33,207.99
17565,6803,15,3,51.41,154.23
17566,6804,43,1,87.67,87.67
17567,6804,40,3,19.03,57.09
17568,6804,53,2,44.47,88.94
17569,6805,26,2,18.96,37.92
17570,6805,42,4,70.22,280.88
17571,6805,36,2,27.75,55.5
17572,6805,14,2,36.75,73.5
17573,6806,37,3,54.17,162.51
17574,6806,44,4,74.91,299.64
17575,6807,22,2,230.18,460.36
17576,6807,13,4,47.85,191.4
17577,6807,35,4,15.0,60.0
17578,6808,43,3,88.07,264.21
17579,6808,12,4,64.15,256.6
17580,6809,2,3,86.92,260.76
17581,6809,34,4,32.98,131.92
17582,6809,30,4,90.6,362.4
17583,6810,29,3,34.42,103.26
17584,6810,54,2,21.26,42.52
17585,6811,13,3,50.61,151.82999999999998
17586,6812,8,4,120.99,483.96
17587,6812,51,4,39.83,159.32
17588,6812,38,2,69.11,138.22
17589,6813,14,2,35.03,70.06
17590,6813,54,4,21.36,85.44
17591,6814,24,3,21.73,65.19
17592,6814,40,4,18.35,73.4
17593,6814,12,4,69.47,277.88
17594,6815,22,2,239.35,478.7
17595,6815,29,1,36.77,36.77
17596,6815,25,2,28.06,56.12
17597,6816,55,3,30.49,91.47
17598,6816,35,1,14.74,14.74
17599,6816,24,4,19.9,79.6
17600,6817,18,4,78.56,314.24
17601,6818,45,3,73.65,220.95000000000002
17602,6818,23,3,104.05,312.15
17603,6819,46,4,52.95,211.8
17604,6819,42,3,66.54,199.62
17605,6820,28,2,59.87,119.74
17606,6820,35,2,14.54,29.08
17607,6820,2,2,87.68,175.36
17608,6821,44,4,77.54,310.16
17609,6822,27,2,24.09,48.18
17610,6822,17,4,152.29,609.16
17611,6823,26,2,18.84,37.68
17612,6823,42,3,70.62,211.86
17613,6823,21,4,87.67,350.68
17614,6824,27,3,23.08,69.24
17615,6825,42,2,61.79,123.58
17616,6825,33,1,48.41,48.41
17617,6826,22,3,219.09,657.27
17618,6826,29,3,37.66,112.97999999999999
17619,6827,21,4,91.29,365.16
17620,6827,32,1,19.78,19.78
17621,6828,52,4,21.77,87.08
17622,6828,18,3,72.44,217.32
17623,6828,48,2,97.2,194.4
17624,6829,7,3,16.33,48.989999999999995
17625,6829,46,4,54.09,216.36
17626,6829,35,2,14.8,29.6
17627,6830,9,1,56.3,56.3
17628,6830,38,3,75.94,227.82
17629,6831,4,4,46.37,185.48
17630,6831,31,4,176.82,707.28
17631,6832,28,4,60.43,241.72
17632,6832,18,4,72.7,290.8
17633,6832,7,3,14.52,43.56
17634,6832,37,3,56.26,168.78
17635,6833,52,1,21.11,21.11
17636,6834,49,1,26.74,26.74
17637,6834,11,1,41.04,41.04
17638,6834,10,3,17.44,52.32000000000001
17639,6834,41,1,52.24,52.24
17640,6834,50,2,15.83,31.66
17641,6835,22,2,218.94,437.88
17642,6835,30,4,93.88,375.52
17643,6836,47,3,46.98,140.94
17644,6836,32,3,19.17,57.510000000000005
17645,6837,8,2,127.15,254.3
17646,6838,37,2,52.49,104.98
17647,6838,52,2,22.36,44.72
17648,6838,40,3,18.1,54.300000000000004
17649,6839,33,3,47.95,143.85000000000002
17650,6839,3,3,30.48,91.44
17651,6839,51,2,37.15,74.3
17652,6840,55,3,30.77,92.31
17653,6840,53,4,40.21,160.84
17654,6840,15,3,54.88,164.64000000000001
17655,6840,27,1,22.85,22.85
17656,6841,8,4,127.26,509.04
17657,6841,42,4,68.76,275.04
17658,6841,24,4,19.46,77.84
17659,6842,14,1,35.7,35.7
17660,6843,45,1,65.45,65.45
17661,6843,47,1,48.27,48.27
17662,6843,48,3,103.1,309.29999999999995
17663,6843,22,3,226.55,679.6500000000001
17664,6844,19,2,19.67,39.34
17665,6845,26,3,19.74,59.22
17666,6846,1,2,12.35,24.7
17667,6846,32,3,17.97,53.91
17668,6846,5,2,36.34,72.68
17669,6846,20,1,14.44,14.44
17670,6846,12,1,69.3,69.3
17671,6847,16,3,386.45,1159.35
17672,6848,12,4,71.48,285.92
17673,6849,2,4,83.73,334.92
17674,6849,26,4,17.32,69.28
17675,6849,39,3,30.68,92.03999999999999
17676,6850,55,1,32.19,32.19
17677,6850,48,4,100.61,402.44
17678,6851,7,1,15.16,15.16
17679,6851,43,2,85.98,171.96
17680,6852,35,3,14.32,42.96
17681,6853,49,3,26.52,79.56
17682,6853,13,4,46.54,186.16
17683,6854,19,4,19.47,77.88
17684,6854,55,2,31.61,63.22
17685,6855,22,4,229.43,917.72
17686,6856,22,1,230.32,230.32
17687,6856,12,4,67.29,269.16
17688,6857,30,1,92.58,92.58
17689,6857,43,3,92.8,278.4
17690,6857,2,2,89.75,179.5
17691,6857,55,2,29.79,59.58
17692,6858,9,3,55.48,166.44
17693,6858,25,4,29.17,116.68
17694,6858,29,1,36.77,36.77
17695,6859,19,1,18.29,18.29
17696,6860,44,2,75.51,151.02
17697,6860,39,2,34.45,68.9
17698,6860,41,4,50.52,202.08
17699,6860,13,1,51.49,51.49
17700,6860,55,2,32.08,64.16
17701,6861,51,3,37.86,113.58
17702,6861,25,3,27.28,81.84
17703,6861,43,3,87.07,261.21
17704,6861,18,1,78.73,78.73
17705,6861,53,2,45.24,90.48
17706,6862,40,2,17.13,34.26
17707,6862,41,3,48.93,146.79
17708,6862,36,3,26.84,80.52
17709,6862,27,3,23.15,69.44999999999999
17710,6862,26,3,19.51,58.53
17711,6863,32,1,17.76,17.76
17712,6864,50,2,14.77,29.54
17713,6865,49,4,25.47,101.88
17714,6866,1,2,12.04,24.08
17715,6866,26,1,19.43,19.43
17716,6866,35,4,15.42,61.68
17717,6866,23,4,90.86,363.44
17718,6866,34,3,33.66,100.97999999999999
17719,6867,46,2,53.64,107.28
17720,6867,12,2,70.07,140.14
17721,6867,41,2,50.15,100.3
17722,6867,13,4,46.22,184.88
17723,6867,44,2,72.62,145.24
17724,6868,44,1,75.67,75.67
17725,6868,6,4,20.97,83.88
17726,6868,17,3,152.08,456.24
17727,6869,25,4,28.63,114.52
17728,6869,2,2,92.62,185.24
17729,6869,44,1,79.12,79.12
17730,6869,27,3,23.65,70.94999999999999
17731,6870,4,3,46.82,140.46
17732,6871,20,4,14.95,59.8
17733,6872,16,3,365.18,1095.54
17734,6872,49,3,24.84,74.52
17735,6872,41,3,49.29,147.87
17736,6873,3,4,28.32,113.28
17737,6874,7,3,15.25,45.75
17738,6874,44,3,78.39,235.17000000000002
17739,6874,26,3,17.89,53.67
17740,6874,29,1,36.76,36.76
17741,6875,4,1,47.01,47.01
17742,6875,32,2,19.41,38.82
17743,6875,1,1,12.8,12.8
17744,6876,38,1,71.48,71.48
17745,6877,33,3,43.58,130.74
17746,6878,43,4,86.49,345.96
17747,6878,9,4,59.01,236.04
17748,6878,16,2,404.74,809.48
17749,6879,21,2,83.64,167.28
17750,6879,43,2,94.88,189.76
17751,6879,41,1,45.63,45.63
17752,6879,19,2,18.16,36.32
17753,6880,9,3,53.78,161.34
17754,6880,28,2,59.38,118.76
17755,6881,36,2,29.6,59.2
17756,6881,26,2,18.52,37.04
17757,6881,11,3,39.93,119.78999999999999
17758,6881,54,2,22.5,45.0
17759,6882,28,2,64.27,128.54
17760,6882,49,1,24.65,24.65
17761,6882,37,4,54.29,217.16
17762,6882,4,4,47.03,188.12
17763,6883,31,2,196.57,393.14
17764,6883,7,3,15.2,45.599999999999994
17765,6884,31,3,193.65,580.95
17766,6884,50,2,16.03,32.06
17767,6885,13,3,46.21,138.63
17768,6885,10,2,17.91,35.82
17769,6885,9,1,60.36,60.36
17770,6886,41,4,47.06,188.24
17771,6886,31,4,195.9,783.6
17772,6886,8,2,122.16,244.32
17773,6887,31,3,187.38,562.14
17774,6888,49,2,25.67,51.34
17775,6888,51,4,41.72,166.88
17776,6889,49,3,26.62,79.86
17777,6889,16,3,377.21,1131.6299999999999
17778,6889,30,1,103.14,103.14
17779,6890,42,1,67.19,67.19
17780,6890,18,2,69.79,139.58
17781,6891,48,1,92.02,92.02
17782,6891,38,3,73.99,221.96999999999997
17783,6891,12,3,63.13,189.39000000000001
17784,6892,34,2,34.96,69.92
17785,6892,6,3,21.75,65.25
17786,6892,41,1,49.64,49.64
17787,6892,22,3,240.08,720.24
17788,6892,33,2,46.54,93.08
17789,6893,28,3,64.74,194.21999999999997
17790,6894,39,4,31.32,125.28
17791,6894,25,4,28.43,113.72
17792,6894,9,2,53.81,107.62
17793,6894,18,1,69.52,69.52
17794,6895,35,1,14.91,14.91
17795,6896,30,1,100.37,100.37
17796,6896,36,4,26.95,107.8
17797,6896,48,4,98.56,394.24
17798,6897,6,1,23.13,23.13
17799,6897,34,2,30.6,61.2
17800,6898,32,3,18.91,56.730000000000004
17801,6898,25,2,30.71,61.42
17802,6898,11,2,44.62,89.24
17803,6899,12,2,66.99,133.98
17804,6899,32,2,18.87,37.74
17805,6899,53,2,42.14,84.28
17806,6900,7,1,16.38,16.38
17807,6901,52,4,23.16,92.64
17808,6901,36,1,27.53,27.53
17809,6902,39,4,34.66,138.64
17810,6902,35,1,16.11,16.11
17811,6903,24,4,21.11,84.44
17812,6903,11,1,44.55,44.55
17813,6903,25,1,29.68,29.68
17814,6903,34,4,31.35,125.4
17815,6903,43,1,86.02,86.02
17816,6904,51,1,37.49,37.49
17817,6904,41,2,47.09,94.18
17818,6904,29,1,37.65,37.65
17819,6905,55,4,32.99,131.96
17820,6905,52,2,22.11,44.22
17821,6905,11,1,41.88,41.88
17822,6905,42,4,64.15,256.6
17823,6905,2,1,88.88,88.88
17824,6906,54,3,22.11,66.33
17825,6906,38,4,71.6,286.4
17826,6907,37,3,55.85,167.55
17827,6908,49,2,24.99,49.98
17828,6908,52,1,20.92,20.92
17829,6908,15,3,56.65,169.95
17830,6909,27,4,23.56,94.24
17831,6909,17,4,144.27,577.08
17832,6910,17,4,149.42,597.68
17833,6911,51,2,39.22,78.44
17834,6911,31,1,192.86,192.86
17835,6911,27,2,22.51,45.02
17836,6912,38,2,68.49,136.98
17837,6912,6,2,23.72,47.44
17838,6912,1,2,11.65,23.3
17839,6912,32,4,18.63,74.52
17840,6912,4,2,47.8,95.6
17841,6913,39,3,33.92,101.76
17842,6913,28,4,67.13,268.52
17843,6913,23,2,95.4,190.8
17844,6913,40,1,19.13,19.13
17845,6914,46,4,56.07,224.28
17846,6914,17,2,147.99,295.98
17847,6914,44,4,78.69,314.76
17848,6915,22,4,211.14,844.56
17849,6915,11,2,41.17,82.34
17850,6915,34,3,31.16,93.48
17851,6915,14,1,34.09,34.09
17852,6915,54,4,22.71,90.84
17853,6916,19,4,17.55,70.2
17854,6916,50,3,14.33,42.99
17855,6916,38,4,71.2,284.8
17856,6917,54,3,21.65,64.94999999999999
17857,6917,2,2,90.51,181.02
17858,6918,41,2,47.81,95.62
17859,6918,18,1,74.64,74.64
17860,6919,12,4,63.59,254.36
17861,6919,6,1,21.24,21.24
17862,6920,52,1,21.2,21.2
17863,6920,16,3,371.19,1113.57
17864,6921,52,4,23.67,94.68
17865,6921,18,3,74.71,224.13
17866,6921,6,4,23.99,95.96
17867,6921,49,1,27.37,27.37
17868,6922,1,2,13.1,26.2
17869,6922,46,4,52.76,211.04
17870,6922,43,1,86.72,86.72
17871,6923,48,4,98.29,393.16
17872,6923,2,4,84.68,338.72
17873,6924,36,1,30.39,30.39
17874,6924,17,4,158.17,632.68
17875,6925,49,1,25.27,25.27
17876,6925,19,3,17.24,51.72
17877,6926,9,2,58.18,116.36
17878,6927,52,3,21.59,64.77
17879,6927,47,3,46.5,139.5
17880,6927,19,2,17.75,35.5
17881,6928,5,1,40.96,40.96
17882,6928,53,3,42.84,128.52
17883,6929,22,3,221.63,664.89
17884,6930,17,3,157.44,472.32
17885,6930,48,1,100.08,100.08
17886,6930,19,2,18.14,36.28
17887,6931,7,3,16.35,49.050000000000004
17888,6931,38,1,72.31,72.31
17889,6932,21,1,90.34,90.34
17890,6932,1,1,12.65,12.65
17891,6933,15,1,53.62,53.62
17892,6933,3,1,30.65,30.65
17893,6933,40,1,18.83,18.83
17894,6934,8,4,118.08,472.32
17895,6935,49,4,24.47,97.88
17896,6936,50,1,16.46,16.46
17897,6936,5,4,40.48,161.92
17898,6936,49,2,26.3,52.6
17899,6936,48,4,94.28,377.12
17900,6937,21,3,82.64,247.92000000000002
17901,6938,16,2,389.52,779.04
17902,6938,35,2,16.24,32.48
17903,6938,11,3,45.51,136.53
17904,6938,51,2,40.2,80.4
17905,6938,5,3,37.82,113.46000000000001
17906,6939,45,2,64.79,129.58
17907,6939,15,2,53.41,106.82
17908,6940,16,1,394.52,394.52
17909,6940,17,1,146.17,146.17
17910,6940,10,2,17.15,34.3
17911,6941,46,2,55.44,110.88
17912,6941,20,2,13.45,26.9
17913,6942,39,4,34.23,136.92
17914,6942,19,2,18.71,37.42
17915,6942,10,3,18.44,55.32000000000001
17916,6942,21,4,87.53,350.12
17917,6942,26,4,17.61,70.44
17918,6943,30,4,104.22,416.88
17919,6943,50,2,15.1,30.2
17920,6943,13,3,48.54,145.62
17921,6943,23,1,94.19,94.19
17922,6944,41,3,46.8,140.39999999999998
17923,6944,42,2,69.95,139.9
17924,6944,13,4,47.02,188.08
17925,6944,14,2,37.17,74.34
17926,6945,8,4,117.28,469.12
17927,6945,52,1,23.01,23.01
17928,6946,27,2,23.4,46.8
17929,6946,33,3,46.72,140.16
17930,6947,18,1,78.33,78.33
17931,6947,40,1,18.43,18.43
17932,6948,50,4,15.34,61.36
17933,6948,17,2,148.71,297.42
17934,6948,38,3,70.84,212.52
17935,6949,54,1,22.14,22.14
17936,6950,40,3,18.46,55.38
17937,6950,29,2,36.74,73.48
17938,6950,26,2,17.36,34.72
17939,6951,14,1,38.0,38.0
17940,6952,49,1,26.2,26.2
17941,6953,47,1,48.55,48.55
17942,6953,15,4,57.12,228.48
17943,6953,25,1,29.18,29.18
17944,6953,7,4,15.05,60.2
17945,6954,39,4,35.1,140.4
17946,6955,49,2,27.38,54.76
17947,6955,21,2,81.98,163.96
17948,6955,51,2,38.01,76.02
17949,6956,32,3,19.58,58.739999999999995
17950,6956,18,3,75.03,225.09
17951,6956,43,4,87.7,350.8
17952,6957,7,3,16.21,48.63
17953,6957,28,1,65.55,65.55
17954,6958,21,1,87.41,87.41
17955,6958,3,4,27.64,110.56
17956,6958,2,2,81.45,162.9
17957,6959,29,2,34.05,68.1
17958,6960,4,4,47.44,189.76
17959,6961,1,3,12.55,37.650000000000006
17960,6961,52,4,20.94,83.76
17961,6962,39,1,33.69,33.69
17962,6963,30,3,98.35,295.04999999999995
17963,6963,19,2,19.24,38.48
17964,6963,28,3,60.75,182.25
17965,6963,4,2,42.82,85.64
17966,6964,6,4,21.79,87.16
17967,6964,49,2,25.79,51.58
17968,6965,18,3,75.0,225.0
17969,6965,5,4,37.18,148.72
17970,6965,39,2,32.53,65.06
17971,6965,22,1,212.03,212.03
17972,6966,51,4,38.24,152.96
17973,6966,48,4,98.16,392.64
17974,6967,48,1,99.2,99.2
17975,6967,12,4,63.09,252.36
17976,6967,53,1,42.03,42.03
17977,6968,32,2,17.61,35.22
17978,6969,44,4,78.13,312.52
17979,6969,7,2,15.99,31.98
17980,6969,36,1,27.19,27.19
17981,6969,15,1,50.83,50.83
17982,6969,27,1,21.22,21.22
17983,6970,31,2,180.62,361.24
17984,6970,5,4,41.3,165.2
17985,6970,17,1,145.43,145.43
17986,6970,10,3,18.49,55.47
17987,6970,12,4,68.42,273.68
17988,6971,5,2,36.88,73.76
17989,6971,21,2,86.37,172.74
17990,6971,48,3,93.86,281.58
17991,6971,6,3,21.44,64.32000000000001
17992,6972,35,2,15.82,31.64
17993,6972,55,1,29.4,29.4
17994,6973,19,4,17.71,70.84
17995,6973,26,4,17.55,70.2
17996,6973,44,4,75.15,300.6
17997,6974,32,4,18.65,74.6
17998,6974,30,1,92.51,92.51
17999,6974,21,1,88.87,88.87
18000,6975,43,2,93.84,187.68
18001,6975,27,3,22.99,68.97
18002,6975,6,2,21.38,42.76
18003,6976,6,1,23.5,23.5
18004,6976,51,4,36.27,145.08
18005,6977,55,1,32.44,32.44
18006,6978,15,4,56.11,224.44
18007,6978,36,4,29.26,117.04
18008,6979,44,2,73.21,146.42
18009,6979,17,3,158.39,475.16999999999996
18010,6979,48,1,100.11,100.11
18011,6979,46,3,56.76,170.28
18012,6980,44,2,71.29,142.58
18013,6980,15,1,53.15,53.15
18014,6980,7,3,14.36,43.08
18015,6980,43,2,90.78,181.56
18016,6981,33,3,48.68,146.04
18017,6982,21,1,88.88,88.88
18018,6982,19,1,19.15,19.15
18019,6982,36,1,28.35,28.35
18020,6983,50,2,14.37,28.74
18021,6984,47,1,44.02,44.02
18022,6984,1,4,12.36,49.44
18023,6984,4,2,48.15,96.3
18024,6985,37,3,58.02,174.06
18025,6985,14,2,37.98,75.96
18026,6986,36,3,28.17,84.51
18027,6986,16,1,392.87,392.87
18028,6987,41,1,52.69,52.69
18029,6987,21,1,87.62,87.62
18030,6988,49,4,23.81,95.24
18031,6988,39,3,33.35,100.05000000000001
18032,6988,27,3,23.25,69.75
18033,6989,54,4,22.68,90.72
18034,6989,11,3,42.85,128.55
18035,6990,1,1,12.65,12.65
18036,6990,45,3,73.49,220.46999999999997
18037,6990,3,3,29.89,89.67
18038,6991,53,4,41.2,164.8
18039,6992,4,1,46.61,46.61
18040,6993,40,1,18.96,18.96
18041,6993,54,3,24.2,72.6
18042,6993,26,2,17.74,35.48
18043,6993,5,2,40.33,80.66
18044,6993,46,4,56.62,226.48
18045,6994,51,3,37.24,111.72
18046,6994,48,4,99.89,399.56
18047,6995,22,4,214.22,856.88
18048,6996,54,3,22.55,67.65
18049,6996,41,2,47.95,95.9
18050,6996,12,4,66.15,264.6
18051,6996,11,1,43.48,43.48
18052,6996,46,3,54.46,163.38
18053,6997,19,3,19.3,57.900000000000006
18054,6998,10,1,17.67,17.67
18055,6999,13,2,47.19,94.38
18056,7000,7,2,15.44,30.88
18057,7001,1,2,12.08,24.16
18058,7001,49,4,25.95,103.8
18059,7001,14,3,35.46,106.38
18060,7002,1,1,12.58,12.58
18061,7002,17,2,156.9,313.8
18062,7003,49,2,25.63,51.26
18063,7003,38,1,75.47,75.47
18064,7004,30,2,92.86,185.72
18065,7004,38,4,73.51,294.04
18066,7004,41,1,48.9,48.9
18067,7004,18,2,78.9,157.8
18068,7004,54,3,22.1,66.30000000000001
18069,7005,39,1,32.18,32.18
18070,7005,55,4,31.15,124.6
18071,7005,52,1,22.21,22.21
18072,7005,24,3,20.1,60.300000000000004
18073,7006,45,4,73.69,294.76
18074,7006,27,4,21.15,84.6
18075,7006,46,4,52.75,211.0
18076,7007,36,1,29.79,29.79
18077,7007,35,1,14.5,14.5
18078,7007,7,3,16.41,49.230000000000004
18079,7007,38,1,75.27,75.27
18080,7008,44,4,73.27,293.08
18081,7008,26,4,17.45,69.8
18082,7008,4,1,47.12,47.12
18083,7009,29,3,36.49,109.47
18084,7010,55,2,30.96,61.92
18085,7010,47,3,44.57,133.71
18086,7010,3,1,27.24,27.24
18087,7011,16,1,364.78,364.78
18088,7011,37,4,54.37,217.48
18089,7011,49,2,25.63,51.26
18090,7011,13,3,51.29,153.87
18091,7012,31,3,183.78,551.34
18092,7012,41,4,46.78,187.12
18093,7013,36,2,30.51,61.02
18094,7014,15,2,55.84,111.68
18095,7014,25,1,30.78,30.78
18096,7014,29,4,37.44,149.76
18097,7014,38,3,77.96,233.88
18098,7015,52,4,22.85,91.4
18099,7015,16,2,397.53,795.06
18100,7016,25,4,27.36,109.44
18101,7016,50,3,15.93,47.79
18102,7016,30,2,94.8,189.6
18103,7017,49,2,27.06,54.12
18104,7017,28,3,65.06,195.18
18105,7018,42,3,71.04,213.12
18106,7018,2,1,84.4,84.4
18107,7018,23,2,96.65,193.3
18108,7019,15,1,50.91,50.91
18109,7019,9,2,54.99,109.98
18110,7020,34,2,33.44,66.88
18111,7020,12,4,63.81,255.24
18112,7020,32,2,18.32,36.64
18113,7020,37,1,54.31,54.31
18114,7021,12,3,61.85,185.55
18115,7021,55,1,32.42,32.42
18116,7022,19,1,17.95,17.95
18117,7022,28,2,58.91,117.82
18118,7023,16,2,411.31,822.62
18119,7023,12,4,67.41,269.64
18120,7023,20,4,14.03,56.12
18121,7024,14,1,35.51,35.51
18122,7024,49,4,27.13,108.52
18123,7025,53,3,41.52,124.56
18124,7025,25,1,29.96,29.96
18125,7025,5,4,39.41,157.64
18126,7025,12,1,64.29,64.29
18127,7025,15,4,55.31,221.24
18128,7026,27,2,22.21,44.42
18129,7026,37,2,56.54,113.08
18130,7026,7,4,14.62,58.48
18131,7027,32,2,17.44,34.88
18132,7027,20,1,13.38,13.38
18133,7028,3,2,30.18,60.36
18134,7028,12,3,71.1,213.29999999999998
18135,7028,18,4,76.61,306.44
18136,7029,31,3,194.09,582.27
18137,7030,31,1,175.18,175.18
18138,7031,55,1,28.93,28.93
18139,7032,24,2,19.05,38.1
18140,7032,20,4,13.96,55.84
18141,7032,48,1,92.48,92.48
18142,7032,41,2,51.79,103.58
18143,7033,1,3,12.98,38.94
18144,7033,14,1,33.72,33.72
18145,7033,44,3,73.72,221.16
18146,7034,24,4,21.53,86.12
18147,7035,1,1,12.99,12.99
18148,7035,55,1,32.08,32.08
18149,7035,42,1,69.81,69.81
18150,7036,38,4,76.77,307.08
18151,7036,6,3,24.1,72.30000000000001
18152,7037,47,1,43.86,43.86
18153,7037,54,4,24.03,96.12
18154,7037,34,4,30.88,123.52
18155,7037,39,4,31.63,126.52
18156,7037,42,3,63.76,191.28
18157,7038,29,2,37.9,75.8
18158,7038,17,2,151.67,303.34
18159,7038,9,3,58.99,176.97
18160,7039,39,4,32.01,128.04
18161,7039,51,1,36.79,36.79
18162,7040,31,2,196.01,392.02
18163,7040,33,2,46.11,92.22
18164,7041,34,3,32.7,98.10000000000001
18165,7041,16,4,412.97,1651.88
18166,7041,39,2,34.76,69.52
18167,7042,22,1,225.19,225.19
18168,7043,36,3,29.7,89.1
18169,7044,18,1,74.61,74.61
18170,7045,7,3,14.65,43.95
18171,7045,44,4,79.19,316.76
18172,7045,8,4,125.4,501.6
18173,7045,50,4,15.63,62.52
18174,7046,33,1,46.9,46.9
18175,7046,15,2,55.33,110.66
18176,7046,26,3,17.72,53.16
18177,7046,11,1,43.23,43.23
18178,7046,28,1,62.98,62.98
18179,7047,8,3,118.19,354.57
18180,7047,3,2,29.71,59.42
18181,7048,27,2,21.99,43.98
18182,7048,8,3,124.34,373.02
18183,7049,9,2,55.0,110.0
18184,7049,49,1,25.59,25.59
18185,7049,54,4,24.17,96.68
18186,7049,32,4,18.06,72.24
18187,7050,13,4,49.0,196.0
18188,7051,43,2,88.08,176.16
18189,7052,14,2,34.19,68.38
18190,7052,13,3,49.17,147.51
18191,7053,21,4,81.64,326.56
18192,7053,43,1,93.48,93.48
18193,7054,13,4,48.92,195.68
18194,7054,12,4,65.34,261.36
18195,7055,50,4,15.9,63.6
18196,7055,15,1,56.88,56.88
18197,7055,37,4,59.96,239.84
18198,7055,34,1,35.18,35.18
18199,7055,40,2,18.26,36.52
18200,7056,11,3,42.64,127.92
18201,7056,19,3,17.46,52.38
18202,7056,45,3,66.7,200.10000000000002
18203,7056,5,1,36.44,36.44
18204,7057,26,3,19.5,58.5
18205,7057,29,1,35.57,35.57
18206,7057,17,3,154.74,464.22
18207,7057,18,1,70.28,70.28
18208,7058,13,2,51.44,102.88
18209,7058,33,1,46.7,46.7
18210,7059,55,4,29.08,116.32
18211,7060,44,4,72.75,291.0
18212,7060,17,3,142.03,426.09000000000003
18213,7061,19,3,17.51,52.53
18214,7062,1,4,12.22,48.88
18215,7062,4,1,45.85,45.85
18216,7062,8,4,114.38,457.52
18217,7062,53,3,42.08,126.24
18218,7062,39,3,31.13,93.39
18219,7063,1,3,12.78,38.339999999999996
18220,7063,26,2,18.01,36.02
18221,7063,31,2,195.2,390.4
18222,7064,18,2,76.62,153.24
18223,7064,24,1,19.8,19.8
18224,7065,22,1,210.01,210.01
18225,7066,7,1,15.72,15.72
18226,7067,29,2,36.82,73.64
18227,7068,4,3,45.24,135.72
18228,7068,31,3,179.87,539.61
18229,7069,18,3,73.63,220.89
18230,7069,55,3,30.89,92.67
18231,7070,8,3,116.18,348.54
18232,7070,15,1,52.05,52.05
18233,7071,36,3,27.8,83.4
18234,7071,33,2,47.02,94.04
18235,7071,53,3,41.75,125.25
18236,7071,27,1,23.86,23.86
18237,7071,8,2,121.66,243.32
18238,7072,21,4,83.96,335.84
18239,7072,25,2,29.21,58.42
18240,7072,29,2,34.31,68.62
18241,7073,7,3,15.46,46.38
18242,7073,25,3,27.21,81.63
18243,7074,39,4,35.13,140.52
18244,7074,7,2,16.11,32.22
18245,7075,23,2,92.02,184.04
18246,7075,49,1,26.91,26.91
18247,7075,14,4,34.79,139.16
18248,7076,38,4,75.91,303.64
18249,7076,22,1,223.2,223.2
18250,7076,52,3,23.54,70.62
18251,7077,48,3,94.99,284.96999999999997
18252,7077,34,3,33.86,101.58
18253,7077,22,4,213.82,855.28
18254,7078,24,1,20.93,20.93
18255,7079,11,4,44.92,179.68
18256,7079,18,1,72.5,72.5
18257,7079,49,4,27.05,108.2
18258,7079,36,2,29.52,59.04
18259,7079,43,4,88.31,353.24
18260,7080,44,1,76.02,76.02
18261,7080,43,2,92.97,185.94
18262,7080,9,4,52.76,211.04
18263,7081,31,4,191.26,765.04
18264,7081,4,1,47.4,47.4
18265,7081,13,3,46.84,140.52
18266,7082,28,1,64.42,64.42
18267,7082,7,2,15.99,31.98
18268,7082,21,3,85.78,257.34000000000003
18269,7083,10,1,18.65,18.65
18270,7084,52,3,21.15,63.449999999999996
18271,7084,45,1,74.07,74.07
18272,7084,32,2,19.42,38.84
18273,7084,2,1,88.99,88.99
18274,7084,18,1,68.44,68.44
18275,7085,25,2,27.0,54.0
18276,7085,50,2,14.5,29.0
18277,7085,22,2,221.63,443.26
18278,7085,35,4,15.04,60.16
18279,7085,37,3,53.25,159.75
18280,7086,32,4,17.98,71.92
18281,7086,39,2,34.22,68.44
18282,7086,6,3,22.63,67.89
18283,7086,41,4,48.35,193.4
18284,7086,20,4,14.22,56.88
18285,7087,13,4,51.17,204.68
18286,7087,46,4,55.73,222.92
18287,7087,8,3,118.09,354.27
18288,7087,7,2,15.19,30.38
18289,7088,12,1,71.41,71.41
18290,7089,31,4,195.37,781.48
18291,7089,30,1,90.63,90.63
18292,7089,29,4,34.39,137.56
18293,7089,16,3,365.75,1097.25
18294,7090,12,2,64.72,129.44
18295,7090,13,2,52.53,105.06
18296,7091,53,2,44.44,88.88
18297,7091,31,3,174.07,522.21
18298,7091,37,2,54.63,109.26
18299,7091,48,3,95.76,287.28000000000003
18300,7092,30,1,96.13,96.13
18301,7092,19,2,18.22,36.44
18302,7092,37,1,58.7,58.7
18303,7092,39,3,34.81,104.43
18304,7093,54,1,23.71,23.71
18305,7093,32,3,18.5,55.5
18306,7093,4,1,49.42,49.42
18307,7094,41,1,47.56,47.56
18308,7094,47,4,47.89,191.56
18309,7094,27,3,21.46,64.38
18310,7094,44,1,73.42,73.42
18311,7095,27,2,22.48,44.96
18312,7095,39,1,33.02,33.02
18313,7096,42,1,67.51,67.51
18314,7096,5,2,37.78,75.56
18315,7096,49,3,27.13,81.39
18316,7096,2,2,80.95,161.9
18317,7097,18,1,71.13,71.13
18318,7097,52,2,21.93,43.86
18319,7097,21,2,92.36,184.72
18320,7098,47,3,44.16,132.48
18321,7098,20,3,14.63,43.89
18322,7098,26,4,18.39,73.56
18323,7099,3,4,26.87,107.48
18324,7100,20,4,14.71,58.84
18325,7101,18,4,73.57,294.28
18326,7101,30,3,92.0,276.0
18327,7101,31,1,189.74,189.74
18328,7102,51,2,39.66,79.32
18329,7102,27,3,21.36,64.08
18330,7102,20,1,14.17,14.17
18331,7103,21,3,88.48,265.44
18332,7103,31,2,192.86,385.72
18333,7103,10,1,19.69,19.69
18334,7104,15,4,50.2,200.8
18335,7104,26,1,17.94,17.94
18336,7105,36,4,29.46,117.84
18337,7105,16,1,374.44,374.44
18338,7105,18,1,77.46,77.46
18339,7105,8,4,131.44,525.76
18340,7105,49,3,27.24,81.72
18341,7106,45,3,69.52,208.56
18342,7106,49,4,26.3,105.2
18343,7106,8,4,120.81,483.24
18344,7107,38,1,75.6,75.6
18345,7107,1,1,12.96,12.96
18346,7107,18,2,68.6,137.2
18347,7107,51,2,37.3,74.6
18348,7108,51,3,38.7,116.10000000000001
18349,7108,26,4,17.93,71.72
18350,7108,44,4,69.6,278.4
18351,7108,6,3,22.31,66.92999999999999
18352,7109,16,3,391.32,1173.96
18353,7109,22,1,237.22,237.22
18354,7109,31,1,179.21,179.21
18355,7109,15,1,56.64,56.64
18356,7109,51,2,37.86,75.72
18357,7110,7,4,15.13,60.52
18358,7111,55,2,30.43,60.86
18359,7112,29,4,38.36,153.44
18360,7113,5,3,36.38,109.14000000000001
18361,7113,42,3,69.3,207.89999999999998
18362,7113,17,3,140.6,421.79999999999995
18363,7113,23,1,98.39,98.39
18364,7114,26,1,18.28,18.28
18365,7114,18,3,75.25,225.75
18366,7114,55,2,32.91,65.82
18367,7114,49,4,25.75,103.0
18368,7115,6,1,22.24,22.24
18369,7116,48,3,101.52,304.56
18370,7116,31,2,182.68,365.36
18371,7116,23,2,101.37,202.74
18372,7116,19,4,19.62,78.48
18373,7116,6,4,20.95,83.8
18374,7117,17,4,146.45,585.8
18375,7117,19,3,17.47,52.41
18376,7117,36,2,29.96,59.92
18377,7117,4,3,44.42,133.26
18378,7117,16,3,370.4,1111.1999999999998
18379,7118,39,3,30.41,91.23
18380,7118,36,3,30.44,91.32000000000001
18381,7119,44,4,77.31,309.24
18382,7119,15,4,50.45,201.8
18383,7119,16,2,398.79,797.58
18384,7120,2,3,82.93,248.79000000000002
18385,7120,35,4,15.05,60.2
18386,7120,52,3,21.35,64.05000000000001
18387,7121,22,4,218.53,874.12
18388,7121,49,1,25.31,25.31
18389,7122,27,4,21.32,85.28
18390,7122,36,2,29.06,58.12
18391,7122,42,4,71.39,285.56
18392,7122,38,2,75.52,151.04
18393,7123,7,2,15.83,31.66
18394,7123,51,3,36.96,110.88
18395,7124,35,1,16.31,16.31
18396,7125,35,4,16.3,65.2
18397,7126,36,1,30.63,30.63
18398,7126,21,1,81.88,81.88
18399,7126,6,4,23.69,94.76
18400,7127,1,4,12.09,48.36
18401,7127,42,1,64.32,64.32
18402,7127,51,2,39.36,78.72
18403,7128,46,3,53.22,159.66
18404,7129,49,4,27.41,109.64
18405,7129,26,3,18.88,56.64
18406,7130,8,4,116.3,465.2
18407,7130,23,2,100.64,201.28
18408,7131,29,1,36.26,36.26
18409,7131,47,2,45.52,91.04
18410,7132,21,4,81.67,326.68
18411,7132,22,4,217.27,869.08
18412,7132,38,3,77.11,231.32999999999998
18413,7133,23,1,99.02,99.02
18414,7133,41,2,52.61,105.22
18415,7134,54,1,23.47,23.47
18416,7135,8,2,125.32,250.64
18417,7135,14,4,38.28,153.12
18418,7135,46,2,54.49,108.98
18419,7135,11,4,41.65,166.6
18420,7136,21,1,83.11,83.11
18421,7136,30,2,94.94,189.88
18422,7136,14,2,37.97,75.94
18423,7137,3,3,28.35,85.05000000000001
18424,7137,23,3,94.72,284.15999999999997
18425,7137,50,2,14.9,29.8
18426,7137,43,4,90.38,361.52
18427,7137,41,2,47.61,95.22
18428,7138,45,1,66.88,66.88
18429,7139,26,3,17.68,53.04
18430,7139,12,2,63.96,127.92
18431,7139,36,3,27.06,81.17999999999999
18432,7140,51,1,38.1,38.1
18433,7140,34,2,33.73,67.46
18434,7141,35,3,15.22,45.660000000000004
18435,7142,45,1,68.0,68.0
18436,7143,32,1,17.15,17.15
18437,7143,39,4,32.28,129.12
18438,7144,38,3,75.63,226.89
18439,7144,23,1,101.79,101.79
18440,7145,53,1,40.4,40.4
18441,7146,49,1,25.4,25.4
18442,7147,15,1,56.62,56.62
18443,7147,13,4,47.05,188.2
18444,7147,1,4,12.51,50.04
18445,7148,55,1,28.86,28.86
18446,7149,36,4,26.82,107.28
18447,7150,54,1,21.11,21.11
18448,7150,32,4,19.64,78.56
18449,7151,30,2,101.29,202.58
18450,7151,11,4,45.25,181.0
18451,7151,31,2,196.71,393.42
18452,7152,18,4,76.55,306.2
18453,7152,2,1,89.61,89.61
18454,7152,54,3,20.93,62.79
18455,7152,29,1,34.2,34.2
18456,7152,42,4,67.5,270.0
18457,7153,47,4,48.06,192.24
18458,7153,24,4,19.52,78.08
18459,7154,1,3,12.72,38.160000000000004
18460,7154,47,4,49.16,196.64
18461,7154,26,2,18.1,36.2
18462,7154,46,3,56.84,170.52
18463,7155,20,3,14.73,44.19
18464,7156,46,4,59.13,236.52
18465,7157,6,1,21.44,21.44
18466,7157,41,3,51.96,155.88
18467,7158,22,3,222.33,666.99
18468,7158,13,2,46.25,92.5
18469,7158,54,2,21.29,42.58
18470,7158,34,1,32.3,32.3
18471,7158,10,3,18.63,55.89
18472,7159,47,2,49.08,98.16
18473,7159,37,1,53.13,53.13
18474,7160,10,3,17.37,52.11
18475,7160,49,2,27.28,54.56
18476,7160,33,4,47.76,191.04
18477,7160,19,2,17.68,35.36
18478,7160,51,2,36.82,73.64
18479,7161,32,4,17.55,70.2
18480,7162,2,2,86.4,172.8
18481,7162,26,2,19.47,38.94
18482,7162,23,3,102.69,308.07
18483,7162,1,3,11.85,35.55
18484,7162,32,2,18.66,37.32
18485,7163,16,2,389.69,779.38
18486,7163,24,3,20.78,62.34
18487,7164,55,1,28.8,28.8
18488,7165,44,4,71.2,284.8
18489,7166,26,2,17.29,34.58
18490,7166,33,3,47.63,142.89000000000001
18491,7166,42,2,63.56,127.12
18492,7167,20,2,13.7,27.4
18493,7167,49,2,25.21,50.42
18494,7168,30,1,97.22,97.22
18495,7168,14,3,36.13,108.39000000000001
18496,7168,16,4,384.43,1537.72
18497,7168,28,4,61.44,245.76
18498,7169,51,4,41.58,166.32
18499,7169,23,3,103.21,309.63
18500,7170,48,1,99.83,99.83
18501,7171,39,4,34.74,138.96
18502,7171,52,1,23.75,23.75
18503,7171,6,3,21.08,63.239999999999995
18504,7172,7,3,15.43,46.29
18505,7173,40,4,19.59,78.36
18506,7173,10,2,17.54,35.08
18507,7173,26,1,18.99,18.99
18508,7173,34,3,34.45,103.35000000000001
18509,7174,50,3,16.18,48.54
18510,7175,32,1,18.41,18.41
18511,7175,5,3,38.83,116.49
18512,7175,19,1,17.13,17.13
18513,7175,43,3,91.61,274.83
18514,7176,4,2,44.99,89.98
18515,7176,49,1,24.48,24.48
18516,7176,36,3,28.01,84.03
18517,7176,55,1,30.58,30.58
18518,7176,54,1,21.31,21.31
18519,7177,13,2,48.48,96.96
18520,7177,24,4,19.29,77.16
18521,7177,23,4,98.58,394.32
18522,7178,4,3,45.19,135.57
18523,7178,39,1,30.74,30.74
18524,7178,25,4,27.18,108.72
18525,7178,15,4,52.82,211.28
18526,7178,29,2,34.22,68.44
18527,7179,51,2,39.85,79.7
18528,7179,13,2,45.64,91.28
18529,7180,9,2,53.91,107.82
18530,7180,38,3,75.02,225.06
18531,7180,29,3,34.02,102.06
18532,7181,23,4,96.22,384.88
18533,7182,29,1,37.57,37.57
18534,7182,26,3,17.24,51.72
18535,7183,42,2,63.64,127.28
18536,7183,8,3,131.6,394.79999999999995
18537,7183,15,2,54.08,108.16
18538,7184,42,4,67.29,269.16
18539,7185,37,2,57.51,115.02
18540,7185,6,4,21.98,87.92
18541,7185,26,3,19.45,58.349999999999994
18542,7185,24,2,19.78,39.56
18543,7185,16,1,406.89,406.89
18544,7186,7,2,14.48,28.96
18545,7186,38,4,68.84,275.36
18546,7187,22,1,214.48,214.48
18547,7187,37,3,57.16,171.48
18548,7187,50,3,14.98,44.94
18549,7188,18,4,73.31,293.24
18550,7188,5,1,37.34,37.34
18551,7188,32,4,19.49,77.96
18552,7189,12,1,62.63,62.63
18553,7189,48,3,98.44,295.32
18554,7189,20,3,14.33,42.99
18555,7189,4,4,48.99,195.96
18556,7189,22,2,241.41,482.82
18557,7190,26,4,17.13,68.52
18558,7190,36,1,28.95,28.95
18559,7190,53,2,43.11,86.22
18560,7190,31,4,186.36,745.44
18561,7190,40,2,17.23,34.46
18562,7191,7,3,16.38,49.14
18563,7191,35,2,14.44,28.88
18564,7191,8,3,123.68,371.04
18565,7191,50,1,15.51,15.51
18566,7192,18,3,73.04,219.12
18567,7192,11,1,42.02,42.02
18568,7193,15,3,52.52,157.56
18569,7194,9,3,56.14,168.42000000000002
18570,7194,21,2,86.46,172.92
18571,7194,41,3,51.64,154.92000000000002
18572,7194,54,1,23.96,23.96
18573,7194,40,3,19.5,58.5
18574,7195,35,1,14.43,14.43
18575,7196,54,1,22.52,22.52
18576,7196,39,1,31.02,31.02
18577,7196,28,1,60.96,60.96
18578,7196,2,3,86.74,260.21999999999997
18579,7197,30,2,96.59,193.18
18580,7197,7,1,16.24,16.24
18581,7198,5,1,40.8,40.8
18582,7199,34,3,31.46,94.38
18583,7199,21,4,88.98,355.92
18584,7200,55,3,30.63,91.89
18585,7201,10,4,18.8,75.2
18586,7202,20,2,14.9,29.8
18587,7203,26,4,17.12,68.48
18588,7204,25,3,27.5,82.5
18589,7204,32,1,17.87,17.87
18590,7205,31,3,196.51,589.53
18591,7206,14,4,33.79,135.16
18592,7206,55,2,32.17,64.34
18593,7206,53,3,44.98,134.94
18594,7207,31,2,176.8,353.6
18595,7207,1,4,13.06,52.24
18596,7207,9,4,55.34,221.36
18597,7207,35,2,15.56,31.12
18598,7208,28,1,59.9,59.9
18599,7208,13,4,46.59,186.36
18600,7208,43,4,85.77,343.08
18601,7208,20,3,14.24,42.72
18602,7208,8,2,118.28,236.56
18603,7209,51,4,37.72,150.88
18604,7210,22,1,236.8,236.8
18605,7210,11,3,42.13,126.39000000000001
18606,7210,19,4,17.65,70.6
18607,7210,54,1,23.76,23.76
18608,7210,41,1,49.07,49.07
18609,7211,24,3,19.19,57.57000000000001
18610,7211,48,3,101.95,305.85
18611,7212,13,4,51.74,206.96
18612,7212,19,1,19.8,19.8
18613,7212,33,4,46.8,187.2
18614,7213,33,3,42.8,128.39999999999998
18615,7214,39,1,35.09,35.09
18616,7214,1,4,12.08,48.32
18617,7214,3,1,27.43,27.43
18618,7215,45,2,65.93,131.86
18619,7215,16,1,406.77,406.77
18620,7216,49,2,24.52,49.04
18621,7217,7,2,15.07,30.14
18622,7217,13,4,52.51,210.04
18623,7218,51,2,40.5,81.0
18624,7219,48,3,92.98,278.94
18625,7219,25,1,27.5,27.5
18626,7219,42,4,65.73,262.92
18627,7220,25,2,30.32,60.64
18628,7220,54,4,21.22,84.88
18629,7220,13,3,52.32,156.96
18630,7220,39,1,32.8,32.8
18631,7221,27,2,21.86,43.72
18632,7221,21,3,87.16,261.48
18633,7221,47,1,46.94,46.94
18634,7221,1,1,12.71,12.71
18635,7221,26,2,17.72,35.44
18636,7222,19,4,18.16,72.64
18637,7223,54,3,21.44,64.32000000000001
18638,7224,19,4,19.1,76.4
18639,7224,37,4,56.59,226.36
18640,7225,5,2,37.8,75.6
18641,7225,54,1,22.91,22.91
18642,7225,44,2,74.11,148.22
18643,7225,19,3,17.56,52.67999999999999
18644,7226,37,2,58.41,116.82
18645,7226,35,4,15.31,61.24
18646,7227,30,2,104.46,208.92
18647,7227,38,4,76.15,304.6
18648,7227,33,2,44.09,88.18
18649,7227,6,4,23.84,95.36
18650,7227,18,4,76.78,307.12
18651,7228,33,2,48.34,96.68
18652,7228,43,1,88.25,88.25
18653,7229,7,1,14.58,14.58
18654,7230,5,2,41.74,83.48
18655,7230,24,2,19.49,38.98
18656,7231,7,3,14.33,42.99
18657,7231,26,1,18.86,18.86
18658,7231,6,4,22.88,91.52
18659,7232,32,4,18.89,75.56
18660,7232,45,3,65.17,195.51
18661,7232,42,4,63.09,252.36
18662,7232,49,3,24.54,73.62
18663,7233,24,2,20.01,40.02
18664,7233,20,2,14.12,28.24
18665,7234,5,3,39.76,119.28
18666,7234,39,1,32.2,32.2
18667,7234,53,1,43.49,43.49
18668,7234,20,2,13.6,27.2
18669,7235,39,1,33.84,33.84
18670,7235,2,2,90.5,181.0
18671,7235,40,4,17.26,69.04
18672,7236,4,4,48.6,194.4
18673,7237,53,1,45.98,45.98
18674,7237,43,1,91.09,91.09
18675,7237,44,2,71.19,142.38
18676,7237,45,2,68.4,136.8
18677,7237,23,3,104.28,312.84000000000003
18678,7238,5,4,39.73,158.92
18679,7239,55,3,30.05,90.15
18680,7239,30,4,98.61,394.44
18681,7239,34,2,34.07,68.14
18682,7240,26,3,17.3,51.900000000000006
18683,7240,30,1,90.71,90.71
18684,7241,44,4,71.58,286.32
18685,7242,38,4,71.35,285.4
18686,7242,41,2,50.74,101.48
18687,7242,28,2,65.49,130.98
18688,7243,47,1,43.83,43.83
18689,7243,41,2,48.25,96.5
18690,7243,9,3,53.87,161.60999999999999
18691,7243,48,4,96.55,386.2
18692,7244,4,1,46.64,46.64
18693,7245,21,1,81.56,81.56
18694,7245,31,1,179.11,179.11
18695,7246,1,1,12.45,12.45
18696,7246,42,3,66.64,199.92000000000002
18697,7246,41,3,47.6,142.8
18698,7247,25,4,27.84,111.36
18699,7247,53,2,42.87,85.74
18700,7247,39,4,34.32,137.28
18701,7248,33,4,49.27,197.08
18702,7249,27,4,23.61,94.44
18703,7249,19,4,17.78,71.12
18704,7250,13,2,50.65,101.3
18705,7251,12,1,62.29,62.29
18706,7251,31,1,173.83,173.83
18707,7252,24,2,19.12,38.24
18708,7252,33,1,45.56,45.56
18709,7252,41,3,52.27,156.81
18710,7252,1,4,13.08,52.32
18711,7252,7,3,14.98,44.94
18712,7253,27,3,23.83,71.49
18713,7253,21,4,88.35,353.4
18714,7253,34,4,31.12,124.48
18715,7254,21,1,89.59,89.59
18716,7254,51,4,37.63,150.52
18717,7255,22,3,238.29,714.87
18718,7255,15,3,56.42,169.26
18719,7255,53,1,46.12,46.12
18720,7255,6,4,22.18,88.72
18721,7255,29,1,37.53,37.53
18722,7256,38,3,70.36,211.07999999999998
18723,7256,8,4,127.0,508.0
18724,7257,15,3,49.53,148.59
18725,7257,35,2,16.4,32.8
18726,7257,48,1,97.6,97.6
18727,7258,32,3,19.37,58.11
18728,7258,51,4,38.65,154.6
18729,7259,34,1,30.88,30.88
18730,7259,33,4,48.04,192.16
18731,7259,46,4,59.02,236.08
18732,7260,32,2,19.42,38.84
18733,7260,40,3,17.37,52.11
18734,7261,42,3,70.87,212.61
18735,7261,26,2,17.31,34.62
18736,7262,52,1,23.51,23.51
18737,7262,4,3,46.74,140.22
18738,7262,22,2,219.9,439.8
18739,7263,55,3,31.63,94.89
18740,7263,14,1,37.84,37.84
18741,7264,12,4,70.95,283.8
18742,7264,5,2,36.64,73.28
18743,7265,2,1,81.71,81.71
18744,7265,51,1,37.96,37.96
18745,7266,41,4,45.8,183.2
18746,7267,27,1,21.92,21.92
18747,7267,44,4,78.99,315.96
18748,7268,46,2,52.46,104.92
18749,7269,10,4,17.3,69.2
18750,7269,35,3,15.89,47.67
18751,7270,47,3,48.33,144.99
18752,7271,35,1,16.2,16.2
18753,7271,8,1,115.25,115.25
18754,7272,52,4,23.83,95.32
18755,7272,18,3,74.53,223.59
18756,7272,26,2,18.78,37.56
18757,7273,10,1,17.74,17.74
18758,7273,29,3,34.75,104.25
18759,7274,16,1,387.96,387.96
18760,7275,15,2,49.59,99.18
18761,7275,25,1,29.59,29.59
18762,7275,20,1,14.75,14.75
18763,7276,13,3,50.18,150.54
18764,7277,34,2,31.92,63.84
18765,7277,4,3,48.72,146.16
18766,7277,38,3,76.93,230.79000000000002
18767,7277,54,4,23.48,93.92
18768,7277,6,2,21.21,42.42
18769,7278,26,2,19.67,39.34
18770,7279,1,1,12.17,12.17
18771,7279,10,3,18.63,55.89
18772,7279,13,4,46.21,184.84
18773,7279,29,3,35.92,107.76
18774,7280,50,2,15.26,30.52
18775,7280,10,4,17.64,70.56
18776,7280,44,3,72.29,216.87
18777,7281,36,2,29.79,59.58
18778,7282,55,2,32.19,64.38
18779,7282,13,2,52.75,105.5
18780,7282,52,1,22.42,22.42
18781,7282,6,2,22.54,45.08
18782,7282,53,2,42.57,85.14
18783,7283,9,2,53.49,106.98
18784,7283,49,1,24.81,24.81
18785,7283,45,3,65.23,195.69
18786,7283,1,1,12.36,12.36
18787,7284,19,4,19.52,78.08
18788,7284,35,2,14.6,29.2
18789,7284,53,3,40.0,120.0
18790,7285,18,2,72.3,144.6
18791,7285,44,3,78.99,236.96999999999997
18792,7285,43,2,84.43,168.86
18793,7285,30,3,97.31,291.93
18794,7285,23,3,91.57,274.71
18795,7286,8,4,122.67,490.68
18796,7286,54,1,21.67,21.67
18797,7286,53,1,45.09,45.09
18798,7286,12,3,61.78,185.34
18799,7286,1,1,12.96,12.96
18800,7287,28,4,64.68,258.72
18801,7287,13,2,51.96,103.92
18802,7287,54,2,21.92,43.84
18803,7287,45,1,72.39,72.39
18804,7288,10,4,18.63,74.52
18805,7289,19,4,17.4,69.6
18806,7289,51,2,40.61,81.22
18807,7290,47,2,45.37,90.74
18808,7291,15,3,51.47,154.41
18809,7291,13,1,47.94,47.94
18810,7292,55,3,31.81,95.42999999999999
18811,7292,37,1,52.29,52.29
18812,7293,38,3,73.44,220.32
18813,7294,23,4,94.43,377.72
18814,7294,9,1,52.83,52.83
18815,7294,15,2,50.59,101.18
18816,7294,51,4,37.84,151.36
18817,7294,22,2,232.45,464.9
18818,7295,23,1,92.01,92.01
18819,7295,38,2,73.72,147.44
18820,7295,39,4,33.47,133.88
18821,7295,40,4,18.5,74.0
18822,7295,1,1,12.29,12.29
18823,7296,20,4,15.05,60.2
18824,7297,25,1,28.66,28.66
18825,7297,41,1,46.16,46.16
18826,7297,29,1,38.38,38.38
18827,7297,44,4,70.13,280.52
18828,7298,23,3,94.93,284.79
18829,7298,31,1,193.12,193.12
18830,7298,20,2,14.58,29.16
18831,7299,2,3,85.63,256.89
18832,7299,50,2,14.28,28.56
18833,7299,30,1,104.05,104.05
18834,7300,20,3,15.2,45.599999999999994
18835,7301,5,4,41.54,166.16
18836,7301,23,3,95.16,285.48
18837,7301,43,4,94.58,378.32
18838,7301,47,4,42.9,171.6
18839,7301,37,1,58.52,58.52
18840,7302,7,2,14.99,29.98
18841,7302,43,3,86.45,259.35
18842,7303,37,2,53.12,106.24
18843,7304,46,4,57.06,228.24
18844,7304,45,2,66.2,132.4
18845,7304,22,3,217.11,651.33
18846,7304,40,2,18.57,37.14
18847,7304,50,3,15.75,47.25
18848,7305,48,4,92.86,371.44
18849,7305,40,2,18.96,37.92
18850,7306,44,4,73.37,293.48
18851,7306,20,3,15.23,45.69
18852,7307,6,3,21.03,63.09
18853,7307,42,1,63.48,63.48
18854,7307,32,1,17.22,17.22
18855,7307,38,1,71.19,71.19
18856,7308,48,4,100.15,400.6
18857,7308,52,4,21.6,86.4
18858,7308,14,3,37.7,113.10000000000001
18859,7309,12,3,71.18,213.54000000000002
18860,7310,36,4,27.46,109.84
18861,7310,24,2,21.31,42.62
18862,7311,24,4,19.32,77.28
18863,7312,3,4,30.29,121.16
18864,7313,49,2,24.94,49.88
18865,7313,32,1,17.8,17.8
18866,7313,47,1,46.79,46.79
18867,7313,40,4,19.4,77.6
18868,7314,20,1,14.72,14.72
18869,7314,1,3,13.03,39.089999999999996
18870,7314,17,4,146.12,584.48
18871,7314,52,2,21.34,42.68
18872,7314,26,3,18.18,54.54
18873,7315,14,4,37.26,149.04
18874,7316,51,1,37.56,37.56
18875,7317,10,2,18.07,36.14
18876,7317,49,4,26.83,107.32
18877,7318,47,4,45.5,182.0
18878,7319,4,2,43.38,86.76
18879,7319,15,1,53.47,53.47
18880,7319,18,1,76.26,76.26
18881,7319,9,4,59.74,238.96
18882,7320,34,4,33.28,133.12
18883,7320,12,3,67.41,202.23
18884,7320,10,3,17.53,52.59
18885,7321,36,2,29.88,59.76
18886,7321,3,3,27.88,83.64
18887,7321,22,2,216.09,432.18
18888,7322,10,1,18.0,18.0
18889,7322,9,4,53.47,213.88
18890,7322,31,1,197.57,197.57
18891,7322,51,2,36.36,72.72
18892,7322,46,2,53.61,107.22
18893,7323,11,4,43.76,175.04
18894,7323,2,3,83.72,251.16
18895,7323,45,2,72.16,144.32
18896,7323,37,1,57.6,57.6
18897,7324,9,2,52.33,104.66
18898,7324,6,2,22.74,45.48
18899,7325,47,1,47.49,47.49
18900,7325,3,1,30.64,30.64
18901,7326,15,1,51.21,51.21
18902,7326,13,3,49.5,148.5
18903,7327,49,4,26.38,105.52
18904,7327,46,1,54.47,54.47
18905,7327,28,1,63.85,63.85
18906,7328,20,2,13.69,27.38
18907,7328,3,3,28.95,86.85
18908,7329,10,3,17.35,52.050000000000004
18909,7330,4,4,47.14,188.56
18910,7331,6,1,22.36,22.36
18911,7331,39,2,33.28,66.56
18912,7331,50,1,15.66,15.66
18913,7331,13,4,46.53,186.12
18914,7331,11,3,43.82,131.46
18915,7332,21,3,85.62,256.86
18916,7332,17,1,147.26,147.26
18917,7333,54,2,22.75,45.5
18918,7333,10,3,18.68,56.04
18919,7333,28,2,67.67,135.34
18920,7334,17,3,138.16,414.48
18921,7334,4,4,42.98,171.92
18922,7334,11,3,41.55,124.64999999999999
18923,7334,45,3,69.97,209.91
18924,7335,47,1,48.36,48.36
18925,7335,14,4,35.32,141.28
18926,7335,37,3,55.6,166.8
18927,7335,54,4,24.09,96.36
18928,7335,19,2,18.36,36.72
18929,7336,17,4,148.94,595.76
18930,7336,19,1,17.36,17.36
18931,7337,36,1,29.06,29.06
18932,7337,17,4,156.91,627.64
18933,7338,8,1,114.48,114.48
18934,7339,17,1,152.61,152.61
18935,7340,44,1,71.97,71.97
18936,7340,54,3,22.42,67.26
18937,7341,19,2,19.77,39.54
18938,7341,52,1,21.09,21.09
18939,7341,14,2,34.06,68.12
18940,7341,18,4,76.11,304.44
18941,7341,51,2,40.46,80.92
18942,7342,7,2,14.71,29.42
18943,7342,13,4,48.93,195.72
18944,7342,18,4,77.34,309.36
18945,7342,54,4,23.4,93.6
18946,7342,2,4,82.2,328.8
18947,7343,14,1,36.11,36.11
18948,7343,44,2,73.4,146.8
18949,7343,28,1,60.99,60.99
18950,7344,53,1,44.08,44.08
18951,7344,23,2,92.35,184.7
18952,7344,13,2,47.84,95.68
18953,7345,50,3,16.29,48.87
18954,7345,37,4,52.96,211.84
18955,7345,25,2,28.59,57.18
18956,7345,43,2,88.52,177.04
18957,7346,44,4,72.25,289.0
18958,7346,6,2,22.87,45.74
18959,7346,31,3,181.06,543.1800000000001
18960,7347,37,1,55.22,55.22
18961,7347,34,1,31.64,31.64
18962,7348,40,2,18.39,36.78
18963,7348,50,4,14.32,57.28
18964,7348,10,3,19.1,57.300000000000004
18965,7348,19,3,18.41,55.230000000000004
18966,7349,37,3,56.21,168.63
18967,7349,45,3,72.49,217.46999999999997
18968,7350,12,4,63.76,255.04
18969,7350,28,1,65.86,65.86
18970,7350,40,1,19.74,19.74
18971,7350,49,3,25.71,77.13
18972,7351,47,1,46.57,46.57
18973,7351,22,1,210.47,210.47
18974,7352,52,4,23.19,92.76
18975,7352,50,1,14.49,14.49
18976,7352,31,3,197.77,593.3100000000001
18977,7353,5,3,40.26,120.78
18978,7353,18,3,76.1,228.29999999999998
18979,7353,48,4,100.86,403.44
18980,7353,9,4,54.59,218.36
18981,7354,4,4,43.3,173.2
18982,7354,21,3,92.89,278.67
18983,7355,42,4,68.63,274.52
18984,7355,16,2,376.96,753.92
18985,7356,9,4,54.29,217.16
18986,7356,37,3,54.35,163.05
18987,7356,12,4,65.44,261.76
18988,7356,4,2,46.82,93.64
18989,7357,10,2,17.83,35.66
18990,7357,30,2,97.05,194.1
18991,7357,37,1,57.74,57.74
18992,7358,29,3,34.21,102.63
18993,7358,37,2,58.11,116.22
18994,7358,11,3,44.19,132.57
18995,7358,44,3,71.47,214.41
18996,7359,16,2,375.22,750.44
18997,7359,12,3,66.82,200.45999999999998
18998,7359,38,4,74.18,296.72
18999,7359,10,4,18.71,74.84
19000,7359,6,3,22.23,66.69
19001,7360,6,3,21.31,63.92999999999999
19002,7360,29,3,37.91,113.72999999999999
19003,7360,35,3,16.21,48.63
19004,7361,34,4,32.22,128.88
19005,7361,37,1,58.14,58.14
19006,7361,48,4,103.74,414.96
19007,7361,35,1,14.36,14.36
19008,7362,55,4,30.72,122.88
19009,7362,14,4,37.52,150.08
19010,7363,13,1,51.69,51.69
19011,7364,29,4,34.26,137.04
19012,7365,8,2,115.75,231.5
19013,7366,28,3,61.2,183.60000000000002
19014,7366,16,3,378.95,1136.85
19015,7367,3,3,30.61,91.83
19016,7367,46,4,56.38,225.52
19017,7368,5,1,39.2,39.2
19018,7369,5,3,36.29,108.87
19019,7370,49,4,26.25,105.0
19020,7370,30,2,101.85,203.7
19021,7370,23,3,94.34,283.02
19022,7370,45,2,71.85,143.7
19023,7371,8,4,128.81,515.24
19024,7371,26,3,17.51,52.53
19025,7371,14,1,36.5,36.5
19026,7372,2,4,85.77,343.08
19027,7373,24,2,21.96,43.92
19028,7373,13,4,49.97,199.88
19029,7374,41,4,49.6,198.4
19030,7374,23,1,103.97,103.97
19031,7375,15,2,53.73,107.46
19032,7376,25,4,26.75,107.0
19033,7376,54,4,22.24,88.96
19034,7376,44,4,76.73,306.92
19035,7376,50,1,14.76,14.76
19036,7376,20,1,14.74,14.74
19037,7377,10,3,18.58,55.739999999999995
19038,7377,55,3,31.2,93.6
19039,7378,52,1,22.4,22.4
19040,7379,11,4,44.8,179.2
19041,7379,25,2,30.43,60.86
19042,7379,52,3,22.1,66.30000000000001
19043,7379,53,1,43.19,43.19
19044,7380,42,4,63.18,252.72
19045,7380,39,2,31.07,62.14
19046,7380,21,2,82.26,164.52
19047,7381,13,2,50.74,101.48
19048,7382,48,1,94.59,94.59
19049,7382,28,2,66.74,133.48
19050,7383,36,1,28.13,28.13
19051,7383,12,2,71.28,142.56
19052,7383,28,4,62.53,250.12
19053,7383,13,4,47.05,188.2
19054,7384,29,3,36.13,108.39000000000001
19055,7384,9,4,56.92,227.68
19056,7384,47,4,47.06,188.24
19057,7384,14,1,33.82,33.82
19058,7384,48,2,94.93,189.86
19059,7385,7,4,15.65,62.6
19060,7385,3,1,27.96,27.96
19061,7385,17,1,152.42,152.42
19062,7385,32,3,17.31,51.92999999999999
19063,7385,22,3,233.06,699.1800000000001
19064,7386,26,3,18.6,55.800000000000004
19065,7387,53,2,45.81,91.62
19066,7387,41,3,46.96,140.88
19067,7387,10,4,19.42,77.68
19068,7387,49,4,24.96,99.84
19069,7388,55,4,30.95,123.8
19070,7389,15,3,53.48,160.44
19071,7389,46,1,54.64,54.64
19072,7389,45,3,72.14,216.42000000000002
19073,7389,13,3,51.26,153.78
19074,7389,30,1,95.06,95.06
19075,7390,3,3,27.58,82.74
19076,7390,9,3,59.85,179.55
19077,7390,32,4,17.89,71.56
19078,7391,8,2,116.29,232.58
19079,7391,28,3,63.53,190.59
19080,7391,5,1,38.43,38.43
19081,7391,31,1,174.94,174.94
19082,7391,12,1,71.42,71.42
19083,7392,42,1,66.58,66.58
19084,7393,3,1,29.49,29.49
19085,7393,46,3,55.58,166.74
19086,7394,3,4,27.93,111.72
19087,7394,20,1,14.39,14.39
19088,7395,10,3,18.96,56.88
19089,7395,53,1,44.32,44.32
19090,7396,9,1,52.37,52.37
19091,7396,41,1,46.76,46.76
19092,7397,30,4,91.8,367.2
19093,7397,25,4,27.44,109.76
19094,7397,50,3,15.98,47.94
19095,7398,14,3,35.2,105.60000000000001
19096,7398,37,2,58.88,117.76
19097,7398,19,2,19.57,39.14
19098,7398,46,4,55.85,223.4
19099,7398,53,3,42.92,128.76
19100,7399,10,4,18.18,72.72
19101,7399,2,2,87.08,174.16
19102,7400,46,4,59.02,236.08
19103,7400,7,2,14.92,29.84
19104,7401,25,3,29.59,88.77
19105,7402,5,3,38.21,114.63
19106,7402,1,1,13.08,13.08
19107,7402,31,4,175.11,700.44
19108,7402,54,4,21.78,87.12
19109,7403,10,4,17.18,68.72
19110,7403,47,1,48.39,48.39
19111,7403,29,4,36.14,144.56
19112,7404,2,1,93.41,93.41
19113,7404,21,2,87.84,175.68
19114,7404,46,2,56.08,112.16
19115,7405,34,3,34.81,104.43
19116,7405,47,2,48.64,97.28
19117,7405,20,4,13.61,54.44
19118,7406,51,2,38.95,77.9
19119,7406,12,4,66.47,265.88
19120,7406,5,1,40.75,40.75
19121,7406,38,3,74.07,222.20999999999998
19122,7406,27,4,23.99,95.96
19123,7407,33,4,43.79,175.16
19124,7407,36,3,30.59,91.77
19125,7407,46,3,54.93,164.79
19126,7408,43,1,90.48,90.48
19127,7409,22,1,215.61,215.61
19128,7410,18,3,75.67,227.01
19129,7410,2,3,82.31,246.93
19130,7411,42,4,67.85,271.4
19131,7411,11,2,45.41,90.82
19132,7411,51,4,39.76,159.04
19133,7411,48,3,101.28,303.84000000000003
19134,7411,23,2,97.22,194.44
19135,7412,17,2,143.02,286.04
19136,7412,53,4,43.11,172.44
19137,7412,7,4,16.36,65.44
19138,7412,10,3,19.73,59.19
19139,7412,12,1,70.04,70.04
19140,7413,9,1,57.49,57.49
19141,7413,32,2,17.69,35.38
19142,7413,34,3,33.8,101.39999999999999
19143,7414,45,2,70.67,141.34
19144,7414,29,4,37.25,149.0
19145,7414,37,1,55.7,55.7
19146,7415,24,3,20.47,61.41
19147,7415,6,3,22.28,66.84
19148,7415,55,2,30.8,61.6
19149,7416,28,4,60.85,243.4
19150,7416,33,1,43.27,43.27
19151,7416,22,3,238.59,715.77
19152,7417,25,3,28.54,85.62
19153,7417,44,3,76.58,229.74
19154,7417,2,4,85.38,341.52
19155,7418,8,3,127.21,381.63
19156,7418,12,4,69.27,277.08
19157,7418,37,4,58.35,233.4
19158,7418,55,3,31.89,95.67
19159,7418,30,4,104.43,417.72
19160,7419,28,2,67.39,134.78
19161,7419,36,1,29.41,29.41
19162,7420,13,4,49.99,199.96
19163,7421,6,2,21.39,42.78
19164,7421,23,1,93.74,93.74
19165,7421,18,3,71.88,215.64
19166,7421,27,2,22.94,45.88
19167,7421,35,1,16.41,16.41
19168,7422,36,4,27.59,110.36
19169,7422,12,2,63.61,127.22
19170,7422,49,4,25.72,102.88
19171,7422,10,1,17.62,17.62
19172,7422,46,4,60.07,240.28
19173,7423,10,3,18.73,56.19
19174,7423,34,4,33.63,134.52
19175,7423,32,3,18.6,55.800000000000004
19176,7424,50,3,15.11,45.33
19177,7425,1,1,12.63,12.63
19178,7425,53,2,40.58,81.16
19179,7425,55,4,29.73,118.92
19180,7426,49,2,27.42,54.84
19181,7426,10,2,18.34,36.68
19182,7426,35,3,15.59,46.769999999999996
19183,7427,7,4,15.62,62.48
19184,7427,5,3,37.06,111.18
19185,7428,15,3,49.72,149.16
19186,7428,2,1,84.94,84.94
19187,7429,8,1,126.47,126.47
19188,7429,53,4,45.12,180.48
19189,7429,47,3,44.63,133.89000000000001
19190,7429,51,1,37.04,37.04
19191,7430,3,3,29.01,87.03
19192,7430,44,1,68.69,68.69
19193,7430,53,2,45.81,91.62
19194,7431,11,3,41.32,123.96000000000001
19195,7431,6,2,20.99,41.98
19196,7432,51,1,40.4,40.4
19197,7433,34,2,31.45,62.9
19198,7433,7,3,14.95,44.849999999999994
19199,7434,14,1,35.09,35.09
19200,7434,40,4,18.81,75.24
19201,7434,31,1,192.6,192.6
19202,7435,30,3,93.46,280.38
19203,7436,3,3,27.27,81.81
19204,7436,12,2,67.13,134.26
19205,7436,18,4,72.69,290.76
19206,7437,45,2,67.05,134.1
19207,7437,25,1,26.69,26.69
19208,7437,30,1,100.52,100.52
19209,7438,45,4,72.85,291.4
19210,7438,7,2,15.08,30.16
19211,7438,5,2,40.83,81.66
19212,7439,16,3,417.14,1251.42
19213,7439,46,3,56.72,170.16
19214,7440,35,1,15.81,15.81
19215,7440,43,2,86.53,173.06
19216,7441,54,1,21.99,21.99
19217,7441,35,4,15.3,61.2
19218,7442,31,4,192.16,768.64
19219,7443,4,1,44.09,44.09
19220,7443,17,1,152.39,152.39
19221,7444,35,3,16.19,48.57000000000001
19222,7444,20,4,15.14,60.56
19223,7444,1,4,11.82,47.28
19224,7444,38,2,78.57,157.14
19225,7445,29,1,37.04,37.04
19226,7445,14,4,37.81,151.24
19227,7445,20,4,15.2,60.8
19228,7445,45,3,67.63,202.89
19229,7446,49,3,27.4,82.19999999999999
19230,7446,40,2,17.22,34.44
19231,7447,21,3,92.94,278.82
19232,7447,13,1,47.68,47.68
19233,7447,16,4,411.0,1644.0
19234,7447,42,4,66.11,264.44
19235,7448,50,1,16.02,16.02
19236,7448,31,4,177.66,710.64
19237,7448,22,3,236.92,710.76
19238,7449,37,4,59.72,238.88
19239,7449,31,4,195.2,780.8
19240,7449,8,2,123.48,246.96
19241,7450,29,4,37.21,148.84
19242,7450,21,2,83.9,167.8
19243,7450,36,4,30.27,121.08
19244,7451,8,1,122.58,122.58
19245,7451,34,4,32.9,131.6
19246,7451,50,1,14.96,14.96
19247,7452,6,3,21.03,63.09
19248,7452,53,3,40.04,120.12
19249,7452,46,4,58.16,232.64
19250,7453,13,4,49.78,199.12
19251,7454,17,4,145.19,580.76
19252,7454,47,4,47.61,190.44
19253,7454,4,4,42.88,171.52
19254,7455,15,1,49.75,49.75
19255,7456,10,1,17.67,17.67
19256,7456,49,1,24.03,24.03
19257,7456,15,3,56.26,168.78
19258,7457,37,2,59.51,119.02
19259,7457,32,2,17.27,34.54
19260,7458,5,3,40.52,121.56
19261,7458,54,2,22.03,44.06
19262,7458,25,2,30.77,61.54
19263,7459,22,3,227.25,681.75
19264,7459,25,4,27.53,110.12
19265,7460,43,2,90.26,180.52
19266,7460,40,3,19.09,57.269999999999996
19267,7460,12,1,68.86,68.86
19268,7460,8,4,127.34,509.36
19269,7461,39,2,33.52,67.04
19270,7462,13,2,48.95,97.9
19271,7462,27,3,22.4,67.19999999999999
19272,7462,52,3,21.12,63.36
19273,7462,12,3,70.8,212.39999999999998
19274,7462,4,4,47.72,190.88
19275,7463,5,1,36.42,36.42
19276,7463,30,3,103.86,311.58
19277,7463,35,3,16.04,48.12
19278,7463,16,2,391.2,782.4
19279,7463,42,3,68.75,206.25
19280,7464,40,2,17.88,35.76
19281,7464,8,2,122.5,245.0
19282,7464,55,3,30.82,92.46000000000001
19283,7464,26,4,19.44,77.76
19284,7464,42,2,71.02,142.04
19285,7465,13,1,49.35,49.35
19286,7465,12,2,62.48,124.96
19287,7466,39,4,34.25,137.0
19288,7466,15,3,49.45,148.35000000000002
19289,7466,55,4,32.2,128.8
19290,7466,24,2,19.4,38.8
19291,7466,42,1,65.43,65.43
19292,7467,35,3,16.12,48.36
19293,7467,4,3,47.52,142.56
19294,7468,37,4,59.71,238.84
19295,7468,39,1,32.67,32.67
19296,7469,2,4,82.55,330.2
19297,7469,26,2,17.94,35.88
19298,7469,40,4,18.33,73.32
19299,7470,6,2,23.51,47.02
19300,7470,44,4,69.21,276.84
19301,7470,1,1,12.62,12.62
19302,7470,13,3,47.22,141.66
19303,7470,48,1,95.49,95.49
19304,7471,2,1,91.66,91.66
19305,7471,18,4,77.23,308.92
19306,7472,33,4,43.55,174.2
19307,7472,42,4,68.41,273.64
19308,7473,27,3,21.82,65.46000000000001
19309,7474,21,1,91.81,91.81
19310,7474,37,1,58.45,58.45
19311,7475,25,3,28.05,84.15
19312,7475,8,3,123.32,369.96
19313,7475,21,3,87.22,261.65999999999997
19314,7475,33,1,46.3,46.3
19315,7475,52,2,21.98,43.96
19316,7476,15,4,54.39,217.56
19317,7476,42,4,67.91,271.64
19318,7477,12,2,65.03,130.06
19319,7477,44,2,71.38,142.76
19320,7477,39,3,31.8,95.4
19321,7477,36,1,29.31,29.31
19322,7478,46,1,57.84,57.84
19323,7478,22,2,224.48,448.96
19324,7479,41,1,52.56,52.56
19325,7480,45,3,74.44,223.32
19326,7481,7,3,16.06,48.17999999999999
19327,7481,27,3,22.86,68.58
19328,7481,22,2,225.4,450.8
19329,7481,31,1,182.13,182.13
19330,7481,16,1,373.03,373.03
19331,7482,28,1,62.72,62.72
19332,7482,40,1,19.27,19.27
19333,7483,20,2,14.19,28.38
19334,7483,21,2,84.49,168.98
19335,7484,54,4,23.07,92.28
19336,7484,27,4,23.24,92.96
19337,7484,43,3,86.01,258.03000000000003
19338,7485,45,1,68.73,68.73
19339,7485,48,4,96.16,384.64
19340,7486,34,3,33.67,101.01
19341,7486,54,3,23.7,71.1
19342,7487,30,4,101.24,404.96
19343,7487,24,2,20.1,40.2
19344,7488,1,2,12.33,24.66
19345,7489,54,4,22.24,88.96
19346,7489,2,3,83.02,249.06
19347,7489,44,2,77.73,155.46
19348,7489,7,2,14.48,28.96
19349,7490,22,2,231.6,463.2
19350,7490,26,4,19.16,76.64
19351,7490,31,1,192.13,192.13
19352,7491,18,3,75.15,225.45000000000002
19353,7492,49,1,26.62,26.62
19354,7493,50,3,15.52,46.56
19355,7494,3,3,26.78,80.34
19356,7494,2,2,92.35,184.7
19357,7495,32,2,18.55,37.1
19358,7496,24,3,21.67,65.01
19359,7496,9,3,55.05,165.14999999999998
19360,7496,12,3,63.44,190.32
19361,7497,51,1,39.34,39.34
19362,7498,31,1,197.24,197.24
19363,7498,14,2,37.39,74.78
19364,7498,16,4,388.13,1552.52
19365,7498,15,2,52.58,105.16
19366,7499,40,3,18.69,56.07000000000001
19367,7499,16,1,395.77,395.77
19368,7499,52,4,24.03,96.12
19369,7499,37,4,56.26,225.04
19370,7500,5,4,39.06,156.24
19371,7500,11,3,46.05,138.14999999999998
19372,7500,50,4,15.65,62.6
19373,7500,19,3,18.05,54.150000000000006
19374,7501,17,3,147.71,443.13
19375,7501,32,1,18.28,18.28
19376,7502,38,3,76.73,230.19
19377,7502,32,2,18.56,37.12
19378,7502,25,3,29.2,87.6
19379,7503,12,4,70.04,280.16
19380,7504,43,1,83.68,83.68
19381,7504,33,2,43.07,86.14
19382,7504,51,2,38.8,77.6
19383,7504,45,1,73.56,73.56
19384,7505,38,1,78.63,78.63
19385,7506,49,3,25.78,77.34
19386,7506,51,3,38.21,114.63
19387,7506,27,1,21.72,21.72
19388,7507,13,1,47.89,47.89
19389,7507,52,1,21.44,21.44
19390,7507,54,4,23.7,94.8
19391,7507,18,1,70.35,70.35
19392,7507,16,3,375.53,1126.59
19393,7508,4,3,46.85,140.55
19394,7508,30,4,98.25,393.0
19395,7508,43,4,86.96,347.84
19396,7509,8,4,114.15,456.6
19397,7510,52,3,21.62,64.86
19398,7510,48,2,94.18,188.36
19399,7510,51,2,37.12,74.24
19400,7511,12,3,68.05,204.14999999999998
19401,7511,38,2,75.45,150.9
19402,7511,39,4,34.84,139.36
19403,7512,9,1,55.44,55.44
19404,7512,55,1,29.33,29.33
19405,7512,7,1,14.32,14.32
19406,7513,13,2,49.54,99.08
19407,7513,19,4,17.86,71.44
19408,7514,37,1,56.42,56.42
19409,7514,5,1,39.43,39.43
19410,7514,55,3,31.2,93.6
19411,7515,41,4,46.51,186.04
19412,7516,13,3,46.19,138.57
19413,7517,53,3,45.14,135.42000000000002
19414,7517,5,2,37.05,74.1
19415,7518,55,3,30.13,90.39
19416,7519,24,3,20.96,62.88
19417,7519,44,3,73.86,221.57999999999998
19418,7520,38,3,72.19,216.57
19419,7521,42,4,69.68,278.72
19420,7521,14,3,36.47,109.41
19421,7521,43,1,92.15,92.15
19422,7521,40,4,17.58,70.32
19423,7521,4,1,43.36,43.36
19424,7522,4,3,49.04,147.12
19425,7522,34,4,32.35,129.4
19426,7523,42,1,64.19,64.19
19427,7523,6,2,22.25,44.5
19428,7523,36,4,29.63,118.52
19429,7524,1,3,12.75,38.25
19430,7525,4,1,47.79,47.79
19431,7525,19,4,17.25,69.0
19432,7525,31,1,197.88,197.88
19433,7526,15,3,49.52,148.56
19434,7526,16,3,373.96,1121.8799999999999
19435,7526,6,3,22.91,68.73
19436,7526,45,3,72.48,217.44
19437,7526,9,3,53.36,160.07999999999998
19438,7527,50,3,15.14,45.42
19439,7528,3,1,29.9,29.9
19440,7529,38,3,73.39,220.17000000000002
19441,7529,32,3,17.1,51.300000000000004
19442,7529,34,3,34.82,104.46000000000001
19443,7530,55,1,32.97,32.97
19444,7530,3,4,28.4,113.6
19445,7530,4,2,46.34,92.68
19446,7530,45,2,66.42,132.84
19447,7530,2,1,81.97,81.97
19448,7531,8,1,131.47,131.47
19449,7531,1,2,12.69,25.38
19450,7532,42,4,69.21,276.84
19451,7532,6,2,22.84,45.68
19452,7532,9,4,58.87,235.48
19453,7533,23,3,100.8,302.4
19454,7533,1,1,12.76,12.76
19455,7533,16,4,378.57,1514.28
19456,7534,3,4,28.74,114.96
19457,7534,49,4,24.0,96.0
19458,7534,44,1,72.23,72.23
19459,7534,48,1,92.09,92.09
19460,7535,43,4,84.06,336.24
19461,7536,24,4,19.96,79.84
19462,7537,51,1,36.38,36.38
19463,7537,42,3,63.13,189.39000000000001
19464,7537,46,2,56.65,113.3
19465,7537,38,4,77.92,311.68
19466,7538,52,4,23.94,95.76
19467,7538,31,3,181.99,545.97
19468,7538,14,2,35.43,70.86
19469,7539,40,4,17.77,71.08
19470,7539,42,4,69.8,279.2
19471,7540,10,4,19.67,78.68
19472,7540,23,1,98.81,98.81
19473,7541,10,4,17.79,71.16
19474,7541,24,2,21.67,43.34
19475,7542,24,4,20.87,83.48
19476,7542,31,4,190.3,761.2
19477,7543,5,2,37.16,74.32
19478,7543,51,1,38.02,38.02
19479,7543,31,1,173.09,173.09
19480,7543,11,4,42.17,168.68
19481,7544,44,3,75.5,226.5
19482,7544,55,4,31.95,127.8
19483,7545,46,3,60.22,180.66
19484,7545,40,3,18.29,54.87
19485,7545,9,4,58.47,233.88
19486,7546,7,3,14.44,43.32
19487,7546,20,1,14.87,14.87
19488,7546,14,3,33.42,100.26
19489,7546,38,2,77.29,154.58
19490,7546,45,3,66.48,199.44
19491,7547,50,4,16.09,64.36
19492,7547,14,4,37.27,149.08
19493,7548,52,2,23.48,46.96
19494,7548,53,3,39.93,119.78999999999999
19495,7548,21,1,83.94,83.94
19496,7548,31,4,181.31,725.24
19497,7549,27,2,22.85,45.7
19498,7549,5,2,40.41,80.82
19499,7550,6,1,22.97,22.97
19500,7550,10,1,19.24,19.24
19501,7551,45,3,71.49,214.46999999999997
19502,7551,19,4,17.27,69.08
19503,7551,8,2,114.63,229.26
19504,7552,42,1,64.3,64.3
19505,7553,49,1,27.37,27.37
19506,7554,15,3,56.64,169.92000000000002
19507,7554,33,1,43.65,43.65
19508,7554,31,3,187.44,562.3199999999999
19509,7555,8,4,128.23,512.92
19510,7555,48,4,90.56,362.24
19511,7555,55,3,29.46,88.38
19512,7556,29,2,37.42,74.84
19513,7557,12,1,68.84,68.84
19514,7558,39,1,31.36,31.36
19515,7558,18,2,71.04,142.08
19516,7559,15,2,56.62,113.24
19517,7560,12,1,64.36,64.36
19518,7560,10,4,18.43,73.72
19519,7561,28,1,59.04,59.04
19520,7561,19,2,18.99,37.98
19521,7562,40,3,17.95,53.849999999999994
19522,7562,27,4,22.89,91.56
19523,7562,39,3,33.24,99.72
19524,7563,3,4,30.64,122.56
19525,7563,52,3,21.38,64.14
19526,7563,49,3,27.48,82.44
19527,7563,4,2,42.79,85.58
19528,7563,22,4,236.26,945.04
19529,7564,4,1,46.63,46.63
19530,7565,48,3,99.19,297.57
19531,7565,29,1,34.46,34.46
19532,7565,46,3,54.09,162.27
19533,7566,45,2,74.49,148.98
19534,7566,15,3,50.92,152.76
19535,7567,25,3,26.8,80.4
19536,7567,43,2,94.53,189.06
19537,7568,2,2,91.14,182.28
19538,7568,54,2,20.98,41.96
19539,7569,38,4,75.74,302.96
19540,7569,26,2,17.23,34.46
19541,7569,9,2,52.74,105.48
19542,7569,45,2,70.68,141.36
19543,7570,11,3,40.22,120.66
19544,7570,35,2,15.79,31.58
19545,7570,51,4,40.12,160.48
19546,7571,33,1,47.99,47.99
19547,7571,14,2,33.91,67.82
19548,7571,31,1,175.58,175.58
19549,7572,26,4,17.8,71.2
19550,7572,25,2,29.67,59.34
19551,7572,31,1,192.02,192.02
19552,7573,41,3,46.15,138.45
19553,7574,9,4,55.92,223.68
19554,7575,19,1,17.51,17.51
19555,7575,15,3,53.39,160.17000000000002
19556,7575,49,3,27.07,81.21000000000001
19557,7576,29,3,34.54,103.62
19558,7577,32,4,19.52,78.08
19559,7578,14,3,35.76,107.28
19560,7579,21,4,81.88,327.52
19561,7579,54,2,21.06,42.12
19562,7579,17,3,154.58,463.74
19563,7579,30,2,101.3,202.6
19564,7579,41,4,52.36,209.44
19565,7580,9,3,53.15,159.45
19566,7580,50,3,14.73,44.19
19567,7580,10,3,17.44,52.32000000000001
19568,7581,50,3,14.87,44.61
19569,7581,33,1,45.49,45.49
19570,7582,12,3,67.24,201.71999999999997
19571,7583,30,1,103.32,103.32
19572,7584,13,2,52.73,105.46
19573,7585,8,4,119.12,476.48
19574,7585,46,2,57.5,115.0
19575,7585,19,1,19.49,19.49
19576,7586,6,2,21.19,42.38
19577,7586,23,2,92.38,184.76
19578,7586,36,2,29.88,59.76
19579,7587,5,2,37.61,75.22
19580,7587,7,1,14.97,14.97
19581,7588,17,4,156.74,626.96
19582,7588,15,1,54.85,54.85
19583,7589,13,3,49.94,149.82
19584,7590,25,1,27.63,27.63
19585,7591,4,3,46.27,138.81
19586,7591,13,2,47.92,95.84
19587,7591,38,3,69.15,207.45000000000002
19588,7591,54,3,21.73,65.19
19589,7591,9,4,55.51,222.04
19590,7592,42,1,64.1,64.1
19591,7592,21,1,85.01,85.01
19592,7592,28,3,63.17,189.51
19593,7592,18,1,74.93,74.93
19594,7592,12,3,69.96,209.88
19595,7593,24,1,21.43,21.43
19596,7594,35,3,16.1,48.300000000000004
19597,7594,48,2,94.08,188.16
19598,7595,48,2,98.85,197.7
19599,7596,33,2,48.34,96.68
19600,7596,26,4,17.84,71.36
19601,7597,27,2,23.65,47.3
19602,7597,6,2,24.08,48.16
19603,7598,16,1,417.56,417.56
19604,7598,55,2,32.96,65.92
19605,7598,3,1,28.8,28.8
19606,7599,41,1,48.58,48.58
19607,7599,17,4,147.42,589.68
19608,7600,9,4,53.31,213.24
19609,7600,47,2,49.49,98.98
19610,7600,34,4,33.8,135.2
19611,7600,51,1,39.2,39.2
19612,7600,28,1,61.66,61.66
19613,7601,40,4,18.84,75.36
19614,7601,26,2,17.7,35.4
19615,7602,55,1,30.31,30.31
19616,7602,3,1,27.14,27.14
19617,7602,13,2,48.23,96.46
19618,7603,11,2,41.59,83.18
19619,7603,22,3,218.19,654.5699999999999
19620,7603,47,3,45.52,136.56
19621,7603,1,3,13.07,39.21
19622,7603,4,4,44.17,176.68
19623,7604,28,3,60.72,182.16
19624,7604,33,3,46.13,138.39000000000001
19625,7604,16,4,363.83,1455.32
19626,7604,19,4,17.14,68.56
19627,7605,14,2,35.92,71.84
19628,7605,51,1,40.78,40.78
19629,7606,14,1,35.3,35.3
19630,7606,27,4,23.84,95.36
19631,7607,38,2,73.6,147.2
19632,7607,4,4,44.91,179.64
19633,7607,32,1,18.06,18.06
19634,7608,2,2,85.23,170.46
19635,7608,52,3,22.84,68.52
19636,7609,28,1,68.2,68.2
19637,7610,49,1,25.44,25.44
19638,7610,42,3,70.89,212.67000000000002
19639,7610,41,1,46.2,46.2
19640,7610,24,1,20.79,20.79
19641,7610,36,2,29.09,58.18
19642,7611,8,3,121.49,364.46999999999997
19643,7611,52,4,23.68,94.72
19644,7612,39,2,31.07,62.14
19645,7613,1,1,11.63,11.63
19646,7613,49,2,25.59,51.18
19647,7613,2,1,90.46,90.46
19648,7613,9,4,54.68,218.72
19649,7613,36,3,28.91,86.73
19650,7614,16,1,409.57,409.57
19651,7614,7,4,15.18,60.72
19652,7614,54,4,23.8,95.2
19653,7614,13,2,46.95,93.9
19654,7615,3,1,29.91,29.91
19655,7615,47,3,43.66,130.98
19656,7615,45,2,74.64,149.28
19657,7616,15,4,50.07,200.28
19658,7617,41,2,48.18,96.36
19659,7618,42,3,67.26,201.78000000000003
19660,7619,54,4,24.12,96.48
19661,7620,50,2,16.27,32.54
19662,7620,18,4,70.11,280.44
19663,7620,29,2,33.58,67.16
19664,7621,13,1,47.01,47.01
19665,7621,29,4,36.05,144.2
19666,7622,26,2,18.27,36.54
19667,7622,55,1,32.22,32.22
19668,7622,37,2,55.74,111.48
19669,7622,5,1,40.05,40.05
19670,7622,18,3,77.51,232.53000000000003
19671,7623,48,2,100.01,200.02
19672,7624,20,3,13.5,40.5
19673,7624,53,3,42.07,126.21000000000001
19674,7625,47,2,45.76,91.52
19675,7625,8,1,117.82,117.82
19676,7626,50,2,15.3,30.6
19677,7626,45,1,72.42,72.42
19678,7627,6,4,21.5,86.0
19679,7627,16,4,372.42,1489.68
19680,7627,15,1,51.08,51.08
19681,7627,8,1,117.15,117.15
19682,7628,24,4,19.47,77.88
19683,7629,54,4,23.66,94.64
19684,7630,10,1,18.15,18.15
19685,7631,8,3,117.25,351.75
19686,7631,29,1,37.95,37.95
19687,7632,43,3,89.96,269.88
19688,7632,44,2,78.96,157.92
19689,7633,39,1,32.29,32.29
19690,7633,21,1,84.52,84.52
19691,7633,28,2,63.87,127.74
19692,7633,3,1,29.53,29.53
19693,7634,40,1,17.94,17.94
19694,7634,37,4,52.3,209.2
19695,7634,55,3,28.56,85.67999999999999
19696,7635,28,3,59.89,179.67000000000002
19697,7635,50,1,14.86,14.86
19698,7635,55,4,30.4,121.6
19699,7635,51,3,36.53,109.59
19700,7636,1,1,12.48,12.48
19701,7636,22,4,223.49,893.96
19702,7637,44,1,76.58,76.58
19703,7638,1,2,12.22,24.44
19704,7638,55,3,29.93,89.78999999999999
19705,7638,42,2,64.93,129.86
19706,7639,39,1,33.75,33.75
19707,7639,37,4,55.62,222.48
19708,7639,17,2,143.65,287.3
19709,7640,32,1,19.0,19.0
19710,7641,48,4,104.12,416.48
19711,7641,28,2,60.46,120.92
19712,7641,52,4,21.29,85.16
19713,7642,47,1,45.41,45.41
19714,7643,48,2,98.63,197.26
19715,7643,26,2,19.74,39.48
19716,7644,19,4,17.37,69.48
19717,7644,36,4,27.2,108.8
19718,7645,28,3,63.02,189.06
19719,7645,19,3,17.4,52.199999999999996
19720,7646,7,4,14.78,59.12
19721,7646,14,1,37.76,37.76
19722,7646,19,4,19.2,76.8
19723,7647,41,1,51.78,51.78
19724,7647,23,4,95.05,380.2
19725,7647,8,1,125.11,125.11
19726,7647,28,4,65.8,263.2
19727,7647,24,1,20.5,20.5
19728,7648,15,4,54.35,217.4
19729,7648,49,2,25.25,50.5
19730,7648,45,4,74.52,298.08
19731,7648,55,2,29.96,59.92
19732,7648,17,4,138.09,552.36
19733,7649,18,1,74.1,74.1
19734,7649,48,3,94.61,283.83
19735,7649,26,3,17.26,51.78
19736,7650,24,1,19.09,19.09
19737,7650,35,3,15.19,45.57
19738,7651,33,4,44.65,178.6
19739,7651,32,1,18.65,18.65
19740,7651,52,4,22.77,91.08
19741,7652,27,1,22.95,22.95
19742,7652,25,4,30.29,121.16
19743,7652,9,1,54.82,54.82
19744,7653,7,1,14.75,14.75
19745,7653,54,1,21.67,21.67
19746,7653,30,1,103.84,103.84
19747,7654,10,1,18.61,18.61
19748,7654,54,1,21.29,21.29
19749,7655,25,4,30.17,120.68
19750,7655,13,1,48.25,48.25
19751,7656,52,2,22.66,45.32
19752,7656,27,3,23.41,70.23
19753,7656,11,3,43.99,131.97
19754,7657,7,3,16.39,49.17
19755,7657,31,1,185.59,185.59
19756,7657,2,4,88.31,353.24
19757,7657,37,3,60.47,181.41
19758,7657,17,3,146.75,440.25
19759,7658,55,4,28.67,114.68
19760,7659,12,1,65.28,65.28
19761,7660,37,1,55.0,55.0
19762,7660,21,2,93.13,186.26
19763,7660,2,1,93.22,93.22
19764,7661,39,3,35.0,105.0
19765,7661,21,4,87.25,349.0
19766,7662,1,3,11.84,35.519999999999996
19767,7662,17,4,145.98,583.92
19768,7663,50,1,16.04,16.04
19769,7664,20,1,13.6,13.6
19770,7664,11,2,44.24,88.48
19771,7664,22,1,236.44,236.44
19772,7664,8,4,128.62,514.48
19773,7665,27,1,23.81,23.81
19774,7666,7,4,16.4,65.6
19775,7667,20,2,14.25,28.5
19776,7668,10,2,17.69,35.38
19777,7669,37,2,55.08,110.16
19778,7669,1,1,12.28,12.28
19779,7669,30,2,103.3,206.6
19780,7669,35,1,16.32,16.32
19781,7669,16,2,384.85,769.7
19782,7670,29,2,36.64,73.28
19783,7670,32,4,17.53,70.12
19784,7671,1,4,12.81,51.24
19785,7671,42,3,68.53,205.59
19786,7671,14,1,36.97,36.97
19787,7672,42,1,71.12,71.12
19788,7673,31,4,172.19,688.76
19789,7673,1,3,12.94,38.82
19790,7673,11,4,42.57,170.28
19791,7674,14,1,36.75,36.75
19792,7674,16,2,361.22,722.44
19793,7675,23,3,91.6,274.79999999999995
19794,7675,25,1,28.7,28.7
19795,7676,15,2,50.23,100.46
19796,7676,46,1,56.93,56.93
19797,7677,44,2,72.2,144.4
19798,7677,4,1,45.56,45.56
19799,7677,42,1,71.01,71.01
19800,7677,48,2,92.91,185.82
19801,7678,8,1,124.77,124.77
19802,7678,19,4,17.86,71.44
19803,7678,34,1,32.61,32.61
19804,7678,26,4,18.03,72.12
19805,7678,1,2,13.2,26.4
19806,7679,48,3,93.13,279.39
19807,7679,39,4,31.11,124.44
19808,7679,42,1,63.77,63.77
19809,7679,37,2,54.03,108.06
19810,7680,45,2,72.52,145.04
19811,7680,33,4,46.38,185.52
19812,7680,23,4,97.47,389.88
19813,7681,15,4,51.35,205.4
19814,7681,11,4,43.18,172.72
19815,7681,54,1,21.51,21.51
19816,7681,1,1,12.3,12.3
19817,7681,14,4,38.26,153.04
19818,7682,39,4,30.81,123.24
19819,7682,46,2,58.42,116.84
19820,7682,1,4,12.57,50.28
19821,7682,41,2,48.08,96.16
19822,7683,32,1,19.15,19.15
19823,7683,29,1,35.68,35.68
19824,7684,14,1,36.37,36.37
19825,7685,35,1,15.7,15.7
19826,7685,49,2,26.22,52.44
19827,7685,26,3,19.42,58.260000000000005
19828,7685,25,1,27.01,27.01
19829,7686,21,4,91.56,366.24
19830,7686,37,3,52.97,158.91
19831,7686,11,4,44.91,179.64
19832,7686,7,4,14.98,59.92
19833,7687,37,4,55.97,223.88
19834,7688,17,2,150.41,300.82
19835,7688,54,2,23.87,47.74
19836,7689,54,1,21.41,21.41
19837,7689,9,4,57.77,231.08
19838,7689,2,2,83.38,166.76
19839,7690,47,1,45.59,45.59
19840,7690,54,1,22.19,22.19
19841,7690,45,4,71.92,287.68
19842,7691,47,1,44.34,44.34
19843,7692,13,3,49.83,149.49
19844,7692,30,1,102.76,102.76
19845,7692,39,4,32.48,129.92
19846,7692,28,2,67.21,134.42
19847,7693,48,1,101.1,101.1
19848,7693,9,2,56.75,113.5
19849,7693,5,4,41.55,166.2
19850,7693,31,4,196.11,784.44
19851,7694,28,4,62.18,248.72
19852,7694,52,3,21.44,64.32000000000001
19853,7694,5,3,39.56,118.68
19854,7695,49,3,26.12,78.36
19855,7695,41,3,48.35,145.05
19856,7696,7,3,15.02,45.06
19857,7697,48,2,91.15,182.3
19858,7698,46,4,59.71,238.84
19859,7698,42,1,65.46,65.46
19860,7699,2,3,86.23,258.69
19861,7700,13,2,49.75,99.5
19862,7700,43,4,87.14,348.56
19863,7700,55,4,28.54,114.16
19864,7700,49,3,26.56,79.67999999999999
19865,7700,9,4,52.65,210.6
19866,7701,31,1,196.44,196.44
19867,7702,54,4,21.89,87.56
19868,7703,49,2,25.81,51.62
19869,7703,1,2,12.84,25.68
19870,7703,12,1,62.24,62.24
19871,7703,52,1,22.04,22.04
19872,7703,27,3,22.71,68.13
19873,7704,3,2,29.83,59.66
19874,7704,32,2,19.78,39.56
19875,7704,29,1,36.85,36.85
19876,7705,34,4,31.72,126.88
19877,7705,17,3,155.06,465.18
19878,7706,32,2,19.26,38.52
19879,7706,31,1,194.76,194.76
19880,7707,43,4,95.39,381.56
19881,7707,7,2,15.73,31.46
19882,7707,5,1,39.25,39.25
19883,7708,48,3,97.7,293.1
19884,7708,1,1,12.25,12.25
19885,7709,8,2,117.94,235.88
19886,7710,41,4,50.35,201.4
19887,7710,29,1,37.46,37.46
19888,7711,55,3,30.8,92.4
19889,7711,21,3,90.97,272.90999999999997
19890,7711,5,3,38.69,116.07
19891,7712,7,2,16.32,32.64
19892,7712,43,4,94.44,377.76
19893,7712,4,3,43.13,129.39000000000001
19894,7712,41,4,51.82,207.28
19895,7713,8,4,123.9,495.6
19896,7713,37,1,55.19,55.19
19897,7713,16,4,409.84,1639.36
19898,7713,24,2,19.11,38.22
19899,7713,42,2,66.35,132.7
19900,7714,11,4,43.78,175.12
19901,7714,16,2,405.87,811.74
19902,7714,30,3,92.75,278.25
19903,7715,7,1,14.82,14.82
19904,7715,42,4,62.9,251.6
19905,7715,52,4,21.7,86.8
19906,7715,54,1,22.4,22.4
19907,7715,47,4,44.68,178.72
19908,7716,17,1,148.58,148.58
19909,7716,32,2,19.03,38.06
19910,7716,10,2,19.02,38.04
19911,7716,8,4,127.87,511.48
19912,7717,3,1,29.77,29.77
19913,7717,16,1,406.85,406.85
19914,7717,51,2,39.07,78.14
19915,7718,14,1,33.62,33.62
19916,7718,22,1,240.51,240.51
19917,7718,34,1,33.06,33.06
19918,7718,43,4,88.61,354.44
19919,7719,35,1,14.38,14.38
19920,7720,32,3,19.45,58.349999999999994
19921,7721,27,3,21.48,64.44
19922,7721,2,1,82.55,82.55
19923,7722,53,4,42.62,170.48
19924,7723,11,1,41.95,41.95
19925,7723,42,2,64.17,128.34
19926,7724,7,1,14.67,14.67
19927,7725,2,3,90.54,271.62
19928,7725,45,1,67.14,67.14
19929,7725,6,3,23.64,70.92
19930,7725,47,4,45.47,181.88
19931,7726,23,4,90.87,363.48
19932,7726,32,4,18.83,75.32
19933,7726,14,2,34.56,69.12
19934,7726,30,1,100.44,100.44
19935,7727,37,1,60.17,60.17
19936,7727,12,1,67.97,67.97
19937,7727,41,3,47.14,141.42000000000002
19938,7728,20,2,13.53,27.06
19939,7729,54,2,23.57,47.14
19940,7729,22,3,228.66,685.98
19941,7729,11,4,41.84,167.36
19942,7730,14,2,33.28,66.56
19943,7731,48,4,90.68,362.72
19944,7731,21,2,83.43,166.86
19945,7731,46,3,57.96,173.88
19946,7732,40,4,18.67,74.68
19947,7732,37,3,52.39,157.17000000000002
19948,7732,21,1,91.25,91.25
19949,7733,22,3,238.4,715.2
19950,7733,55,3,31.98,95.94
19951,7733,9,1,54.06,54.06
19952,7734,38,4,69.0,276.0
19953,7735,10,3,18.63,55.89
19954,7735,28,3,64.2,192.60000000000002
19955,7735,31,1,193.36,193.36
19956,7735,39,3,33.12,99.35999999999999
19957,7735,25,1,30.64,30.64
19958,7736,45,3,69.75,209.25
19959,7736,4,2,47.29,94.58
19960,7737,54,3,23.81,71.42999999999999
19961,7737,2,3,84.0,252.0
19962,7737,24,1,20.65,20.65
19963,7738,10,4,19.54,78.16
19964,7738,20,3,14.98,44.94
19965,7739,12,3,69.81,209.43
19966,7740,6,2,21.73,43.46
19967,7741,4,2,48.05,96.1
19968,7741,51,3,40.25,120.75
19969,7741,38,3,78.87,236.61
19970,7741,50,2,14.49,28.98
19971,7742,13,4,48.25,193.0
19972,7742,54,1,22.54,22.54
19973,7743,4,4,47.79,191.16
19974,7743,34,1,32.53,32.53
19975,7744,47,3,44.46,133.38
19976,7744,27,1,23.13,23.13
19977,7745,14,2,34.49,68.98
19978,7746,46,1,60.0,60.0
19979,7747,41,4,46.55,186.2
19980,7748,40,1,18.56,18.56
19981,7748,8,3,127.41,382.23
19982,7748,13,1,48.45,48.45
19983,7749,36,2,28.11,56.22
19984,7749,21,2,84.58,169.16
19985,7749,41,3,49.97,149.91
19986,7749,50,4,15.95,63.8
19987,7750,19,4,19.42,77.68
19988,7750,48,3,91.65,274.95000000000005
19989,7750,51,4,37.2,148.8
19990,7751,55,2,29.03,58.06
19991,7751,27,3,23.42,70.26
19992,7751,21,2,80.86,161.72
19993,7751,2,1,90.45,90.45
19994,7752,46,1,53.46,53.46
19995,7752,41,4,52.24,208.96
19996,7752,40,1,17.85,17.85
19997,7753,47,1,44.02,44.02
19998,7753,21,1,88.89,88.89
19999,7753,39,1,32.03,32.03
20000,7754,5,4,40.69,162.76
20001,7754,11,3,44.17,132.51
20002,7755,52,2,23.07,46.14
20003,7756,5,4,41.04,164.16
20004,7756,23,3,104.28,312.84000000000003
20005,7756,26,2,17.21,34.42
20006,7757,1,2,12.63,25.26
20007,7757,22,2,218.33,436.66
20008,7758,7,4,16.42,65.68
20009,7759,34,2,30.5,61.0
20010,7759,28,3,60.68,182.04
20011,7759,20,2,13.4,26.8
20012,7759,43,4,89.04,356.16
20013,7759,36,3,30.3,90.9
20014,7760,55,2,32.92,65.84
20015,7760,49,2,26.08,52.16
20016,7760,48,4,93.87,375.48
20017,7760,37,3,58.95,176.85000000000002
20018,7761,21,1,83.21,83.21
20019,7761,17,1,153.83,153.83
20020,7761,48,4,102.09,408.36
20021,7762,28,3,67.54,202.62
20022,7763,21,3,91.04,273.12
20023,7763,37,3,57.71,173.13
20024,7764,23,1,102.45,102.45
20025,7764,48,4,94.76,379.04
20026,7765,31,3,174.87,524.61
20027,7765,52,1,23.81,23.81
20028,7766,30,1,96.54,96.54
20029,7766,5,4,36.73,146.92
20030,7766,32,3,17.65,52.949999999999996
20031,7767,20,2,13.38,26.76
20032,7768,45,1,71.07,71.07
20033,7768,11,2,44.96,89.92
20034,7768,32,3,17.5,52.5
20035,7768,18,4,75.28,301.12
20036,7769,10,1,18.07,18.07
20037,7769,50,3,15.54,46.62
20038,7770,40,2,18.02,36.04
20039,7770,1,1,12.24,12.24
20040,7770,9,2,58.39,116.78
20041,7770,6,1,22.6,22.6
20042,7770,16,4,376.62,1506.48
20043,7771,13,3,46.38,139.14000000000001
20044,7771,10,4,18.89,75.56
20045,7771,45,1,67.23,67.23
20046,7772,23,1,91.59,91.59
20047,7773,17,2,142.3,284.6
20048,7773,20,4,13.42,53.68
20049,7773,41,4,47.08,188.32
20050,7774,11,4,45.69,182.76
20051,7775,50,4,15.57,62.28
20052,7776,12,3,62.87,188.60999999999999
20053,7776,49,1,26.37,26.37
20054,7777,19,2,17.66,35.32
20055,7777,17,2,150.51,301.02
20056,7777,48,1,102.4,102.4
20057,7777,28,3,64.88,194.64
20058,7778,27,4,24.1,96.4
20059,7778,34,1,33.34,33.34
20060,7779,10,1,17.24,17.24
20061,7779,25,1,27.75,27.75
20062,7779,22,4,216.85,867.4
20063,7779,33,2,42.76,85.52
20064,7779,41,4,46.51,186.04
20065,7780,32,2,19.35,38.7
20066,7781,2,3,89.49,268.46999999999997
20067,7782,52,1,21.28,21.28
20068,7782,9,2,53.43,106.86
20069,7782,54,4,21.92,87.68
20070,7783,15,3,57.16,171.48
20071,7784,38,3,70.76,212.28000000000003
20072,7784,10,4,18.93,75.72
20073,7784,52,4,23.29,93.16
20074,7784,49,1,26.2,26.2
20075,7784,48,1,95.02,95.02
20076,7785,48,3,97.32,291.96
20077,7785,6,2,21.8,43.6
20078,7785,11,1,44.54,44.54
20079,7785,39,3,32.58,97.74
20080,7786,51,4,41.62,166.48
20081,7786,8,4,122.3,489.2
20082,7787,5,1,36.44,36.44
20083,7787,27,2,22.71,45.42
20084,7788,19,4,19.43,77.72
20085,7788,35,4,14.43,57.72
20086,7789,24,2,21.32,42.64
20087,7789,15,2,55.16,110.32
20088,7789,4,3,44.31,132.93
20089,7789,12,3,65.12,195.36
20090,7789,40,2,19.62,39.24
20091,7790,29,3,35.39,106.17
20092,7790,24,1,20.19,20.19
20093,7790,27,3,23.49,70.47
20094,7790,16,2,409.15,818.3
20095,7790,32,4,19.37,77.48
20096,7791,15,4,50.82,203.28
20097,7791,25,3,29.33,87.99
20098,7791,55,2,30.23,60.46
20099,7791,28,4,61.21,244.84
20100,7791,26,1,17.32,17.32
20101,7792,8,4,115.25,461.0
20102,7792,7,2,14.57,29.14
20103,7793,7,1,14.52,14.52
20104,7793,25,1,26.8,26.8
20105,7793,50,4,16.49,65.96
20106,7793,2,3,86.37,259.11
20107,7793,20,4,14.45,57.8
20108,7794,41,2,47.66,95.32
20109,7794,25,3,26.62,79.86
20110,7794,35,1,15.22,15.22
20111,7795,35,4,15.61,62.44
20112,7795,6,1,21.79,21.79
20113,7796,22,1,220.1,220.1
20114,7796,11,4,43.9,175.6
20115,7797,11,1,44.95,44.95
20116,7797,37,2,52.39,104.78
20117,7797,43,4,90.05,360.2
20118,7798,10,2,19.62,39.24
20119,7798,36,2,28.81,57.62
20120,7798,35,3,16.37,49.11
20121,7798,49,3,25.28,75.84
20122,7799,55,2,29.77,59.54
20123,7799,29,2,34.78,69.56
20124,7799,37,2,56.94,113.88
20125,7800,38,1,75.35,75.35
20126,7800,20,4,15.3,61.2
20127,7801,39,1,30.92,30.92
20128,7802,20,4,15.14,60.56
20129,7802,53,4,44.11,176.44
20130,7803,30,3,94.36,283.08
20131,7803,23,4,96.13,384.52
20132,7803,46,2,58.56,117.12
20133,7804,53,3,40.03,120.09
20134,7804,38,1,72.39,72.39
20135,7804,52,1,22.27,22.27
20136,7805,31,2,194.86,389.72
20137,7805,32,1,18.71,18.71
20138,7805,20,3,13.53,40.589999999999996
20139,7806,55,4,30.13,120.52
20140,7806,41,2,46.58,93.16
20141,7806,42,1,62.21,62.21
20142,7806,4,4,47.08,188.32
20143,7807,13,2,49.13,98.26
20144,7807,28,2,63.48,126.96
20145,7807,34,4,31.01,124.04
20146,7807,18,4,72.31,289.24
20147,7807,15,4,51.19,204.76
20148,7808,27,4,23.47,93.88
20149,7808,17,3,147.54,442.62
20150,7808,31,3,196.91,590.73
20151,7809,54,4,21.77,87.08
20152,7809,6,3,23.17,69.51
20153,7809,51,2,37.74,75.48
20154,7810,40,2,19.38,38.76
20155,7810,17,2,138.71,277.42
20156,7810,23,4,97.43,389.72
20157,7810,25,4,27.94,111.76
20158,7810,35,2,15.99,31.98
20159,7811,3,2,29.3,58.6
20160,7811,36,2,29.7,59.4
20161,7811,27,4,22.72,90.88
20162,7811,50,2,15.6,31.2
20163,7812,42,1,66.28,66.28
20164,7813,33,3,46.92,140.76
20165,7813,37,1,59.73,59.73
20166,7813,26,4,18.62,74.48
20167,7813,41,3,48.63,145.89000000000001
20168,7814,2,4,86.51,346.04
20169,7814,16,4,375.02,1500.08
20170,7814,45,1,73.34,73.34
20171,7814,37,3,55.71,167.13
20172,7814,17,2,147.28,294.56
20173,7815,45,4,73.98,295.92
20174,7815,26,3,18.91,56.730000000000004
20175,7815,43,1,89.05,89.05
20176,7815,55,4,29.13,116.52
20177,7815,10,3,17.79,53.37
20178,7816,21,2,92.56,185.12
20179,7816,37,3,55.98,167.94
20180,7816,44,4,70.41,281.64
20181,7817,6,2,22.69,45.38
20182,7818,16,3,376.41,1129.23
20183,7818,29,4,37.0,148.0
20184,7818,1,3,11.85,35.55
20185,7819,49,3,25.52,76.56
20186,7820,27,3,24.14,72.42
20187,7820,38,2,70.33,140.66
20188,7820,1,4,11.56,46.24
20189,7821,33,3,45.99,137.97
20190,7822,2,3,83.12,249.36
20191,7822,16,2,383.44,766.88
20192,7823,41,4,48.21,192.84
20193,7823,37,2,59.57,119.14
20194,7823,13,1,47.26,47.26
20195,7824,10,1,18.21,18.21
20196,7824,43,3,86.67,260.01
20197,7824,38,3,74.37,223.11
20198,7825,18,4,70.92,283.68
20199,7825,44,1,73.58,73.58
20200,7826,34,4,31.22,124.88
20201,7827,14,4,37.17,148.68
20202,7827,42,2,67.38,134.76
20203,7828,33,3,49.21,147.63
20204,7828,1,3,11.63,34.89
20205,7829,36,2,28.29,56.58
20206,7829,3,4,29.21,116.84
20207,7829,12,2,69.72,139.44
20208,7830,44,3,76.51,229.53000000000003
20209,7830,52,3,23.33,69.99
20210,7830,48,2,101.43,202.86
20211,7831,37,3,55.32,165.96
20212,7831,8,4,128.12,512.48
20213,7832,26,4,18.89,75.56
20214,7833,15,2,52.06,104.12
20215,7833,23,4,100.17,400.68
20216,7833,28,3,66.46,199.38
20217,7834,39,4,30.98,123.92
20218,7834,52,2,22.53,45.06
20219,7834,23,1,92.09,92.09
20220,7835,45,1,74.77,74.77
20221,7836,48,2,95.85,191.7
20222,7837,44,1,75.27,75.27
20223,7838,50,4,15.65,62.6
20224,7838,22,4,232.03,928.12
20225,7839,16,4,372.26,1489.04
20226,7839,23,3,98.12,294.36
20227,7839,49,3,26.36,79.08
20228,7840,3,1,30.1,30.1
20229,7841,1,4,12.55,50.2
20230,7841,24,3,21.1,63.300000000000004
20231,7841,54,3,21.33,63.989999999999995
20232,7841,11,4,42.81,171.24
20233,7841,23,3,90.62,271.86
20234,7842,47,4,45.4,181.6
20235,7842,25,4,29.85,119.4
20236,7843,52,1,21.59,21.59
20237,7843,13,2,51.03,102.06
20238,7843,21,2,85.27,170.54
20239,7843,24,1,19.33,19.33
20240,7844,39,3,31.63,94.89
20241,7844,36,2,27.63,55.26
20242,7844,41,2,47.88,95.76
20243,7844,29,1,33.95,33.95
20244,7845,21,1,85.58,85.58
20245,7845,17,1,156.57,156.57
20246,7845,39,4,35.09,140.36
20247,7846,25,3,27.92,83.76
20248,7846,17,3,157.35,472.04999999999995
20249,7846,36,3,29.65,88.94999999999999
20250,7847,14,4,34.42,137.68
20251,7847,36,4,30.75,123.0
20252,7847,24,4,19.15,76.6
20253,7848,33,1,44.85,44.85
20254,7848,52,2,23.43,46.86
20255,7849,45,2,65.55,131.1
20256,7849,7,4,14.72,58.88
20257,7849,50,1,14.99,14.99
20258,7850,7,2,14.31,28.62
20259,7850,39,2,30.46,60.92
20260,7851,13,1,47.49,47.49
20261,7851,11,3,45.43,136.29
20262,7851,31,4,184.97,739.88
20263,7852,55,3,29.5,88.5
20264,7852,27,3,21.73,65.19
20265,7853,27,4,22.33,89.32
20266,7853,52,1,21.6,21.6
20267,7853,51,3,41.17,123.51
20268,7853,18,2,71.53,143.06
20269,7854,12,4,66.58,266.32
20270,7855,50,1,15.64,15.64
20271,7855,52,3,23.08,69.24
20272,7855,40,1,17.37,17.37
20273,7856,52,1,22.91,22.91
20274,7856,40,4,18.73,74.92
20275,7856,21,1,90.8,90.8
20276,7857,33,1,44.6,44.6
20277,7858,39,3,34.26,102.78
20278,7858,28,2,65.87,131.74
20279,7858,12,3,65.17,195.51
20280,7859,1,3,12.89,38.67
20281,7860,52,3,21.75,65.25
20282,7860,23,2,94.66,189.32
20283,7860,39,2,34.95,69.9
20284,7861,53,2,42.25,84.5
20285,7862,34,1,33.24,33.24
20286,7862,39,1,34.73,34.73
20287,7862,52,1,22.15,22.15
20288,7863,27,3,21.47,64.41
20289,7864,28,3,63.99,191.97
20290,7865,53,2,45.77,91.54
20291,7866,52,1,22.03,22.03
20292,7867,30,1,102.81,102.81
20293,7867,40,1,17.53,17.53
20294,7867,24,2,19.88,39.76
20295,7867,54,2,23.03,46.06
20296,7867,21,1,93.23,93.23
20297,7868,19,1,18.53,18.53
20298,7868,28,1,65.35,65.35
20299,7869,25,2,27.14,54.28
20300,7870,3,4,26.98,107.92
20301,7870,23,2,95.77,191.54
20302,7870,9,3,54.39,163.17000000000002
20303,7870,54,4,23.21,92.84
20304,7870,21,3,88.26,264.78000000000003
20305,7871,51,4,40.35,161.4
20306,7871,21,2,92.65,185.3
20307,7872,6,3,22.84,68.52
20308,7872,35,2,15.98,31.96
20309,7873,23,4,102.42,409.68
20310,7873,11,3,41.46,124.38
20311,7873,31,4,189.1,756.4
20312,7874,29,1,37.33,37.33
20313,7874,39,1,34.85,34.85
20314,7874,36,1,29.35,29.35
20315,7874,47,2,48.33,96.66
20316,7874,3,2,27.48,54.96
20317,7875,24,2,19.24,38.48
20318,7876,26,2,18.55,37.1
20319,7876,27,1,23.85,23.85
20320,7876,35,3,15.73,47.19
20321,7877,1,3,12.72,38.160000000000004
20322,7877,31,1,184.22,184.22
20323,7877,55,1,30.54,30.54
20324,7877,26,1,18.84,18.84
20325,7878,32,1,18.33,18.33
20326,7879,13,3,50.07,150.21
20327,7879,25,1,29.57,29.57
20328,7880,25,1,28.07,28.07
20329,7880,19,1,17.2,17.2
20330,7880,9,2,54.35,108.7
20331,7880,17,1,146.98,146.98
20332,7881,40,2,18.56,37.12
20333,7881,13,4,51.51,206.04
20334,7881,17,2,150.37,300.74
20335,7882,26,4,19.33,77.32
20336,7882,35,3,15.66,46.980000000000004
20337,7882,28,1,66.19,66.19
20338,7883,48,2,96.25,192.5
20339,7883,42,1,71.49,71.49
20340,7883,38,1,77.34,77.34
20341,7884,21,1,83.79,83.79
20342,7884,27,2,21.81,43.62
20343,7884,4,4,44.33,177.32
20344,7884,10,2,18.28,36.56
20345,7884,47,3,44.29,132.87
20346,7885,50,4,15.32,61.28
20347,7885,24,1,19.91,19.91
20348,7885,25,1,28.59,28.59
20349,7886,38,2,70.99,141.98
20350,7886,43,1,92.29,92.29
20351,7886,1,3,12.39,37.17
20352,7886,19,3,17.49,52.47
20353,7886,2,1,93.29,93.29
20354,7887,26,1,19.14,19.14
20355,7887,55,4,29.49,117.96
20356,7887,38,3,77.68,233.04000000000002
20357,7887,48,2,101.41,202.82
20358,7887,49,2,23.87,47.74
20359,7888,26,2,19.14,38.28
20360,7888,37,1,56.81,56.81
20361,7889,11,4,40.99,163.96
20362,7890,6,3,23.4,70.19999999999999
20363,7890,54,4,22.85,91.4
20364,7890,3,4,29.99,119.96
20365,7891,4,3,48.27,144.81
20366,7891,27,4,23.98,95.92
20367,7891,52,4,22.35,89.4
20368,7891,25,3,27.54,82.62
20369,7892,17,4,147.77,591.08
20370,7892,29,3,33.94,101.82
20371,7892,8,4,125.6,502.4
20372,7893,3,3,28.3,84.9
20373,7893,50,4,16.4,65.6
20374,7893,45,2,67.57,135.14
20375,7894,53,1,44.6,44.6
20376,7895,7,2,15.55,31.1
20377,7895,1,3,12.28,36.839999999999996
20378,7895,34,4,32.46,129.84
20379,7895,4,3,47.86,143.57999999999998
20380,7895,40,4,19.42,77.68
20381,7896,6,2,23.15,46.3
20382,7897,38,3,72.92,218.76
20383,7897,23,4,97.64,390.56
20384,7898,51,2,36.59,73.18
20385,7898,4,2,45.88,91.76
20386,7898,55,3,32.23,96.69
20387,7899,45,3,71.15,213.45000000000002
20388,7899,8,4,115.43,461.72
20389,7899,53,4,43.89,175.56
20390,7899,38,4,77.09,308.36
20391,7900,29,2,33.4,66.8
20392,7900,9,1,54.73,54.73
20393,7900,23,4,103.5,414.0
20394,7900,8,3,121.94,365.82
20395,7901,18,1,77.44,77.44
20396,7902,30,4,95.01,380.04
20397,7903,9,1,60.07,60.07
20398,7904,11,2,43.14,86.28
20399,7905,40,1,19.12,19.12
20400,7906,21,1,90.34,90.34
20401,7906,36,3,28.44,85.32000000000001
20402,7906,18,4,73.96,295.84
20403,7906,3,3,29.85,89.55000000000001
20404,7906,13,4,48.53,194.12
20405,7907,1,3,11.46,34.38
20406,7907,50,4,15.23,60.92
20407,7908,23,3,100.44,301.32
20408,7908,3,2,27.03,54.06
20409,7908,52,4,22.55,90.2
20410,7909,5,3,39.0,117.0
20411,7910,18,4,77.04,308.16
20412,7911,40,3,18.23,54.69
20413,7911,52,3,22.39,67.17
20414,7911,23,3,100.56,301.68
20415,7912,26,1,17.74,17.74
20416,7913,27,4,23.59,94.36
20417,7913,21,2,81.18,162.36
20418,7913,5,2,36.52,73.04
20419,7913,34,4,35.2,140.8
20420,7914,26,2,18.23,36.46
20421,7914,34,2,35.11,70.22
20422,7914,6,1,21.79,21.79
20423,7915,12,2,65.0,130.0
20424,7915,29,2,35.52,71.04
20425,7915,30,2,98.58,197.16
20426,7916,14,3,34.91,104.72999999999999
20427,7916,25,4,27.93,111.72
20428,7916,32,1,19.34,19.34
20429,7917,14,1,35.06,35.06
20430,7917,43,4,95.24,380.96
20431,7917,24,1,19.44,19.44
20432,7917,25,4,27.57,110.28
20433,7918,26,2,18.6,37.2
20434,7919,5,3,39.7,119.10000000000001
20435,7919,23,1,95.33,95.33
20436,7920,11,3,45.46,136.38
20437,7921,50,1,14.76,14.76
20438,7921,13,2,45.63,91.26
20439,7921,21,4,91.18,364.72
20440,7922,13,1,48.17,48.17
20441,7922,35,1,15.21,15.21
20442,7922,22,4,233.71,934.84
20443,7923,47,1,45.82,45.82
20444,7923,17,4,152.12,608.48
20445,7923,10,3,18.47,55.41
20446,7924,50,4,15.14,60.56
20447,7924,12,4,65.64,262.56
20448,7924,20,3,14.08,42.24
20449,7925,31,4,178.72,714.88
20450,7925,9,2,57.05,114.1
20451,7925,13,3,52.34,157.02
20452,7925,34,2,32.6,65.2
20453,7925,54,1,23.43,23.43
20454,7926,53,3,44.13,132.39000000000001
20455,7927,12,1,62.68,62.68
20456,7927,2,4,81.18,324.72
20457,7928,38,4,72.83,291.32
20458,7928,17,1,154.21,154.21
20459,7928,51,1,41.09,41.09
20460,7928,35,2,14.77,29.54
20461,7929,8,2,118.86,237.72
20462,7929,28,1,65.04,65.04
20463,7930,30,4,104.21,416.84
20464,7930,10,2,19.57,39.14
20465,7930,19,1,18.61,18.61
20466,7930,29,2,37.82,75.64
20467,7930,32,2,17.37,34.74
20468,7931,1,2,13.11,26.22
20469,7931,2,1,83.72,83.72
20470,7932,25,2,27.43,54.86
20471,7932,5,4,39.83,159.32
20472,7932,35,4,16.23,64.92
20473,7932,1,4,12.75,51.0
20474,7933,9,3,59.93,179.79
20475,7933,22,3,215.58,646.74
20476,7933,36,3,30.03,90.09
20477,7934,22,4,241.33,965.32
20478,7934,42,2,61.84,123.68
20479,7934,10,1,19.35,19.35
20480,7935,30,3,99.19,297.57
20481,7935,32,3,18.53,55.59
20482,7935,28,1,66.18,66.18
20483,7936,27,4,23.72,94.88
20484,7937,19,1,17.28,17.28
20485,7937,8,4,127.27,509.08
20486,7937,49,1,24.89,24.89
20487,7938,53,3,42.48,127.44
20488,7938,3,4,29.59,118.36
20489,7939,47,3,47.71,143.13
20490,7939,5,2,37.78,75.56
20491,7939,46,1,53.52,53.52
20492,7939,36,4,30.06,120.24
20493,7939,18,1,74.22,74.22
20494,7940,32,3,19.39,58.17
20495,7940,11,2,41.3,82.6
20496,7940,19,2,17.28,34.56
20497,7940,8,3,123.92,371.76
20498,7941,37,1,53.17,53.17
20499,7941,11,4,44.62,178.48
20500,7941,26,4,17.99,71.96
20501,7942,36,2,29.68,59.36
20502,7943,12,4,69.93,279.72
20503,7943,27,3,23.58,70.74
20504,7943,21,2,81.06,162.12
20505,7944,12,4,70.26,281.04
20506,7944,5,1,40.44,40.44
20507,7945,9,1,59.77,59.77
20508,7945,40,1,17.26,17.26
20509,7946,18,4,74.46,297.84
20510,7946,19,4,18.77,75.08
20511,7946,28,1,64.96,64.96
20512,7947,40,1,17.41,17.41
20513,7948,34,4,33.94,135.76
20514,7949,42,1,69.4,69.4
20515,7950,9,2,57.07,114.14
20516,7950,43,1,86.88,86.88
20517,7951,25,3,29.84,89.52
20518,7951,1,4,11.87,47.48
20519,7951,44,4,78.2,312.8
20520,7952,48,2,102.38,204.76
20521,7953,42,2,61.95,123.9
20522,7953,7,3,14.35,43.05
20523,7953,25,4,30.45,121.8
20524,7953,47,1,43.83,43.83
20525,7953,2,4,84.91,339.64
20526,7954,6,3,22.65,67.94999999999999
20527,7954,50,2,16.26,32.52
20528,7955,47,3,47.44,142.32
20529,7956,32,4,17.64,70.56
20530,7956,12,2,66.56,133.12
20531,7956,10,2,18.42,36.84
20532,7956,19,2,18.19,36.38
20533,7957,42,4,68.4,273.6
20534,7957,22,2,213.86,427.72
20535,7957,5,4,38.32,153.28
20536,7958,18,4,68.8,275.2
20537,7958,27,2,22.57,45.14
20538,7958,8,3,131.38,394.14
20539,7958,32,2,19.37,38.74
20540,7959,41,2,50.07,100.14
20541,7960,51,1,39.72,39.72
20542,7960,35,3,15.66,46.980000000000004
20543,7961,32,1,18.67,18.67
20544,7961,19,1,17.63,17.63
20545,7962,17,2,143.75,287.5
20546,7962,40,1,19.56,19.56
20547,7963,19,2,19.14,38.28
20548,7963,30,2,97.96,195.92
20549,7964,43,4,88.0,352.0
20550,7964,1,3,11.57,34.71
20551,7964,37,2,56.75,113.5
20552,7965,17,1,154.75,154.75
20553,7965,13,1,51.75,51.75
20554,7966,23,1,92.71,92.71
20555,7966,51,3,37.25,111.75
20556,7966,16,2,372.74,745.48
20557,7967,54,1,22.63,22.63
20558,7967,33,3,48.05,144.14999999999998
20559,7967,37,1,59.26,59.26
20560,7967,28,4,66.24,264.96
20561,7968,36,1,30.24,30.24
20562,7968,47,3,49.17,147.51
20563,7969,14,4,37.47,149.88
20564,7969,17,2,147.56,295.12
20565,7969,18,2,73.77,147.54
20566,7969,41,3,48.07,144.21
20567,7970,47,2,47.76,95.52
20568,7970,25,1,28.27,28.27
20569,7970,41,3,47.86,143.57999999999998
20570,7971,12,4,64.13,256.52
20571,7971,41,3,51.66,154.98
20572,7971,32,1,19.32,19.32
20573,7972,41,3,51.56,154.68
20574,7972,28,3,61.69,185.07
20575,7972,18,2,70.56,141.12
20576,7973,13,3,49.12,147.35999999999999
20577,7973,2,2,87.56,175.12
20578,7973,32,3,19.55,58.650000000000006
20579,7974,31,1,195.14,195.14
20580,7974,41,2,47.69,95.38
20581,7974,35,1,14.62,14.62
20582,7974,29,3,37.81,113.43
20583,7974,3,1,29.37,29.37
20584,7975,44,4,74.63,298.52
20585,7975,22,3,209.23,627.6899999999999
20586,7976,17,1,151.3,151.3
20587,7976,12,4,68.5,274.0
20588,7976,9,1,58.54,58.54
20589,7977,34,2,32.46,64.92
20590,7977,17,2,152.14,304.28
20591,7977,46,1,57.7,57.7
20592,7977,32,3,17.14,51.42
20593,7977,49,4,26.93,107.72
20594,7978,11,3,41.13,123.39000000000001
20595,7978,52,4,22.91,91.64
20596,7978,48,2,102.61,205.22
20597,7979,55,3,29.86,89.58
20598,7979,41,4,46.43,185.72
20599,7979,37,1,57.92,57.92
20600,7979,24,3,19.37,58.11
20601,7979,3,1,30.2,30.2
20602,7980,3,4,29.65,118.6
20603,7981,20,3,14.18,42.54
20604,7982,29,1,33.83,33.83
20605,7983,54,2,23.86,47.72
20606,7983,55,3,32.88,98.64000000000001
20607,7984,17,2,138.04,276.08
20608,7984,34,3,34.04,102.12
20609,7985,37,3,53.36,160.07999999999998
20610,7986,32,3,19.36,58.08
20611,7986,8,1,123.21,123.21
20612,7986,14,1,36.52,36.52
20613,7987,10,4,17.63,70.52
20614,7988,28,1,66.6,66.6
20615,7988,22,4,211.58,846.32
20616,7989,3,2,29.12,58.24
20617,7989,37,4,54.64,218.56
20618,7990,22,2,213.54,427.08
20619,7991,12,3,63.43,190.29
20620,7992,35,3,15.16,45.480000000000004
20621,7993,53,2,43.53,87.06
20622,7993,17,3,149.19,447.57
20623,7994,19,4,17.14,68.56
20624,7995,2,2,93.41,186.82
20625,7995,17,3,155.97,467.90999999999997
20626,7995,15,2,54.84,109.68
20627,7996,1,4,12.62,50.48
20628,7996,9,1,59.52,59.52
20629,7996,19,2,17.67,35.34
20630,7997,27,2,20.96,41.92
20631,7997,38,1,71.4,71.4
20632,7997,50,2,14.72,29.44
20633,7998,26,3,18.71,56.13
20634,7998,49,4,24.55,98.2
20635,7999,46,1,56.48,56.48
20636,7999,16,3,383.14,1149.42
20637,7999,52,4,21.84,87.36
20638,8000,18,4,69.63,278.52
20639,8000,4,4,43.23,172.92
20640,8000,42,1,66.32,66.32
20641,8001,4,4,47.79,191.16
20642,8001,24,4,19.64,78.56
20643,8001,22,3,239.17,717.51
20644,8001,44,4,78.77,315.08
20645,8002,13,2,47.65,95.3
20646,8002,48,3,95.8,287.4
20647,8002,19,3,17.14,51.42
20648,8002,35,2,15.2,30.4
20649,8002,22,4,213.19,852.76
20650,8003,42,2,64.69,129.38
20651,8003,54,3,23.4,70.19999999999999
20652,8003,1,1,12.83,12.83
20653,8003,33,4,42.95,171.8
20654,8003,34,2,34.8,69.6
20655,8004,48,2,92.69,185.38
20656,8004,35,1,16.2,16.2
20657,8005,4,3,45.0,135.0
20658,8005,5,4,41.18,164.72
20659,8006,26,3,17.49,52.47
20660,8006,55,2,31.02,62.04
20661,8006,37,4,52.57,210.28
20662,8006,50,4,15.43,61.72
20663,8007,31,1,181.24,181.24
20664,8007,39,2,32.75,65.5
20665,8007,12,1,66.44,66.44
20666,8008,23,2,102.68,205.36
20667,8009,51,1,39.42,39.42
20668,8009,24,4,21.96,87.84
20669,8010,39,1,30.99,30.99
20670,8010,25,1,27.12,27.12
20671,8010,28,3,61.73,185.19
20672,8011,26,2,17.46,34.92
20673,8011,47,3,43.23,129.69
20674,8011,27,2,22.65,45.3
20675,8012,28,4,66.2,264.8
20676,8012,33,1,45.2,45.2
20677,8012,11,4,41.1,164.4
20678,8012,53,2,45.68,91.36
20679,8013,19,2,18.04,36.08
20680,8013,25,2,28.98,57.96
20681,8013,17,2,156.22,312.44
20682,8013,33,4,48.98,195.92
20683,8014,7,1,14.81,14.81
20684,8014,40,2,17.23,34.46
20685,8014,14,1,34.3,34.3
20686,8015,33,2,48.42,96.84
20687,8015,50,1,14.52,14.52
20688,8015,13,4,47.77,191.08
20689,8015,5,1,41.44,41.44
20690,8016,33,2,42.76,85.52
20691,8016,4,2,43.03,86.06
20692,8017,28,3,62.1,186.3
20693,8018,20,3,14.85,44.55
20694,8018,34,4,32.61,130.44
20695,8018,7,3,14.32,42.96
20696,8018,39,2,34.53,69.06
20697,8019,10,3,18.2,54.599999999999994
20698,8019,35,2,14.54,29.08
20699,8019,23,1,96.24,96.24
20700,8020,49,1,25.43,25.43
20701,8021,11,1,40.8,40.8
20702,8021,49,1,25.83,25.83
20703,8021,30,1,94.05,94.05
20704,8022,2,2,85.93,171.86
20705,8022,15,4,50.78,203.12
20706,8022,37,3,53.42,160.26
20707,8023,1,4,11.47,45.88
20708,8024,13,3,47.66,142.98
20709,8024,4,3,43.35,130.05
20710,8024,29,2,35.57,71.14
20711,8025,15,1,50.21,50.21
20712,8025,51,3,39.42,118.26
20713,8025,1,3,11.89,35.67
20714,8025,20,2,14.03,28.06
20715,8025,28,3,59.4,178.2
20716,8026,17,3,144.5,433.5
20717,8027,26,3,18.87,56.61
20718,8027,35,1,14.8,14.8
20719,8027,39,4,33.14,132.56
20720,8027,6,2,21.28,42.56
20721,8027,41,2,52.57,105.14
20722,8028,23,2,103.18,206.36
20723,8028,18,1,75.1,75.1
20724,8028,27,1,22.11,22.11
20725,8029,32,4,19.46,77.84
20726,8029,21,3,83.32,249.95999999999998
20727,8029,15,4,57.2,228.8
20728,8030,12,1,64.39,64.39
20729,8030,20,2,14.64,29.28
20730,8031,2,1,82.48,82.48
20731,8031,27,3,22.55,67.65
20732,8032,29,2,33.43,66.86
20733,8032,2,3,80.86,242.57999999999998
20734,8033,22,2,222.93,445.86
20735,8033,51,2,38.11,76.22
20736,8033,12,4,63.39,253.56
20737,8033,24,2,21.86,43.72
20738,8033,39,4,34.79,139.16
20739,8034,35,1,14.28,14.28
20740,8034,51,4,39.12,156.48
20741,8034,7,1,15.26,15.26
20742,8034,43,1,85.91,85.91
20743,8034,37,1,53.88,53.88
20744,8035,55,4,30.64,122.56
20745,8035,51,3,39.23,117.69
20746,8035,28,2,65.46,130.92
20747,8035,36,3,29.2,87.6
20748,8035,8,4,131.72,526.88
20749,8036,53,4,41.65,166.6
20750,8036,19,1,18.67,18.67
20751,8036,33,3,45.16,135.48
20752,8036,23,3,94.95,284.85
20753,8037,36,3,28.47,85.41
20754,8038,48,3,91.38,274.14
20755,8038,36,3,29.88,89.64
20756,8038,7,4,16.17,64.68
20757,8038,22,3,222.06,666.1800000000001
20758,8039,34,4,31.18,124.72
20759,8039,33,4,48.54,194.16
20760,8040,53,4,42.89,171.56
20761,8040,5,1,40.8,40.8
20762,8040,52,1,24.13,24.13
20763,8041,16,1,412.45,412.45
20764,8042,44,2,69.2,138.4
20765,8042,53,2,43.4,86.8
20766,8043,29,3,37.3,111.89999999999999
20767,8043,25,4,27.19,108.76
20768,8043,48,3,97.19,291.57
20769,8043,11,3,44.45,133.35000000000002
20770,8044,18,4,77.06,308.24
20771,8044,7,4,14.34,57.36
20772,8045,21,3,84.43,253.29000000000002
20773,8045,50,1,14.56,14.56
20774,8045,19,1,18.76,18.76
20775,8046,22,2,210.81,421.62
20776,8046,21,4,87.08,348.32
20777,8047,18,3,78.74,236.21999999999997
20778,8047,49,3,24.66,73.98
20779,8048,15,3,55.39,166.17000000000002
20780,8048,49,1,25.97,25.97
20781,8048,46,3,53.04,159.12
20782,8049,53,1,41.05,41.05
20783,8049,32,4,18.59,74.36
20784,8050,5,2,39.71,79.42
20785,8050,17,1,149.11,149.11
20786,8051,21,2,81.27,162.54
20787,8052,39,4,31.73,126.92
20788,8053,16,4,380.02,1520.08
20789,8053,44,3,75.85,227.54999999999998
20790,8053,20,2,14.68,29.36
20791,8053,1,3,12.1,36.3
20792,8053,24,2,20.19,40.38
20793,8054,29,3,34.84,104.52000000000001
20794,8054,9,4,54.11,216.44
20795,8055,20,4,14.37,57.48
20796,8055,39,4,32.72,130.88
20797,8055,34,1,33.23,33.23
20798,8055,1,4,11.84,47.36
20799,8055,26,3,19.62,58.86
20800,8056,45,4,74.45,297.8
20801,8056,9,4,58.67,234.68
20802,8056,29,4,34.03,136.12
20803,8057,22,1,224.24,224.24
20804,8057,54,1,21.26,21.26
20805,8057,41,2,50.62,101.24
20806,8057,18,1,76.37,76.37
20807,8058,49,3,24.53,73.59
20808,8058,44,1,77.29,77.29
20809,8058,20,1,13.59,13.59
20810,8058,7,3,16.25,48.75
20811,8058,34,3,34.54,103.62
20812,8059,17,2,151.05,302.1
20813,8059,28,1,66.88,66.88
20814,8059,32,2,18.15,36.3
20815,8059,5,2,38.84,77.68
20816,8060,37,1,55.72,55.72
20817,8060,13,3,45.69,137.07
20818,8061,45,4,66.98,267.92
20819,8061,30,2,90.91,181.82
20820,8061,14,4,37.03,148.12
20821,8061,38,2,72.54,145.08
20822,8062,35,3,15.85,47.55
20823,8062,17,3,151.35,454.04999999999995
20824,8062,19,4,18.84,75.36
20825,8063,10,4,17.94,71.76
20826,8063,53,3,40.12,120.35999999999999
20827,8063,13,1,51.69,51.69
20828,8063,26,1,18.18,18.18
20829,8063,18,1,78.18,78.18
20830,8064,7,2,16.35,32.7
20831,8064,53,3,40.01,120.03
20832,8065,13,2,49.75,99.5
20833,8066,28,1,61.52,61.52
20834,8066,48,4,91.5,366.0
20835,8066,31,3,181.56,544.6800000000001
20836,8067,41,1,46.06,46.06
20837,8067,27,4,23.22,92.88
20838,8068,24,4,21.28,85.12
20839,8068,13,4,48.64,194.56
20840,8068,11,1,43.38,43.38
20841,8068,26,3,18.1,54.300000000000004
20842,8068,46,1,54.74,54.74
20843,8069,46,1,59.34,59.34
20844,8070,2,3,84.0,252.0
20845,8070,47,2,42.99,85.98
20846,8070,9,3,58.34,175.02
20847,8070,28,2,65.58,131.16
20848,8071,25,3,29.13,87.39
20849,8071,44,1,68.58,68.58
20850,8072,27,2,22.96,45.92
20851,8072,43,1,85.25,85.25
20852,8073,23,3,91.35,274.04999999999995
20853,8073,28,1,65.76,65.76
20854,8073,52,1,21.65,21.65
20855,8074,29,4,34.23,136.92
20856,8074,26,3,19.19,57.57000000000001
20857,8075,42,3,66.81,200.43
20858,8075,10,3,19.03,57.09
20859,8075,34,4,33.87,135.48
20860,8075,20,3,13.48,40.44
20861,8076,6,3,22.03,66.09
20862,8076,53,1,43.96,43.96
20863,8077,47,3,46.65,139.95
20864,8077,25,4,28.11,112.44
20865,8078,32,1,17.88,17.88
20866,8078,26,3,19.07,57.21
20867,8079,42,4,70.1,280.4
20868,8079,3,2,29.36,58.72
20869,8079,30,2,101.96,203.92
20870,8080,51,3,41.69,125.07
20871,8080,44,2,75.54,151.08
20872,8080,13,1,48.36,48.36
20873,8081,37,3,54.45,163.35000000000002
20874,8081,13,1,51.31,51.31
20875,8081,24,1,20.15,20.15
20876,8082,30,4,97.27,389.08
20877,8082,20,4,15.23,60.92
20878,8082,25,1,27.52,27.52
20879,8083,21,2,85.16,170.32
20880,8083,18,3,74.44,223.32
20881,8083,52,2,22.82,45.64
20882,8084,33,1,48.17,48.17
20883,8085,51,1,39.11,39.11
20884,8086,11,4,41.32,165.28
20885,8087,52,2,23.42,46.84
20886,8087,45,4,65.48,261.92
20887,8088,53,2,42.67,85.34
20888,8088,14,1,33.9,33.9
20889,8088,16,3,400.68,1202.04
20890,8089,6,4,23.46,93.84
20891,8090,44,3,74.09,222.27
20892,8090,54,2,23.16,46.32
20893,8091,21,3,88.09,264.27
20894,8091,46,3,57.68,173.04
20895,8092,15,2,53.04,106.08
20896,8092,16,2,407.55,815.1
20897,8092,36,1,29.19,29.19
20898,8092,35,4,14.59,58.36
20899,8093,32,1,18.22,18.22
20900,8093,25,4,27.85,111.4
20901,8093,49,4,27.35,109.4
20902,8093,26,4,18.22,72.88
20903,8094,50,1,14.75,14.75
20904,8095,29,4,35.9,143.6
20905,8095,48,2,103.03,206.06
20906,8095,42,3,65.31,195.93
20907,8096,52,2,23.66,47.32
20908,8096,3,4,30.47,121.88
20909,8097,54,3,22.44,67.32000000000001
20910,8097,18,2,76.89,153.78
20911,8097,40,1,17.1,17.1
20912,8098,38,4,78.74,314.96
20913,8098,14,2,34.27,68.54
20914,8099,46,4,59.15,236.6
20915,8100,20,3,15.13,45.39
20916,8100,8,1,128.37,128.37
20917,8100,53,3,43.13,129.39000000000001
20918,8101,33,3,47.39,142.17000000000002
20919,8102,5,4,37.97,151.88
20920,8102,32,3,17.36,52.08
20921,8103,45,3,73.73,221.19
20922,8103,36,3,28.08,84.24
20923,8104,11,3,45.86,137.57999999999998
20924,8104,13,4,50.86,203.44
20925,8104,12,2,67.88,135.76
20926,8105,42,1,63.5,63.5
20927,8105,11,1,44.33,44.33
20928,8105,52,1,22.46,22.46
20929,8105,55,3,28.55,85.65
20930,8106,44,3,71.04,213.12
20931,8106,50,4,14.65,58.6
20932,8106,35,2,15.08,30.16
20933,8106,5,4,38.91,155.64
20934,8107,19,1,18.57,18.57
20935,8107,7,1,14.44,14.44
20936,8107,2,1,84.72,84.72
20937,8108,20,4,14.43,57.72
20938,8108,38,4,74.65,298.6
20939,8109,53,3,41.02,123.06
20940,8110,3,2,27.43,54.86
20941,8111,17,3,141.05,423.15000000000003
20942,8111,40,3,17.23,51.69
20943,8111,43,3,94.45,283.35
20944,8111,25,3,26.81,80.42999999999999
20945,8111,54,3,22.66,67.98
20946,8112,44,4,68.72,274.88
20947,8112,48,4,96.42,385.68
20948,8112,22,1,209.07,209.07
20949,8113,23,3,98.66,295.98
20950,8113,54,1,23.26,23.26
20951,8113,52,2,21.02,42.04
20952,8114,44,1,73.88,73.88
20953,8114,36,1,27.77,27.77
20954,8115,22,4,215.82,863.28
20955,8115,41,3,47.85,143.55
20956,8115,55,1,31.99,31.99
20957,8116,48,2,98.54,197.08
20958,8116,47,1,47.6,47.6
20959,8116,9,4,55.21,220.84
20960,8117,44,1,68.51,68.51
20961,8117,26,3,18.53,55.59
20962,8118,6,3,23.39,70.17
20963,8119,31,3,188.57,565.71
20964,8120,28,2,67.88,135.76
20965,8121,29,2,34.97,69.94
20966,8122,52,3,21.71,65.13
20967,8122,21,3,82.77,248.31
20968,8123,32,1,19.3,19.3
20969,8123,46,4,52.31,209.24
20970,8124,55,1,29.66,29.66
20971,8124,38,3,68.42,205.26
20972,8125,44,2,76.58,153.16
20973,8125,48,1,97.02,97.02
20974,8125,13,2,49.04,98.08
20975,8125,5,1,41.78,41.78
20976,8125,38,4,76.14,304.56
20977,8126,6,2,23.0,46.0
20978,8126,16,1,376.83,376.83
20979,8127,44,4,78.76,315.04
20980,8127,13,4,52.55,210.2
20981,8127,12,1,66.32,66.32
20982,8128,27,2,21.37,42.74
20983,8128,6,3,23.31,69.92999999999999
20984,8128,7,4,15.01,60.04
20985,8128,39,4,33.14,132.56
20986,8129,7,1,14.61,14.61
20987,8129,6,4,21.98,87.92
20988,8130,10,1,19.1,19.1
20989,8130,38,1,71.65,71.65
20990,8131,45,3,67.63,202.89
20991,8131,33,4,47.59,190.36
20992,8131,28,3,59.88,179.64000000000001
20993,8132,7,4,15.17,60.68
20994,8132,19,4,18.07,72.28
20995,8132,55,1,29.24,29.24
20996,8133,17,1,158.9,158.9
20997,8133,25,4,30.67,122.68
20998,8133,2,4,81.34,325.36
20999,8133,42,2,68.17,136.34
21000,8134,11,1,42.42,42.42
21001,8134,2,4,82.48,329.92
21002,8135,48,1,96.81,96.81
21003,8135,15,2,55.19,110.38
21004,8136,21,2,86.47,172.94
21005,8137,54,1,23.51,23.51
21006,8137,36,2,27.11,54.22
21007,8137,22,2,240.37,480.74
21008,8138,54,4,22.72,90.88
21009,8138,13,2,49.8,99.6
21010,8138,32,4,18.8,75.2
21011,8139,11,3,41.25,123.75
21012,8139,43,2,84.59,169.18
21013,8140,2,4,89.24,356.96
21014,8140,53,4,40.06,160.24
21015,8140,14,2,38.04,76.08
21016,8141,26,2,19.33,38.66
21017,8141,40,1,18.22,18.22
21018,8142,22,1,241.83,241.83
21019,8142,27,3,23.83,71.49
21020,8142,52,3,23.76,71.28
21021,8142,41,1,47.53,47.53
21022,8142,35,3,15.68,47.04
21023,8143,35,3,15.15,45.45
21024,8144,51,2,39.59,79.18
21025,8144,16,3,369.03,1107.09
21026,8144,1,4,12.54,50.16
21027,8145,4,1,47.52,47.52
21028,8146,8,3,126.25,378.75
21029,8147,15,1,54.58,54.58
21030,8147,4,1,43.04,43.04
21031,8147,5,3,38.52,115.56
21032,8147,8,1,114.66,114.66
21033,8147,6,1,23.54,23.54
21034,8148,21,1,83.57,83.57
21035,8149,37,1,58.59,58.59
21036,8149,44,4,71.98,287.92
21037,8149,8,4,122.62,490.48
21038,8150,2,4,82.12,328.48
21039,8150,31,1,177.65,177.65
21040,8150,33,1,44.11,44.11
21041,8151,23,4,94.93,379.72
21042,8151,21,1,82.12,82.12
21043,8152,16,2,383.82,767.64
21044,8153,36,4,29.41,117.64
21045,8153,45,1,72.99,72.99
21046,8154,33,2,44.25,88.5
21047,8154,35,4,14.27,57.08
21048,8154,53,1,45.27,45.27
21049,8154,28,4,65.27,261.08
21050,8155,51,4,36.86,147.44
21051,8155,22,3,209.19,627.5699999999999
21052,8155,53,3,41.29,123.87
21053,8156,7,1,14.31,14.31
21054,8157,40,2,17.62,35.24
21055,8157,32,1,18.76,18.76
21056,8158,11,3,45.03,135.09
21057,8158,30,2,98.57,197.14
21058,8159,32,3,18.95,56.849999999999994
21059,8160,1,1,11.69,11.69
21060,8160,2,3,85.93,257.79
21061,8160,20,3,15.38,46.14
21062,8161,51,1,39.72,39.72
21063,8162,27,2,23.63,47.26
21064,8162,11,2,42.9,85.8
21065,8163,11,2,43.46,86.92
21066,8163,28,2,62.0,124.0
21067,8163,40,1,17.43,17.43
21068,8163,52,3,23.86,71.58
21069,8164,53,3,42.34,127.02000000000001
21070,8164,51,4,40.5,162.0
21071,8165,8,3,120.19,360.57
21072,8165,21,1,81.91,81.91
21073,8166,29,1,35.77,35.77
21074,8166,15,2,54.94,109.88
21075,8166,7,2,15.8,31.6
21076,8166,32,4,17.22,68.88
21077,8166,41,1,49.25,49.25
21078,8167,30,3,102.25,306.75
21079,8167,16,4,379.81,1519.24
21080,8167,14,1,36.11,36.11
21081,8167,32,2,18.07,36.14
21082,8168,25,3,29.29,87.87
21083,8168,31,3,197.99,593.97
21084,8168,20,2,14.4,28.8
21085,8169,37,4,56.2,224.8
21086,8170,30,4,96.95,387.8
21087,8170,35,4,14.54,58.16
21088,8171,29,3,37.42,112.26
21089,8171,8,3,117.67,353.01
21090,8172,26,4,17.15,68.6
21091,8173,24,3,20.0,60.0
21092,8174,39,4,34.4,137.6
21093,8174,9,1,59.28,59.28
21094,8174,34,3,33.73,101.19
21095,8175,10,3,17.7,53.099999999999994
21096,8175,2,2,84.54,169.08
21097,8175,6,2,21.04,42.08
21098,8176,36,2,29.44,58.88
21099,8176,53,3,45.85,137.55
21100,8177,38,1,72.7,72.7
21101,8178,6,4,21.0,84.0
21102,8178,38,3,69.05,207.14999999999998
21103,8178,22,4,211.5,846.0
21104,8179,15,3,54.14,162.42000000000002
21105,8179,25,4,27.52,110.08
21106,8179,19,2,19.59,39.18
21107,8180,43,4,83.83,335.32
21108,8180,16,1,406.34,406.34
21109,8180,55,1,31.74,31.74
21110,8180,38,2,68.52,137.04
21111,8180,3,4,27.12,108.48
21112,8181,23,2,97.52,195.04
21113,8181,51,1,40.98,40.98
21114,8182,4,2,43.81,87.62
21115,8182,8,1,128.29,128.29
21116,8182,37,2,55.95,111.9
21117,8183,9,1,55.22,55.22
21118,8183,47,4,49.11,196.44
21119,8184,55,3,31.21,93.63
21120,8184,28,2,60.17,120.34
21121,8185,22,1,225.81,225.81
21122,8185,35,3,15.38,46.14
21123,8185,26,1,18.74,18.74
21124,8186,43,4,94.34,377.36
21125,8186,31,2,176.4,352.8
21126,8186,38,1,77.23,77.23
21127,8186,23,1,90.45,90.45
21128,8186,22,1,217.75,217.75
21129,8187,53,2,44.55,89.1
21130,8187,13,3,48.8,146.39999999999998
21131,8187,4,4,48.08,192.32
21132,8187,33,3,48.46,145.38
21133,8188,1,1,11.54,11.54
21134,8188,26,4,18.96,75.84
21135,8188,22,2,233.09,466.18
21136,8188,34,4,34.52,138.08
21137,8189,52,3,24.13,72.39
21138,8190,17,4,154.12,616.48
21139,8191,36,3,27.22,81.66
21140,8191,27,4,22.14,88.56
21141,8191,25,4,28.39,113.56
21142,8192,50,3,15.83,47.49
21143,8193,22,3,227.07,681.21
21144,8193,41,2,50.33,100.66
21145,8193,52,1,23.0,23.0
21146,8194,46,2,58.23,116.46
21147,8195,30,3,93.94,281.82
21148,8195,13,2,47.26,94.52
21149,8195,12,2,66.31,132.62
21150,8196,43,2,88.42,176.84
21151,8196,30,1,98.09,98.09
21152,8196,21,1,89.78,89.78
21153,8196,27,2,22.82,45.64
21154,8196,19,4,19.27,77.08
21155,8197,5,3,38.17,114.51
21156,8197,16,2,411.04,822.08
21157,8198,37,3,57.96,173.88
21158,8199,48,1,102.71,102.71
21159,8199,6,1,22.08,22.08
21160,8199,50,4,16.48,65.92
21161,8200,55,1,32.63,32.63
21162,8200,24,1,19.63,19.63
21163,8201,13,3,47.79,143.37
21164,8201,38,4,77.83,311.32
21165,8201,37,2,59.62,119.24
21166,8202,19,4,19.27,77.08
21167,8203,6,1,23.3,23.3
21168,8203,47,3,47.09,141.27
21169,8203,34,1,34.45,34.45
21170,8203,10,4,18.78,75.12
21171,8204,12,4,62.48,249.92
21172,8204,39,4,30.46,121.84
21173,8204,11,3,41.03,123.09
21174,8205,40,4,19.33,77.32
21175,8205,22,3,238.98,716.9399999999999
21176,8205,6,1,22.06,22.06
21177,8205,34,4,32.07,128.28
21178,8206,30,2,97.41,194.82
21179,8206,55,4,32.84,131.36
21180,8206,53,1,44.24,44.24
21181,8207,40,3,19.52,58.56
21182,8208,24,3,21.64,64.92
21183,8208,41,2,47.51,95.02
21184,8208,12,2,69.15,138.3
21185,8208,39,3,33.81,101.43
21186,8209,15,3,57.13,171.39000000000001
21187,8210,35,2,15.82,31.64
21188,8211,32,4,17.86,71.44
21189,8212,9,1,57.67,57.67
21190,8213,27,1,23.36,23.36
21191,8213,16,3,390.84,1172.52
21192,8214,49,4,25.0,100.0
21193,8214,43,3,92.16,276.48
21194,8215,15,4,55.68,222.72
21195,8215,18,2,71.37,142.74
21196,8216,33,3,48.6,145.8
21197,8217,9,1,60.22,60.22
21198,8217,37,3,58.35,175.05
21199,8217,40,3,17.12,51.36
21200,8217,8,4,128.64,514.56
21201,8218,47,1,47.99,47.99
21202,8219,11,4,44.84,179.36
21203,8220,43,3,88.93,266.79
21204,8221,2,2,82.83,165.66
21205,8221,27,4,24.12,96.48
21206,8222,32,4,17.74,70.96
21207,8222,17,4,145.91,583.64
21208,8222,48,1,92.46,92.46
21209,8223,37,3,58.34,175.02
21210,8223,27,1,22.93,22.93
21211,8223,7,4,16.0,64.0
21212,8223,15,4,52.46,209.84
21213,8224,39,1,32.5,32.5
21214,8224,34,1,31.85,31.85
21215,8224,40,3,18.55,55.650000000000006
21216,8224,50,1,15.32,15.32
21217,8224,38,3,72.74,218.21999999999997
21218,8225,12,1,71.17,71.17
21219,8225,46,1,57.87,57.87
21220,8225,29,2,34.38,68.76
21221,8225,41,4,49.08,196.32
21222,8226,32,3,18.67,56.010000000000005
21223,8226,51,3,40.78,122.34
21224,8226,25,1,26.83,26.83
21225,8226,10,1,18.66,18.66
21226,8227,24,4,21.56,86.24
21227,8227,8,2,129.59,259.18
21228,8227,15,2,51.73,103.46
21229,8227,31,2,190.21,380.42
21230,8228,50,2,14.36,28.72
21231,8228,32,4,17.44,69.76
21232,8228,53,3,44.63,133.89000000000001
21233,8229,36,2,29.26,58.52
21234,8229,26,2,17.13,34.26
21235,8230,15,2,53.57,107.14
21236,8231,51,3,41.22,123.66
21237,8231,46,1,58.11,58.11
21238,8231,54,3,21.75,65.25
21239,8232,9,2,53.69,107.38
21240,8232,33,1,43.32,43.32
21241,8232,52,3,22.24,66.72
21242,8232,31,1,182.74,182.74
21243,8233,24,2,20.3,40.6
21244,8233,1,3,12.19,36.57
21245,8233,54,4,21.59,86.36
21246,8233,21,1,86.92,86.92
21247,8233,3,3,30.23,90.69
21248,8234,20,3,14.39,43.17
21249,8234,34,2,33.03,66.06
21250,8234,5,4,36.84,147.36
21251,8234,40,4,19.72,78.88
21252,8235,39,1,32.08,32.08
21253,8236,51,1,36.99,36.99
21254,8236,49,1,27.44,27.44
21255,8236,13,3,52.78,158.34
21256,8236,31,3,193.56,580.6800000000001
21257,8237,41,2,52.21,104.42
21258,8238,51,3,39.1,117.30000000000001
21259,8238,27,4,23.24,92.96
21260,8239,49,2,25.78,51.56
21261,8240,6,3,21.15,63.449999999999996
21262,8241,44,3,72.79,218.37
21263,8241,47,2,45.84,91.68
21264,8242,31,3,193.5,580.5
21265,8243,43,1,95.04,95.04
21266,8243,26,4,17.89,71.56
21267,8243,27,4,23.38,93.52
21268,8243,28,4,59.19,236.76
21269,8244,24,2,21.74,43.48
21270,8244,30,2,103.55,207.1
21271,8244,9,2,60.33,120.66
21272,8244,47,4,48.14,192.56
21273,8245,32,2,19.2,38.4
21274,8246,11,2,42.26,84.52
21275,8247,6,4,21.35,85.4
21276,8247,36,1,28.04,28.04
21277,8247,34,1,33.33,33.33
21278,8247,39,2,32.49,64.98
21279,8248,55,3,30.66,91.98
21280,8248,50,4,15.24,60.96
21281,8248,9,3,57.35,172.05
21282,8248,45,2,74.4,148.8
21283,8248,28,3,66.68,200.04000000000002
21284,8249,37,4,60.02,240.08
21285,8249,44,2,73.25,146.5
21286,8250,24,4,21.56,86.24
21287,8250,45,2,68.11,136.22
21288,8251,45,1,67.21,67.21
21289,8251,53,2,41.01,82.02
21290,8252,40,3,17.27,51.81
21291,8252,15,3,53.07,159.21
21292,8253,46,4,57.09,228.36
21293,8254,24,4,19.56,78.24
21294,8254,55,3,32.18,96.53999999999999
21295,8254,39,3,34.46,103.38
21296,8254,32,1,17.21,17.21
21297,8255,24,1,19.56,19.56
21298,8255,40,2,17.68,35.36
21299,8255,28,1,61.01,61.01
21300,8255,39,3,30.73,92.19
21301,8256,55,3,30.49,91.47
21302,8257,37,3,53.54,160.62
21303,8258,45,3,68.99,206.96999999999997
21304,8258,29,3,36.35,109.05000000000001
21305,8258,30,2,94.56,189.12
21306,8258,42,2,68.69,137.38
21307,8259,2,3,87.28,261.84000000000003
21308,8260,51,4,41.15,164.6
21309,8260,13,1,50.87,50.87
21310,8260,42,1,67.59,67.59
21311,8260,36,1,28.91,28.91
21312,8260,7,2,15.5,31.0
21313,8261,12,1,69.33,69.33
21314,8261,24,1,20.51,20.51
21315,8262,28,1,61.78,61.78
21316,8262,31,3,195.19,585.5699999999999
21317,8262,2,2,89.23,178.46
21318,8263,37,1,53.47,53.47
21319,8263,25,4,30.15,120.6
21320,8263,9,1,59.91,59.91
21321,8263,5,2,40.19,80.38
21322,8263,46,1,60.04,60.04
21323,8264,33,1,45.07,45.07
21324,8264,44,1,75.65,75.65
21325,8264,35,2,14.28,28.56
21326,8265,23,3,94.61,283.83
21327,8265,6,3,24.01,72.03
21328,8266,26,4,19.19,76.76
21329,8266,48,3,97.66,292.98
21330,8266,51,1,38.08,38.08
21331,8267,12,3,69.76,209.28000000000003
21332,8267,7,1,15.59,15.59
21333,8268,50,4,14.98,59.92
21334,8269,21,3,92.76,278.28000000000003
21335,8269,2,1,88.98,88.98
21336,8269,25,3,27.0,81.0
21337,8270,51,1,36.34,36.34
21338,8270,36,3,28.19,84.57000000000001
21339,8270,18,3,79.13,237.39
21340,8271,12,1,71.14,71.14
21341,8271,41,4,46.17,184.68
21342,8271,26,2,19.34,38.68
21343,8272,43,1,83.87,83.87
21344,8272,36,4,26.71,106.84
21345,8272,47,2,47.4,94.8
21346,8272,24,1,20.25,20.25
21347,8273,23,4,96.82,387.28
21348,8273,17,4,158.1,632.4
21349,8274,49,4,27.15,108.6
21350,8274,4,2,49.0,98.0
21351,8274,37,3,59.66,178.98
21352,8275,52,1,23.43,23.43
21353,8275,22,2,226.66,453.32
21354,8275,53,2,44.52,89.04
21355,8275,30,1,94.41,94.41
21356,8276,18,3,75.07,225.20999999999998
21357,8277,26,2,17.67,35.34
21358,8277,37,1,59.92,59.92
21359,8277,51,1,37.73,37.73
21360,8278,23,2,96.42,192.84
21361,8278,52,4,22.66,90.64
21362,8278,17,4,142.64,570.56
21363,8278,6,1,22.79,22.79
21364,8279,45,3,64.98,194.94
21365,8280,35,4,16.06,64.24
21366,8280,4,1,48.85,48.85
21367,8280,46,2,58.15,116.3
21368,8280,22,4,220.23,880.92
21369,8280,47,3,43.39,130.17000000000002
21370,8281,44,4,75.37,301.48
21371,8281,36,3,30.2,90.6
21372,8281,4,2,43.03,86.06
21373,8282,30,4,99.66,398.64
21374,8283,33,1,45.77,45.77
21375,8283,30,4,100.15,400.6
21376,8283,28,4,61.47,245.88
21377,8283,11,4,45.25,181.0
21378,8284,55,3,29.43,88.28999999999999
21379,8284,27,3,22.73,68.19
21380,8285,16,1,404.02,404.02
21381,8285,12,3,67.83,203.49
21382,8285,10,1,19.48,19.48
21383,8286,49,3,26.48,79.44
21384,8286,9,1,54.23,54.23
21385,8286,55,1,31.57,31.57
21386,8287,3,2,28.24,56.48
21387,8287,19,4,17.18,68.72
21388,8288,25,4,28.79,115.16
21389,8288,41,2,47.18,94.36
21390,8288,3,3,27.27,81.81
21391,8288,11,2,45.13,90.26
21392,8289,24,2,20.45,40.9
21393,8289,13,1,50.14,50.14
21394,8290,55,1,30.13,30.13
21395,8290,4,1,49.05,49.05
21396,8291,27,1,21.0,21.0
21397,8291,21,3,86.18,258.54
21398,8291,24,2,20.27,40.54
21399,8292,34,2,31.0,62.0
21400,8292,17,1,150.19,150.19
21401,8293,11,2,41.66,83.32
21402,8293,51,4,39.57,158.28
21403,8294,25,4,26.93,107.72
21404,8294,53,4,42.25,169.0
21405,8295,17,3,150.78,452.34000000000003
21406,8295,12,1,62.88,62.88
21407,8295,36,2,28.34,56.68
21408,8296,26,4,17.25,69.0
21409,8296,32,4,17.53,70.12
21410,8296,6,4,21.98,87.92
21411,8297,18,4,70.27,281.08
21412,8297,47,4,43.63,174.52
21413,8297,53,4,45.58,182.32
21414,8298,30,3,95.42,286.26
21415,8298,39,1,32.87,32.87
21416,8298,32,2,17.97,35.94
21417,8299,12,3,64.24,192.71999999999997
21418,8299,30,3,98.34,295.02
21419,8299,49,2,25.81,51.62
21420,8300,40,4,19.6,78.4
21421,8301,13,1,51.44,51.44
21422,8301,38,4,76.07,304.28
21423,8301,54,4,21.21,84.84
21424,8301,28,1,63.14,63.14
21425,8301,7,3,14.33,42.99
21426,8302,5,2,36.55,73.1
21427,8302,46,4,56.28,225.12
21428,8302,9,2,57.55,115.1
21429,8302,38,1,75.3,75.3
21430,8303,8,4,119.75,479.0
21431,8303,47,1,47.91,47.91
21432,8303,48,3,93.1,279.29999999999995
21433,8303,17,3,140.98,422.93999999999994
21434,8303,30,1,91.45,91.45
21435,8304,21,1,92.31,92.31
21436,8305,55,3,31.18,93.53999999999999
21437,8305,36,2,29.6,59.2
21438,8305,48,2,103.0,206.0
21439,8306,48,4,103.52,414.08
21440,8306,17,2,155.75,311.5
21441,8306,12,1,68.75,68.75
21442,8307,43,4,95.16,380.64
21443,8308,36,4,29.55,118.2
21444,8308,37,4,55.33,221.32
21445,8308,55,4,32.85,131.4
21446,8308,29,2,34.38,68.76
21447,8308,1,2,11.87,23.74
21448,8309,47,2,49.36,98.72
21449,8310,42,1,66.9,66.9
21450,8311,11,3,42.44,127.32
21451,8311,25,4,26.98,107.92
21452,8312,12,2,63.93,127.86
21453,8312,36,3,30.73,92.19
21454,8312,4,1,45.16,45.16
21455,8313,31,4,174.87,699.48
21456,8313,19,3,17.81,53.42999999999999
21457,8313,11,2,42.91,85.82
21458,8314,45,3,74.13,222.39
21459,8315,33,1,49.49,49.49
21460,8316,44,4,68.47,273.88
21461,8316,40,1,17.57,17.57
21462,8317,30,3,95.65,286.95000000000005
21463,8317,27,1,21.37,21.37
21464,8317,37,4,56.73,226.92
21465,8318,42,3,68.1,204.29999999999998
21466,8318,27,2,23.52,47.04
21467,8318,17,1,155.49,155.49
21468,8318,26,3,17.36,52.08
21469,8318,15,1,54.6,54.6
21470,8319,32,1,18.93,18.93
21471,8319,51,3,36.83,110.49
21472,8320,3,4,29.93,119.72
21473,8321,8,1,118.39,118.39
21474,8321,38,4,77.97,311.88
21475,8321,37,1,54.09,54.09
21476,8322,14,1,35.15,35.15
21477,8322,31,4,176.34,705.36
21478,8322,48,4,92.19,368.76
21479,8323,2,1,85.1,85.1
21480,8323,7,1,14.38,14.38
21481,8323,48,1,96.18,96.18
21482,8323,39,4,34.19,136.76
21483,8324,44,4,73.2,292.8
21484,8325,36,4,30.62,122.48
21485,8326,38,1,74.35,74.35
21486,8326,39,3,34.87,104.60999999999999
21487,8327,35,4,16.23,64.92
21488,8328,40,4,18.59,74.36
21489,8328,26,2,18.28,36.56
21490,8329,6,2,21.91,43.82
21491,8329,35,4,14.67,58.68
21492,8330,31,3,177.03,531.09
21493,8331,23,2,90.45,180.9
21494,8331,43,1,87.71,87.71
21495,8331,13,2,50.68,101.36
21496,8331,28,1,65.65,65.65
21497,8332,12,2,71.15,142.3
21498,8332,49,3,25.26,75.78
21499,8333,43,4,88.53,354.12
21500,8334,2,1,86.74,86.74
21501,8335,11,3,42.26,126.78
21502,8335,30,2,102.17,204.34
21503,8336,40,1,17.45,17.45
21504,8337,33,3,48.58,145.74
21505,8337,37,2,58.98,117.96
21506,8337,5,1,39.12,39.12
21507,8337,27,4,21.09,84.36
21508,8337,6,2,21.08,42.16
21509,8338,47,2,45.47,90.94
21510,8338,45,1,67.25,67.25
21511,8338,25,3,27.95,83.85
21512,8338,37,2,59.8,119.6
21513,8338,18,4,72.19,288.76
21514,8339,9,1,55.47,55.47
21515,8340,36,2,29.42,58.84
21516,8340,23,2,91.75,183.5
21517,8340,38,3,72.26,216.78000000000003
21518,8340,43,3,93.96,281.88
21519,8341,21,4,87.42,349.68
21520,8341,13,4,47.98,191.92
21521,8342,1,3,13.02,39.06
21522,8342,29,3,37.55,112.64999999999999
21523,8342,20,4,14.92,59.68
21524,8343,34,4,33.14,132.56
21525,8343,55,2,32.72,65.44
21526,8343,42,3,68.68,206.04000000000002
21527,8344,54,2,21.03,42.06
21528,8344,4,4,43.78,175.12
21529,8345,25,1,30.52,30.52
21530,8346,18,4,70.15,280.6
21531,8346,24,2,19.51,39.02
21532,8347,22,4,239.69,958.76
21533,8347,31,2,173.35,346.7
21534,8348,40,1,19.25,19.25
21535,8348,31,4,183.13,732.52
21536,8348,39,3,32.03,96.09
21537,8349,48,4,95.82,383.28
21538,8349,53,1,42.8,42.8
21539,8349,40,3,19.52,58.56
21540,8350,13,1,52.39,52.39
21541,8350,2,1,82.77,82.77
21542,8351,5,1,37.62,37.62
21543,8351,3,4,29.75,119.0
21544,8351,38,2,76.16,152.32
21545,8351,34,2,34.81,69.62
21546,8351,36,1,29.92,29.92
21547,8352,8,1,131.67,131.67
21548,8353,44,3,74.52,223.56
21549,8353,48,4,101.14,404.56
21550,8354,31,2,176.61,353.22
21551,8354,11,3,40.6,121.80000000000001
21552,8354,28,1,59.61,59.61
21553,8355,49,3,25.54,76.62
21554,8355,46,1,54.86,54.86
21555,8356,43,3,91.49,274.46999999999997
21556,8356,39,2,34.8,69.6
21557,8356,6,4,22.96,91.84
21558,8357,20,3,15.32,45.96
21559,8357,40,4,17.82,71.28
21560,8358,24,1,19.81,19.81
21561,8358,19,2,19.23,38.46
21562,8358,46,4,58.96,235.84
21563,8359,10,2,18.58,37.16
21564,8359,2,2,86.29,172.58
21565,8360,7,1,14.95,14.95
21566,8360,22,4,210.01,840.04
21567,8361,38,1,75.39,75.39
21568,8361,30,4,101.17,404.68
21569,8362,23,2,95.69,191.38
21570,8362,37,1,58.56,58.56
21571,8362,19,4,18.05,72.2
21572,8363,11,1,40.61,40.61
21573,8363,26,3,17.98,53.94
21574,8363,1,1,11.67,11.67
21575,8364,17,2,157.68,315.36
21576,8364,43,4,89.16,356.64
21577,8364,53,2,43.19,86.38
21578,8365,54,2,22.65,45.3
21579,8365,51,2,40.78,81.56
21580,8365,1,1,13.05,13.05
21581,8366,52,1,22.47,22.47
21582,8366,39,3,33.36,100.08
21583,8366,7,3,14.72,44.160000000000004
21584,8366,13,1,48.83,48.83
21585,8367,40,4,19.27,77.08
21586,8368,42,2,67.1,134.2
21587,8369,52,1,22.52,22.52
21588,8369,13,4,51.94,207.76
21589,8369,9,1,56.95,56.95
21590,8370,11,1,45.44,45.44
21591,8370,37,2,60.19,120.38
21592,8370,52,2,21.52,43.04
21593,8370,54,2,22.19,44.38
21594,8370,39,3,33.49,100.47
21595,8371,40,3,19.07,57.21
21596,8371,33,1,46.66,46.66
21597,8372,20,2,13.99,27.98
21598,8373,13,3,49.51,148.53
21599,8373,45,1,67.38,67.38
21600,8373,18,4,69.68,278.72
21601,8373,1,2,12.7,25.4
21602,8373,11,3,41.23,123.69
21603,8374,23,4,99.29,397.16
21604,8375,32,1,18.39,18.39
21605,8376,28,3,60.45,181.35000000000002
21606,8376,9,4,52.96,211.84
21607,8376,10,4,19.03,76.12
21608,8376,8,3,126.62,379.86
21609,8377,25,3,27.06,81.17999999999999
21610,8377,12,4,67.47,269.88
21611,8378,2,2,87.66,175.32
21612,8378,16,2,383.48,766.96
21613,8379,11,3,41.45,124.35000000000001
21614,8380,34,2,31.61,63.22
21615,8380,3,2,27.14,54.28
21616,8380,31,2,189.6,379.2
21617,8381,8,2,131.68,263.36
21618,8381,49,2,24.19,48.38
21619,8381,54,1,21.72,21.72
21620,8381,18,2,68.64,137.28
21621,8381,50,1,14.42,14.42
21622,8382,1,3,11.56,34.68
21623,8382,26,4,19.73,78.92
21624,8383,10,1,17.95,17.95
21625,8383,31,4,184.0,736.0
21626,8384,51,1,39.12,39.12
21627,8384,47,1,49.17,49.17
21628,8384,15,3,51.14,153.42000000000002
21629,8385,22,3,220.87,662.61
21630,8385,15,2,50.41,100.82
21631,8385,11,4,46.2,184.8
21632,8385,41,4,50.26,201.04
21633,8385,4,2,46.64,93.28
21634,8386,40,1,17.87,17.87
21635,8386,36,3,30.57,91.71000000000001
21636,8386,42,2,62.12,124.24
21637,8387,51,3,40.48,121.44
21638,8388,55,3,29.59,88.77
21639,8388,16,3,392.9,1178.6999999999998
21640,8389,1,4,12.16,48.64
21641,8389,55,3,32.14,96.42
21642,8389,23,3,99.97,299.90999999999997
21643,8389,42,3,70.56,211.68
21644,8390,48,4,103.09,412.36
21645,8390,29,2,36.9,73.8
21646,8390,20,3,13.99,41.97
21647,8390,30,3,96.75,290.25
21648,8391,49,3,24.62,73.86
21649,8391,39,3,30.61,91.83
21650,8391,7,3,14.99,44.97
21651,8391,10,4,17.39,69.56
21652,8391,50,1,15.72,15.72
21653,8392,39,4,34.29,137.16
21654,8392,28,1,62.71,62.71
21655,8392,50,2,15.16,30.32
21656,8393,8,2,122.35,244.7
21657,8393,15,2,53.25,106.5
21658,8393,9,2,58.06,116.12
21659,8393,17,4,139.31,557.24
21660,8393,39,1,31.26,31.26
21661,8394,25,1,28.33,28.33
21662,8394,12,3,68.72,206.16
21663,8395,1,3,11.76,35.28
21664,8396,8,3,119.71,359.13
21665,8396,54,3,21.6,64.80000000000001
21666,8397,15,3,50.28,150.84
21667,8397,20,4,15.12,60.48
21668,8397,35,4,15.05,60.2
21669,8397,6,2,21.0,42.0
21670,8398,50,4,15.19,60.76
21671,8398,44,4,77.27,309.08
21672,8398,48,1,91.09,91.09
21673,8399,13,2,52.33,104.66
21674,8399,25,3,29.65,88.94999999999999
21675,8399,54,4,22.93,91.72
21676,8399,14,1,35.22,35.22
21677,8400,15,1,57.18,57.18
21678,8400,40,2,18.57,37.14
21679,8401,33,3,43.14,129.42000000000002
21680,8402,50,4,16.33,65.32
21681,8402,27,3,23.97,71.91
21682,8402,54,4,21.05,84.2
21683,8403,14,4,33.66,134.64
21684,8403,48,3,91.55,274.65
21685,8404,17,3,147.8,443.40000000000003
21686,8405,24,2,19.16,38.32
21687,8406,20,3,14.23,42.69
21688,8407,4,4,45.72,182.88
21689,8407,9,3,56.38,169.14000000000001
21690,8407,30,3,103.74,311.21999999999997
21691,8408,42,3,64.9,194.70000000000002
21692,8408,11,1,40.22,40.22
21693,8408,29,3,36.0,108.0
21694,8409,14,2,36.47,72.94
21695,8409,39,3,32.23,96.69
21696,8409,32,3,19.68,59.04
21697,8410,46,3,54.45,163.35000000000002
21698,8410,15,2,50.53,101.06
21699,8411,4,4,46.35,185.4
21700,8411,18,3,72.02,216.06
21701,8412,17,1,152.82,152.82
21702,8412,55,1,31.95,31.95
21703,8412,35,4,15.85,63.4
21704,8413,5,3,38.91,116.72999999999999
21705,8414,6,3,23.8,71.4
21706,8415,46,4,55.3,221.2
21707,8415,26,4,17.92,71.68
21708,8415,3,1,29.15,29.15
21709,8415,40,1,17.63,17.63
21710,8415,15,2,56.38,112.76
21711,8416,9,1,53.2,53.2
21712,8417,7,2,14.31,28.62
21713,8417,39,1,32.37,32.37
21714,8417,5,4,36.67,146.68
21715,8418,26,1,17.66,17.66
21716,8418,4,2,48.03,96.06
21717,8418,17,4,151.01,604.04
21718,8419,27,4,23.85,95.4
21719,8420,16,3,409.08,1227.24
21720,8420,4,1,47.23,47.23
21721,8421,55,1,32.4,32.4
21722,8421,19,3,19.56,58.67999999999999
21723,8422,14,1,34.53,34.53
21724,8422,5,4,39.08,156.32
21725,8422,17,3,144.09,432.27
21726,8423,12,2,66.67,133.34
21727,8423,54,3,21.57,64.71000000000001
21728,8424,24,2,21.38,42.76
21729,8425,44,1,78.79,78.79
21730,8425,52,4,23.27,93.08
21731,8426,9,2,57.67,115.34
21732,8427,53,3,44.06,132.18
21733,8428,54,1,21.64,21.64
21734,8428,30,2,99.37,198.74
21735,8428,12,2,64.07,128.14
21736,8429,34,2,34.78,69.56
21737,8429,30,4,97.66,390.64
21738,8429,14,4,33.8,135.2
21739,8430,39,3,32.96,98.88
21740,8430,29,2,36.86,73.72
21741,8430,35,3,14.49,43.47
21742,8431,1,2,12.31,24.62
21743,8432,24,3,20.64,61.92
21744,8432,6,1,22.37,22.37
21745,8433,53,4,44.61,178.44
21746,8434,34,2,30.89,61.78
21747,8434,30,1,95.7,95.7
21748,8434,11,1,40.79,40.79
21749,8435,20,4,14.11,56.44
21750,8436,28,3,62.58,187.74
21751,8436,12,1,63.24,63.24
21752,8436,37,3,53.76,161.28
21753,8437,49,3,24.05,72.15
21754,8437,22,2,236.96,473.92
21755,8437,7,4,15.25,61.0
21756,8437,45,1,66.55,66.55
21757,8438,54,1,23.57,23.57
21758,8438,47,4,47.5,190.0
21759,8439,25,3,28.14,84.42
21760,8439,53,4,41.61,166.44
21761,8439,42,4,66.99,267.96
21762,8440,31,2,176.87,353.74
21763,8440,26,3,17.89,53.67
21764,8440,27,4,22.27,89.08
21765,8440,7,2,15.53,31.06
21766,8440,32,2,19.12,38.24
21767,8441,25,2,29.03,58.06
21768,8441,17,3,159.32,477.96
21769,8441,44,2,74.96,149.92
21770,8442,10,1,18.24,18.24
21771,8443,21,3,91.59,274.77
21772,8444,12,3,62.49,187.47
21773,8444,48,3,94.66,283.98
21774,8444,3,1,28.99,28.99
21775,8445,25,1,27.23,27.23
21776,8445,2,2,91.84,183.68
21777,8445,48,4,95.48,381.92
21778,8445,9,3,52.92,158.76
21779,8445,50,4,15.21,60.84
21780,8446,7,4,15.52,62.08
21781,8446,25,2,28.82,57.64
21782,8447,42,3,65.62,196.86
21783,8448,32,2,18.57,37.14
21784,8448,20,3,15.39,46.17
21785,8448,12,2,66.55,133.1
21786,8448,45,4,69.87,279.48
21787,8449,11,3,40.83,122.49
21788,8449,2,2,81.84,163.68
21789,8449,24,3,21.27,63.81
21790,8450,35,4,15.59,62.36
21791,8450,13,2,51.1,102.2
21792,8450,40,1,18.81,18.81
21793,8451,41,2,51.19,102.38
21794,8452,24,1,21.09,21.09
21795,8452,29,4,36.64,146.56
21796,8452,17,1,138.49,138.49
21797,8452,39,4,32.2,128.8
21798,8453,11,4,40.52,162.08
21799,8454,5,2,41.34,82.68
21800,8454,53,1,42.69,42.69
21801,8454,45,1,73.33,73.33
21802,8455,53,1,40.94,40.94
21803,8456,34,1,34.69,34.69
21804,8456,15,1,55.0,55.0
21805,8456,9,2,52.72,105.44
21806,8456,47,2,45.34,90.68
21807,8456,32,3,18.26,54.78
21808,8457,40,4,18.03,72.12
21809,8458,46,2,59.47,118.94
21810,8459,23,4,92.3,369.2
21811,8459,2,4,91.06,364.24
21812,8459,34,2,33.51,67.02
21813,8459,20,3,14.76,44.28
21814,8460,6,3,20.98,62.94
21815,8461,41,4,47.14,188.56
21816,8462,19,2,19.28,38.56
21817,8462,2,1,91.23,91.23
21818,8463,12,4,68.93,275.72
21819,8464,19,3,17.24,51.72
21820,8464,31,3,173.9,521.7
21821,8465,38,1,70.2,70.2
21822,8465,32,2,19.2,38.4
21823,8466,22,4,211.18,844.72
21824,8466,47,3,43.79,131.37
21825,8466,33,1,47.69,47.69
21826,8466,52,1,22.1,22.1
21827,8467,46,4,55.98,223.92
21828,8467,16,3,398.71,1196.1299999999999
21829,8468,23,4,94.42,377.68
21830,8468,20,2,14.7,29.4
21831,8468,39,4,30.8,123.2
21832,8468,45,1,68.71,68.71
21833,8468,46,2,57.91,115.82
21834,8469,27,3,22.93,68.78999999999999
21835,8469,36,2,28.91,57.82
21836,8469,46,1,55.15,55.15
21837,8470,44,3,68.46,205.38
21838,8471,53,4,44.12,176.48
21839,8472,36,1,29.61,29.61
21840,8472,28,4,66.62,266.48
21841,8472,7,3,14.38,43.14
21842,8473,24,4,21.81,87.24
21843,8473,23,1,91.86,91.86
21844,8473,5,3,38.51,115.53
21845,8474,30,1,97.55,97.55
21846,8474,2,1,84.07,84.07
21847,8474,11,2,40.52,81.04
21848,8475,47,4,46.35,185.4
21849,8475,21,1,93.21,93.21
21850,8476,18,1,74.88,74.88
21851,8476,31,3,195.76,587.28
21852,8476,39,2,31.74,63.48
21853,8477,50,4,15.66,62.64
21854,8478,6,3,23.95,71.85
21855,8479,30,4,93.55,374.2
21856,8479,43,2,90.3,180.6
21857,8479,10,1,17.42,17.42
21858,8480,24,2,21.36,42.72
21859,8480,6,1,21.59,21.59
21860,8480,53,4,41.5,166.0
21861,8481,9,3,60.07,180.21
21862,8482,3,2,29.89,59.78
21863,8482,31,3,197.92,593.76
21864,8483,37,2,58.5,117.0
21865,8483,32,1,18.26,18.26
21866,8483,4,1,44.75,44.75
21867,8484,14,1,36.18,36.18
21868,8484,4,4,48.16,192.64
21869,8485,45,1,68.69,68.69
21870,8485,47,3,46.9,140.7
21871,8486,38,2,78.76,157.52
21872,8486,8,1,124.25,124.25
21873,8486,28,4,64.91,259.64
21874,8487,21,3,89.53,268.59000000000003
21875,8487,33,1,43.79,43.79
21876,8487,7,1,15.69,15.69
21877,8488,52,1,22.59,22.59
21878,8489,17,4,138.05,552.2
21879,8489,51,4,40.42,161.68
21880,8489,22,3,216.04,648.12
21881,8489,54,2,22.49,44.98
21882,8489,10,1,17.22,17.22
21883,8490,22,4,222.7,890.8
21884,8491,51,4,38.12,152.48
21885,8491,13,2,50.03,100.06
21886,8491,22,2,218.57,437.14
21887,8492,32,1,19.31,19.31
21888,8492,47,2,48.07,96.14
21889,8493,17,3,150.46,451.38
21890,8494,23,4,90.72,362.88
21891,8494,14,3,37.75,113.25
21892,8494,51,1,38.02,38.02
21893,8495,34,4,31.86,127.44
21894,8495,32,4,19.49,77.96
21895,8496,18,2,76.12,152.24
21896,8496,38,4,70.41,281.64
21897,8496,17,4,146.07,584.28
21898,8496,7,3,16.17,48.510000000000005
21899,8497,46,2,55.82,111.64
21900,8497,43,2,86.52,173.04
21901,8498,21,4,83.49,333.96
21902,8498,15,2,56.71,113.42
21903,8499,27,3,21.67,65.01
21904,8499,4,1,48.46,48.46
21905,8499,40,1,17.79,17.79
21906,8500,41,3,47.7,143.10000000000002
21907,8500,22,2,232.16,464.32
21908,8500,51,1,40.1,40.1
21909,8500,19,2,18.71,37.42
21910,8501,32,4,18.68,74.72
21911,8501,55,1,30.13,30.13
21912,8502,25,2,27.85,55.7
21913,8502,40,3,18.24,54.72
21914,8503,9,4,56.35,225.4
21915,8503,10,4,19.49,77.96
21916,8504,55,3,30.64,91.92
21917,8505,2,1,86.47,86.47
21918,8505,20,3,13.31,39.93
21919,8505,25,2,27.33,54.66
21920,8505,39,2,31.04,62.08
21921,8505,36,1,29.45,29.45
21922,8506,23,3,91.87,275.61
21923,8506,11,1,40.66,40.66
21924,8507,31,3,181.13,543.39
21925,8508,8,4,115.11,460.44
21926,8508,14,2,34.81,69.62
21927,8509,50,4,15.29,61.16
21928,8510,2,4,86.35,345.4
21929,8511,5,3,40.66,121.97999999999999
21930,8511,40,4,18.02,72.08
21931,8512,51,2,38.49,76.98
21932,8512,33,1,43.02,43.02
21933,8512,40,3,17.92,53.760000000000005
21934,8513,6,3,23.64,70.92
21935,8514,39,4,31.82,127.28
21936,8515,20,4,13.68,54.72
21937,8515,41,4,51.28,205.12
21938,8515,10,3,17.68,53.04
21939,8515,34,1,32.65,32.65
21940,8515,12,2,68.97,137.94
21941,8516,38,2,78.31,156.62
21942,8516,55,4,32.59,130.36
21943,8516,43,2,94.79,189.58
21944,8516,42,4,71.27,285.08
21945,8516,44,1,73.84,73.84
21946,8517,20,4,14.04,56.16
21947,8518,51,2,38.92,77.84
21948,8518,16,4,413.29,1653.16
21949,8519,28,4,62.2,248.8
21950,8519,10,1,19.11,19.11
21951,8520,45,1,73.12,73.12
21952,8520,11,4,40.67,162.68
21953,8521,35,1,15.27,15.27
21954,8521,50,4,14.63,58.52
21955,8521,24,1,19.34,19.34
21956,8521,53,1,45.29,45.29
21957,8521,42,2,65.71,131.42
21958,8522,34,2,31.19,62.38
21959,8522,35,3,15.84,47.519999999999996
21960,8523,15,2,55.97,111.94
21961,8523,46,3,56.95,170.85000000000002
21962,8523,50,2,15.05,30.1
21963,8524,31,3,188.89,566.67
21964,8524,29,1,34.29,34.29
21965,8524,16,1,391.57,391.57
21966,8524,13,2,51.51,103.02
21967,8525,9,4,57.42,229.68
21968,8526,17,1,153.81,153.81
21969,8526,6,3,21.58,64.74
21970,8526,31,1,197.71,197.71
21971,8527,11,3,42.2,126.60000000000001
21972,8527,4,3,44.62,133.85999999999999
21973,8527,36,1,29.22,29.22
21974,8527,38,4,73.93,295.72
21975,8528,51,2,38.94,77.88
21976,8529,17,3,145.14,435.41999999999996
21977,8530,26,1,18.71,18.71
21978,8530,18,1,77.33,77.33
21979,8530,27,2,23.52,47.04
21980,8530,54,3,22.81,68.42999999999999
21981,8530,51,3,38.88,116.64000000000001
21982,8531,30,4,95.83,383.32
21983,8532,34,2,30.5,61.0
21984,8532,19,4,18.05,72.2
21985,8533,35,4,15.88,63.52
21986,8533,16,3,389.2,1167.6
21987,8533,23,1,90.81,90.81
21988,8534,5,2,36.18,72.36
21989,8534,16,4,381.69,1526.76
21990,8535,2,2,82.46,164.92
21991,8536,27,1,24.19,24.19
21992,8536,7,4,15.27,61.08
21993,8537,9,1,54.92,54.92
21994,8537,35,2,14.73,29.46
21995,8537,18,2,75.33,150.66
21996,8537,42,1,65.79,65.79
21997,8538,20,2,14.4,28.8
21998,8538,25,4,28.14,112.56
21999,8538,28,2,68.12,136.24
22000,8539,5,2,41.27,82.54
22001,8539,26,3,18.19,54.57000000000001
22002,8539,33,2,45.35,90.7
22003,8540,4,4,44.29,177.16
22004,8540,42,2,69.09,138.18
22005,8540,40,3,18.91,56.730000000000004
22006,8541,14,2,35.38,70.76
22007,8542,23,2,103.69,207.38
22008,8543,45,1,71.03,71.03
22009,8544,41,1,49.24,49.24
22010,8544,1,1,11.93,11.93
22011,8545,48,4,94.57,378.28
22012,8545,13,2,51.45,102.9
22013,8545,49,2,24.57,49.14
22014,8546,25,3,28.8,86.4
22015,8546,34,4,33.89,135.56
22016,8546,31,3,172.51,517.53
22017,8547,33,1,48.2,48.2
22018,8548,27,2,21.72,43.44
22019,8548,53,4,42.18,168.72
22020,8549,45,3,69.96,209.88
22021,8549,5,2,38.57,77.14
22022,8550,46,4,56.95,227.8
22023,8551,51,1,40.39,40.39
22024,8552,4,4,44.44,177.76
22025,8552,35,3,15.9,47.7
22026,8552,10,4,17.36,69.44
22027,8553,25,3,27.74,83.22
22028,8553,39,2,34.21,68.42
22029,8553,1,2,11.6,23.2
22030,8553,34,1,31.67,31.67
22031,8553,30,4,92.03,368.12
22032,8554,15,1,56.79,56.79
22033,8554,39,2,30.62,61.24
22034,8554,30,2,93.95,187.9
22035,8554,50,3,15.13,45.39
22036,8555,38,4,71.19,284.76
22037,8556,44,2,76.25,152.5
22038,8557,2,1,90.97,90.97
22039,8557,52,2,21.05,42.1
22040,8557,10,3,18.94,56.82000000000001
22041,8558,27,1,21.05,21.05
22042,8558,8,1,131.74,131.74
22043,8558,2,1,87.58,87.58
22044,8559,22,4,239.67,958.68
22045,8559,42,4,68.94,275.76
22046,8559,49,1,25.15,25.15
22047,8560,26,1,18.31,18.31
22048,8560,37,4,55.58,222.32
22049,8560,21,4,81.82,327.28
22050,8561,12,4,69.12,276.48
22051,8562,40,4,17.78,71.12
22052,8562,23,2,94.35,188.7
22053,8563,10,1,17.91,17.91
22054,8563,50,4,14.95,59.8
22055,8563,37,2,53.24,106.48
22056,8563,23,2,92.89,185.78
22057,8564,25,3,28.92,86.76
22058,8565,46,1,52.53,52.53
22059,8566,29,2,33.8,67.6
22060,8566,31,1,197.99,197.99
22061,8566,52,3,21.0,63.0
22062,8567,23,3,95.25,285.75
22063,8568,6,4,23.75,95.0
22064,8569,53,1,42.56,42.56
22065,8570,4,3,49.23,147.69
22066,8570,23,4,99.95,399.8
22067,8571,11,1,41.23,41.23
22068,8571,17,2,153.31,306.62
22069,8571,13,2,51.65,103.3
22070,8571,51,1,36.25,36.25
22071,8571,35,1,15.06,15.06
22072,8572,8,4,122.4,489.6
22073,8573,44,4,72.24,288.96
22074,8573,13,1,51.67,51.67
22075,8574,42,2,65.18,130.36
22076,8574,1,2,12.58,25.16
22077,8575,46,1,53.4,53.4
22078,8575,24,4,21.58,86.32
22079,8576,21,1,89.18,89.18
22080,8576,6,3,21.07,63.21
22081,8577,27,3,23.23,69.69
22082,8577,25,1,27.91,27.91
22083,8578,2,1,92.67,92.67
22084,8579,19,2,19.09,38.18
22085,8579,46,1,56.63,56.63
22086,8580,46,2,57.32,114.64
22087,8580,50,1,16.34,16.34
22088,8581,3,4,27.16,108.64
22089,8581,20,4,13.88,55.52
22090,8581,30,1,97.1,97.1
22091,8581,7,2,14.44,28.88
22092,8581,43,3,90.64,271.92
22093,8582,31,2,177.53,355.06
22094,8583,6,3,22.14,66.42
22095,8583,4,2,48.53,97.06
22096,8584,34,4,32.5,130.0
22097,8584,52,1,21.37,21.37
22098,8585,55,3,30.63,91.89
22099,8585,49,2,25.35,50.7
22100,8585,19,4,17.48,69.92
22101,8586,13,2,51.93,103.86
22102,8587,1,1,11.56,11.56
22103,8587,25,2,30.57,61.14
22104,8588,14,2,37.65,75.3
22105,8588,28,4,64.4,257.6
22106,8588,37,1,59.24,59.24
22107,8589,49,3,24.04,72.12
22108,8589,16,4,378.3,1513.2
22109,8589,30,1,98.17,98.17
22110,8590,17,3,140.8,422.40000000000003
22111,8590,22,1,226.63,226.63
22112,8590,18,1,73.81,73.81
22113,8590,24,3,19.01,57.03
22114,8590,20,2,14.53,29.06
22115,8591,36,4,29.27,117.08
22116,8591,34,2,33.06,66.12
22117,8591,46,4,59.61,238.44
22118,8592,5,4,40.12,160.48
22119,8592,33,4,48.1,192.4
22120,8593,5,2,38.07,76.14
22121,8593,54,4,23.63,94.52
22122,8593,42,2,63.02,126.04
22123,8593,41,1,52.7,52.7
22124,8593,45,3,65.04,195.12
22125,8594,6,1,23.14,23.14
22126,8594,28,3,61.16,183.48
22127,8595,29,4,36.76,147.04
22128,8595,38,4,75.84,303.36
22129,8596,42,4,70.33,281.32
22130,8596,36,1,29.29,29.29
22131,8596,54,2,22.88,45.76
22132,8596,30,2,101.37,202.74
22133,8597,20,1,14.92,14.92
22134,8597,21,1,82.61,82.61
22135,8597,47,1,48.03,48.03
22136,8597,41,4,52.12,208.48
22137,8598,30,1,93.82,93.82
22138,8598,47,3,44.44,133.32
22139,8598,4,2,48.84,97.68
22140,8599,51,2,37.0,74.0
22141,8599,2,4,88.74,354.96
22142,8600,19,1,18.33,18.33
22143,8600,13,3,48.75,146.25
22144,8600,31,3,174.97,524.91
22145,8600,21,2,91.84,183.68
22146,8600,44,3,74.59,223.77
22147,8601,27,3,22.52,67.56
22148,8601,5,2,40.76,81.52
22149,8602,40,1,18.85,18.85
22150,8602,17,3,157.59,472.77
22151,8602,21,2,83.35,166.7
22152,8602,46,2,55.16,110.32
22153,8603,19,4,19.66,78.64
22154,8603,46,4,54.28,217.12
22155,8604,15,4,55.14,220.56
22156,8604,32,3,18.49,55.47
22157,8605,11,3,45.98,137.94
22158,8605,19,2,19.31,38.62
22159,8605,27,1,23.6,23.6
22160,8605,23,4,104.29,417.16
22161,8605,16,2,397.2,794.4
22162,8606,27,2,21.48,42.96
22163,8606,22,1,233.48,233.48
22164,8607,37,1,56.72,56.72
22165,8607,25,3,30.31,90.92999999999999
22166,8608,27,3,22.57,67.71000000000001
22167,8608,37,2,57.36,114.72
22168,8608,18,3,72.67,218.01
22169,8609,45,4,73.0,292.0
22170,8609,4,1,45.24,45.24
22171,8610,54,2,22.18,44.36
22172,8610,48,1,102.35,102.35
22173,8610,32,3,17.91,53.730000000000004
22174,8611,45,3,72.48,217.44
22175,8611,4,2,46.96,93.92
22176,8612,52,2,21.27,42.54
22177,8612,30,3,94.82,284.46
22178,8612,49,4,24.61,98.44
22179,8613,51,4,36.77,147.08
22180,8614,6,4,23.41,93.64
22181,8614,53,2,42.59,85.18
22182,8614,15,4,54.58,218.32
22183,8615,5,3,41.23,123.69
22184,8615,30,2,91.56,183.12
22185,8615,42,4,69.42,277.68
22186,8616,43,3,86.0,258.0
22187,8617,11,4,41.48,165.92
22188,8617,17,1,155.13,155.13
22189,8617,1,2,12.18,24.36
22190,8617,40,3,18.31,54.92999999999999
22191,8618,20,1,14.95,14.95
22192,8618,1,4,11.55,46.2
22193,8618,11,3,44.01,132.03
22194,8618,35,4,16.46,65.84
22195,8618,29,3,38.06,114.18
22196,8619,55,3,28.55,85.65
22197,8619,17,1,142.59,142.59
22198,8619,32,4,18.31,73.24
22199,8620,48,1,91.97,91.97
22200,8620,49,2,25.85,51.7
22201,8620,30,4,100.27,401.08
22202,8620,50,4,15.92,63.68
22203,8621,30,1,99.56,99.56
22204,8621,24,3,20.63,61.89
22205,8621,29,3,37.57,112.71000000000001
22206,8622,22,4,234.24,936.96
22207,8622,2,1,82.58,82.58
22208,8623,36,1,26.86,26.86
22209,8623,27,2,21.0,42.0
22210,8623,28,1,60.85,60.85
22211,8623,10,1,17.23,17.23
22212,8623,42,2,70.31,140.62
22213,8624,35,4,15.51,62.04
22214,8624,43,2,84.43,168.86
22215,8625,16,4,386.02,1544.08
22216,8625,5,4,41.68,166.72
22217,8625,8,4,131.76,527.04
22218,8625,11,2,42.51,85.02
22219,8626,48,2,97.19,194.38
22220,8626,30,1,91.42,91.42
22221,8626,29,1,36.96,36.96
22222,8627,8,1,130.78,130.78
22223,8628,50,2,14.36,28.72
22224,8628,51,1,37.94,37.94
22225,8628,5,1,38.08,38.08
22226,8629,48,2,98.37,196.74
22227,8629,32,4,18.17,72.68
22228,8629,37,4,57.41,229.64
22229,8630,5,3,37.52,112.56
22230,8630,54,3,21.42,64.26
22231,8630,8,3,130.14,390.41999999999996
22232,8630,9,4,56.28,225.12
22233,8630,23,2,104.26,208.52
22234,8631,24,4,20.97,83.88
22235,8631,47,1,47.82,47.82
22236,8631,8,2,118.49,236.98
22237,8631,21,4,86.18,344.72
22238,8632,6,2,21.38,42.76
22239,8632,1,1,11.7,11.7
22240,8632,28,2,66.41,132.82
22241,8632,24,2,21.49,42.98
22242,8633,46,1,59.18,59.18
22243,8633,17,2,151.89,303.78
22244,8634,44,2,75.54,151.08
22245,8634,4,1,43.26,43.26
22246,8634,50,4,14.62,58.48
22247,8635,27,4,21.82,87.28
22248,8635,48,1,100.38,100.38
22249,8635,28,2,62.21,124.42
22250,8635,21,1,87.25,87.25
22251,8636,17,4,147.06,588.24
22252,8636,53,4,43.65,174.6
22253,8636,14,1,38.32,38.32
22254,8637,33,1,46.32,46.32
22255,8637,3,2,28.04,56.08
22256,8638,34,1,31.05,31.05
22257,8638,52,4,22.56,90.24
22258,8638,35,3,15.27,45.81
22259,8639,54,4,23.16,92.64
22260,8639,28,2,61.03,122.06
22261,8640,20,2,14.19,28.38
22262,8640,31,1,180.81,180.81
22263,8641,30,4,103.9,415.6
22264,8642,26,1,17.8,17.8
22265,8642,55,2,31.12,62.24
22266,8642,12,4,66.43,265.72
22267,8643,39,4,32.1,128.4
22268,8643,34,1,33.1,33.1
22269,8643,23,4,90.98,363.92
22270,8644,53,1,40.62,40.62
22271,8644,42,3,67.92,203.76
22272,8644,49,2,23.99,47.98
22273,8645,3,2,27.31,54.62
22274,8645,7,3,14.32,42.96
22275,8646,17,1,149.56,149.56
22276,8647,21,2,92.95,185.9
22277,8647,44,1,73.1,73.1
22278,8647,40,1,18.54,18.54
22279,8648,30,3,94.68,284.04
22280,8648,25,3,29.35,88.05000000000001
22281,8648,5,3,39.7,119.10000000000001
22282,8649,44,4,77.22,308.88
22283,8649,37,4,58.98,235.92
22284,8649,26,2,18.24,36.48
22285,8650,49,4,25.33,101.32
22286,8650,43,3,91.69,275.07
22287,8650,18,3,76.2,228.60000000000002
22288,8651,36,4,29.81,119.24
22289,8651,53,1,40.09,40.09
22290,8651,12,2,64.05,128.1
22291,8652,4,4,45.19,180.76
22292,8652,39,4,30.97,123.88
22293,8653,16,2,368.21,736.42
22294,8653,53,3,42.3,126.89999999999999
22295,8654,47,2,45.95,91.9
22296,8654,31,3,182.96,548.88
22297,8654,2,2,88.88,177.76
22298,8655,21,1,84.97,84.97
22299,8655,14,3,33.86,101.58
22300,8656,12,4,65.4,261.6
22301,8656,40,2,17.71,35.42
22302,8656,32,4,17.19,68.76
22303,8657,48,2,99.6,199.2
22304,8657,28,4,66.74,266.96
22305,8658,12,2,64.26,128.52
22306,8658,27,4,23.1,92.4
22307,8659,49,4,24.21,96.84
22308,8660,20,2,13.31,26.62
22309,8660,42,1,71.19,71.19
22310,8661,21,4,89.87,359.48
22311,8662,54,3,22.93,68.78999999999999
22312,8662,26,2,17.96,35.92
22313,8663,39,4,33.28,133.12
22314,8663,16,1,394.02,394.02
22315,8663,28,3,65.44,196.32
22316,8663,44,4,70.9,283.6
22317,8663,33,3,45.02,135.06
22318,8664,34,1,31.05,31.05
22319,8664,32,3,17.52,52.56
22320,8665,21,1,90.47,90.47
22321,8665,34,1,33.58,33.58
22322,8665,1,4,12.72,50.88
22323,8665,13,3,47.9,143.7
22324,8665,32,3,19.76,59.28
22325,8666,6,2,21.5,43.0
22326,8666,24,2,21.46,42.92
22327,8666,40,4,18.65,74.6
22328,8666,32,4,19.1,76.4
22329,8666,29,4,34.33,137.32
22330,8667,18,2,69.91,139.82
22331,8667,17,4,139.12,556.48
22332,8668,19,2,18.61,37.22
22333,8669,11,1,43.91,43.91
22334,8669,20,4,15.24,60.96
22335,8669,24,4,20.95,83.8
22336,8669,38,2,72.06,144.12
22337,8670,9,1,55.5,55.5
22338,8670,36,1,27.8,27.8
22339,8670,13,4,48.9,195.6
22340,8671,50,4,15.1,60.4
22341,8671,27,4,22.86,91.44
22342,8672,23,2,98.26,196.52
22343,8673,27,4,23.96,95.84
22344,8673,24,2,19.9,39.8
22345,8674,25,1,26.86,26.86
22346,8674,54,2,23.52,47.04
22347,8674,5,1,41.68,41.68
22348,8675,13,2,50.28,100.56
22349,8676,3,2,29.56,59.12
22350,8677,32,1,17.88,17.88
22351,8677,47,3,45.36,136.07999999999998
22352,8677,23,3,97.56,292.68
22353,8677,20,3,14.86,44.58
22354,8677,45,1,69.9,69.9
22355,8678,13,4,51.07,204.28
22356,8678,9,3,57.25,171.75
22357,8678,36,3,28.31,84.92999999999999
22358,8679,27,1,20.93,20.93
22359,8680,35,3,16.37,49.11
22360,8680,7,4,14.54,58.16
22361,8680,42,2,66.59,133.18
22362,8680,30,3,97.88,293.64
22363,8681,47,2,46.67,93.34
22364,8682,37,4,56.93,227.72
22365,8682,8,4,117.84,471.36
22366,8682,24,3,19.15,57.449999999999996
22367,8682,27,2,21.36,42.72
22368,8683,29,4,37.54,150.16
22369,8683,8,2,119.38,238.76
22370,8684,37,2,53.32,106.64
22371,8684,32,2,19.04,38.08
22372,8684,46,4,54.48,217.92
22373,8684,26,4,17.99,71.96
22374,8684,33,1,47.79,47.79
22375,8685,8,3,122.08,366.24
22376,8685,5,1,41.74,41.74
22377,8685,48,1,97.03,97.03
22378,8686,21,2,84.95,169.9
22379,8686,38,3,71.93,215.79000000000002
22380,8686,28,3,63.37,190.10999999999999
22381,8687,34,4,34.43,137.72
22382,8687,48,1,95.79,95.79
22383,8687,10,2,18.79,37.58
22384,8688,10,1,18.81,18.81
22385,8689,49,1,23.98,23.98
22386,8689,44,2,72.99,145.98
22387,8689,7,4,15.28,61.12
22388,8689,55,2,32.75,65.5
22389,8690,23,4,104.19,416.76
22390,8690,12,3,68.19,204.57
22391,8691,34,2,34.7,69.4
22392,8691,49,2,23.84,47.68
22393,8691,37,3,53.38,160.14000000000001
22394,8692,49,4,27.42,109.68
22395,8692,45,2,70.19,140.38
22396,8693,11,4,44.07,176.28
22397,8693,16,2,393.27,786.54
22398,8693,12,2,64.64,129.28
22399,8693,24,3,19.27,57.81
22400,8694,28,4,65.06,260.24
22401,8694,33,3,43.97,131.91
22402,8694,10,3,17.79,53.37
22403,8694,48,4,96.88,387.52
22404,8695,8,2,120.67,241.34
22405,8695,54,3,21.23,63.69
22406,8696,42,1,62.84,62.84
22407,8697,28,2,64.66,129.32
22408,8697,21,3,83.79,251.37
22409,8697,40,1,18.55,18.55
22410,8697,12,4,63.11,252.44
22411,8698,12,2,64.63,129.26
22412,8698,49,1,25.37,25.37
22413,8698,41,3,48.35,145.05
22414,8698,54,1,22.45,22.45
22415,8698,26,4,17.75,71.0
22416,8699,20,3,14.63,43.89
22417,8699,54,1,22.24,22.24
22418,8699,38,4,78.52,314.08
22419,8700,5,4,36.68,146.72
22420,8701,5,3,39.25,117.75
22421,8701,35,1,14.74,14.74
22422,8701,17,1,145.91,145.91
22423,8701,45,3,65.32,195.95999999999998
22424,8701,34,3,33.85,101.55000000000001
22425,8702,53,4,42.53,170.12
22426,8702,13,2,51.57,103.14
22427,8702,15,4,49.62,198.48
22428,8703,39,1,33.51,33.51
22429,8703,35,1,16.16,16.16
22430,8703,31,4,182.09,728.36
22431,8703,18,4,76.73,306.92
22432,8704,19,3,18.05,54.150000000000006
22433,8704,48,4,103.83,415.32
22434,8705,13,3,50.89,152.67000000000002
22435,8705,35,3,14.48,43.44
22436,8706,35,4,15.33,61.32
22437,8707,54,3,23.5,70.5
22438,8708,21,1,90.26,90.26
22439,8708,48,2,100.17,200.34
22440,8708,7,1,15.26,15.26
22441,8708,20,2,13.35,26.7
22442,8709,39,2,32.38,64.76
22443,8709,10,2,19.66,39.32
22444,8710,21,1,83.87,83.87
22445,8710,5,4,41.25,165.0
22446,8710,49,1,25.15,25.15
22447,8710,31,3,183.74,551.22
22448,8711,25,3,30.49,91.47
22449,8712,25,4,27.9,111.6
22450,8712,52,1,22.78,22.78
22451,8712,38,1,73.5,73.5
22452,8713,29,2,38.19,76.38
22453,8714,2,2,85.71,171.42
22454,8714,37,2,53.24,106.48
22455,8714,21,3,92.14,276.42
22456,8714,42,2,62.42,124.84
22457,8714,20,4,14.29,57.16
22458,8715,7,2,14.32,28.64
22459,8716,50,3,14.59,43.769999999999996
22460,8716,53,4,42.4,169.6
22461,8717,5,4,37.35,149.4
22462,8717,53,2,44.2,88.4
22463,8718,50,3,15.21,45.63
22464,8718,45,1,68.3,68.3
22465,8719,2,3,89.02,267.06
22466,8719,7,4,15.77,63.08
22467,8719,22,1,213.39,213.39
22468,8720,20,1,14.85,14.85
22469,8720,45,2,73.07,146.14
22470,8721,25,4,29.31,117.24
22471,8721,5,4,36.61,146.44
22472,8721,23,4,92.87,371.48
22473,8721,28,2,64.3,128.6
22474,8721,49,1,26.23,26.23
22475,8722,19,3,19.53,58.59
22476,8722,27,3,21.39,64.17
22477,8722,2,4,88.95,355.8
22478,8722,7,2,14.54,29.08
22479,8723,5,2,36.47,72.94
22480,8723,29,1,36.46,36.46
22481,8724,52,3,21.45,64.35
22482,8724,8,1,116.01,116.01
22483,8724,35,2,15.78,31.56
22484,8724,20,2,13.9,27.8
22485,8725,1,2,11.55,23.1
22486,8726,14,2,37.71,75.42
22487,8726,51,2,37.27,74.54
22488,8727,50,4,16.26,65.04
22489,8727,44,2,74.43,148.86
22490,8727,45,3,65.81,197.43
22491,8728,39,1,32.4,32.4
22492,8728,17,4,147.17,588.68
22493,8728,8,4,124.24,496.96
22494,8729,42,2,64.82,129.64
22495,8730,27,3,22.73,68.19
22496,8731,12,1,64.68,64.68
22497,8731,21,4,83.53,334.12
22498,8732,17,2,156.97,313.94
22499,8732,6,1,21.51,21.51
22500,8732,30,1,103.07,103.07
22501,8733,44,3,75.68,227.04000000000002
22502,8733,12,2,68.21,136.42
22503,8734,20,3,15.28,45.839999999999996
22504,8734,8,3,117.75,353.25
22505,8734,23,3,104.45,313.35
22506,8735,2,4,83.02,332.08
22507,8735,43,2,87.97,175.94
22508,8735,12,3,67.65,202.95000000000002
22509,8736,17,3,153.57,460.71
22510,8736,15,1,52.27,52.27
22511,8737,7,4,14.43,57.72
22512,8738,15,3,55.48,166.44
22513,8738,10,4,19.18,76.72
22514,8738,12,3,70.86,212.57999999999998
22515,8738,37,4,57.53,230.12
22516,8738,7,4,15.79,63.16
22517,8739,31,2,188.31,376.62
22518,8739,8,3,123.64,370.92
22519,8740,9,4,58.92,235.68
22520,8740,34,2,31.11,62.22
22521,8740,17,4,144.55,578.2
22522,8740,18,4,69.41,277.64
22523,8741,41,3,48.22,144.66
22524,8741,15,4,55.59,222.36
22525,8742,44,4,75.03,300.12
22526,8742,17,3,146.92,440.76
22527,8743,42,1,68.1,68.1
22528,8744,12,4,61.94,247.76
22529,8744,5,2,37.7,75.4
22530,8744,44,3,73.2,219.60000000000002
22531,8744,1,4,12.35,49.4
22532,8744,3,2,27.76,55.52
22533,8745,20,4,13.78,55.12
22534,8745,13,3,50.1,150.3
22535,8745,37,4,53.74,214.96
22536,8745,29,4,34.7,138.8
22537,8746,29,2,35.09,70.18
22538,8746,6,1,23.08,23.08
22539,8746,17,3,142.69,428.07
22540,8746,3,4,27.34,109.36
22541,8747,7,3,14.6,43.8
22542,8747,45,2,69.44,138.88
22543,8747,5,2,38.74,77.48
22544,8748,37,4,59.61,238.44
22545,8749,4,3,46.57,139.71
22546,8749,10,1,17.2,17.2
22547,8750,54,4,23.63,94.52
22548,8751,32,2,19.57,39.14
22549,8752,45,2,66.67,133.34
22550,8752,8,3,130.54,391.62
22551,8752,21,3,82.91,248.73
22552,8753,49,3,27.02,81.06
22553,8753,31,1,182.78,182.78
22554,8753,48,3,98.41,295.23
22555,8753,22,3,215.87,647.61
22556,8753,4,4,47.29,189.16
22557,8754,44,1,74.62,74.62
22558,8754,6,2,23.14,46.28
22559,8754,3,3,26.71,80.13
22560,8754,7,1,16.14,16.14
22561,8754,23,2,100.94,201.88
22562,8755,50,2,15.82,31.64
22563,8756,20,1,13.51,13.51
22564,8756,28,4,63.92,255.68
22565,8756,50,3,14.44,43.32
22566,8756,1,4,11.86,47.44
22567,8756,6,4,23.81,95.24
22568,8757,26,3,18.14,54.42
22569,8757,52,1,22.89,22.89
22570,8758,8,2,118.03,236.06
22571,8758,53,2,42.24,84.48
22572,8758,13,3,50.49,151.47
22573,8758,41,3,50.73,152.19
22574,8758,4,4,45.37,181.48
22575,8759,45,4,67.34,269.36
22576,8759,1,3,11.42,34.26
22577,8760,11,1,40.93,40.93
22578,8761,20,2,14.98,29.96
22579,8761,1,3,11.46,34.38
22580,8762,2,4,90.58,362.32
22581,8762,52,3,23.09,69.27
22582,8763,43,4,93.54,374.16
22583,8763,47,4,47.13,188.52
22584,8764,1,4,12.75,51.0
22585,8764,38,1,77.06,77.06
22586,8764,22,3,230.6,691.8
22587,8764,2,4,86.2,344.8
22588,8765,48,4,93.8,375.2
22589,8765,37,2,58.17,116.34
22590,8765,13,4,49.01,196.04
22591,8765,9,4,53.18,212.72
22592,8765,5,3,39.41,118.22999999999999
22593,8766,11,2,40.87,81.74
22594,8766,41,1,46.05,46.05
22595,8767,26,3,17.12,51.36
22596,8768,55,4,29.24,116.96
22597,8768,47,1,46.11,46.11
22598,8768,8,2,122.57,245.14
22599,8769,20,3,13.42,40.26
22600,8770,48,2,102.49,204.98
22601,8771,46,1,59.29,59.29
22602,8771,19,4,17.63,70.52
22603,8772,8,1,114.48,114.48
22604,8772,48,1,93.7,93.7
22605,8772,14,4,35.55,142.2
22606,8772,34,3,34.63,103.89000000000001
22607,8772,30,1,103.08,103.08
22608,8773,7,2,14.75,29.5
22609,8773,24,4,19.79,79.16
22610,8774,8,3,125.85,377.54999999999995
22611,8774,36,4,27.96,111.84
22612,8774,46,3,53.63,160.89000000000001
22613,8775,26,3,19.75,59.25
22614,8776,37,3,59.21,177.63
22615,8776,26,3,18.16,54.480000000000004
22616,8776,11,1,41.04,41.04
22617,8777,11,2,42.95,85.9
22618,8777,18,4,77.18,308.72
22619,8778,50,3,15.0,45.0
22620,8778,30,1,102.12,102.12
22621,8778,23,2,101.79,203.58
22622,8779,10,4,19.74,78.96
22623,8779,54,2,23.7,47.4
22624,8779,40,1,18.17,18.17
22625,8779,14,3,37.35,112.05000000000001
22626,8779,33,4,45.79,183.16
22627,8780,23,4,101.86,407.44
22628,8780,8,2,121.43,242.86
22629,8781,53,4,45.36,181.44
22630,8782,31,3,195.99,587.97
22631,8782,38,2,71.06,142.12
22632,8783,6,2,23.69,47.38
22633,8783,26,3,17.71,53.13
22634,8784,37,1,54.97,54.97
22635,8784,48,4,96.69,386.76
22636,8784,50,1,16.45,16.45
22637,8784,26,2,18.33,36.66
22638,8785,5,4,39.76,159.04
22639,8786,17,4,139.12,556.48
22640,8786,7,2,16.23,32.46
22641,8786,32,2,18.93,37.86
22642,8786,12,3,67.87,203.61
22643,8787,30,1,101.08,101.08
22644,8787,10,1,17.11,17.11
22645,8787,20,4,13.46,53.84
22646,8787,34,2,34.24,68.48
22647,8787,14,2,36.7,73.4
22648,8788,25,4,27.48,109.92
22649,8788,34,3,31.96,95.88
22650,8789,46,4,57.64,230.56
22651,8790,28,4,62.5,250.0
22652,8790,53,3,43.33,129.99
22653,8791,2,1,89.44,89.44
22654,8791,30,4,97.17,388.68
22655,8792,51,2,36.49,72.98
22656,8792,45,2,71.84,143.68
22657,8792,5,2,41.72,83.44
22658,8792,54,1,22.51,22.51
22659,8792,44,4,69.37,277.48
22660,8793,42,4,63.35,253.4
22661,8794,22,1,221.64,221.64
22662,8794,48,2,94.19,188.38
22663,8794,20,3,14.83,44.49
22664,8795,21,3,83.1,249.29999999999998
22665,8796,36,4,29.42,117.68
22666,8797,25,4,28.58,114.32
22667,8797,24,4,21.58,86.32
22668,8797,10,1,18.18,18.18
22669,8797,3,2,27.55,55.1
22670,8798,54,2,23.48,46.96
22671,8798,14,2,34.38,68.76
22672,8798,13,2,52.72,105.44
22673,8798,22,3,238.96,716.88
22674,8798,31,1,187.56,187.56
22675,8799,21,3,89.68,269.04
22676,8799,5,3,39.61,118.83
22677,8799,42,1,69.61,69.61
22678,8800,9,4,59.28,237.12
22679,8800,21,1,90.8,90.8
22680,8800,22,4,233.52,934.08
22681,8801,31,4,191.17,764.68
22682,8801,16,3,383.77,1151.31
22683,8802,18,2,73.88,147.76
22684,8802,21,1,88.64,88.64
22685,8802,4,1,47.76,47.76
22686,8803,47,4,44.96,179.84
22687,8803,20,1,14.45,14.45
22688,8803,5,3,40.71,122.13
22689,8804,11,4,40.94,163.76
22690,8804,40,1,19.42,19.42
22691,8804,25,3,28.74,86.22
22692,8804,13,4,51.8,207.2
22693,8805,52,3,22.09,66.27
22694,8806,55,1,30.74,30.74
22695,8806,54,3,22.85,68.55000000000001
22696,8806,34,3,33.14,99.42
22697,8806,3,1,26.86,26.86
22698,8806,29,1,35.07,35.07
22699,8807,26,2,18.49,36.98
22700,8807,50,2,14.3,28.6
22701,8807,42,3,69.86,209.57999999999998
22702,8807,18,3,68.79,206.37
22703,8808,22,1,224.12,224.12
22704,8809,19,3,19.31,57.92999999999999
22705,8810,18,3,73.57,220.70999999999998
22706,8811,39,2,33.15,66.3
22707,8811,27,4,21.41,85.64
22708,8812,39,2,32.18,64.36
22709,8813,52,1,21.21,21.21
22710,8814,53,2,43.25,86.5
22711,8814,25,2,29.72,59.44
22712,8814,49,2,26.26,52.52
22713,8815,40,4,17.38,69.52
22714,8816,23,4,96.28,385.12
22715,8816,13,1,50.79,50.79
22716,8816,2,1,80.97,80.97
22717,8817,29,3,35.07,105.21000000000001
22718,8818,46,1,56.51,56.51
22719,8818,52,1,23.39,23.39
22720,8819,50,2,16.39,32.78
22721,8819,24,1,20.06,20.06
22722,8819,14,4,35.89,143.56
22723,8820,31,3,180.46,541.38
22724,8821,13,3,52.22,156.66
22725,8821,8,3,126.04,378.12
22726,8821,6,3,24.19,72.57000000000001
22727,8822,18,4,69.71,278.84
22728,8822,50,4,16.2,64.8
22729,8822,27,3,22.55,67.65
22730,8822,30,4,102.92,411.68
22731,8822,19,1,17.84,17.84
22732,8823,46,2,54.72,109.44
22733,8824,19,1,19.32,19.32
22734,8824,36,4,30.67,122.68
22735,8825,40,2,17.13,34.26
22736,8826,32,4,17.41,69.64
22737,8827,50,1,15.03,15.03
22738,8827,47,1,47.14,47.14
22739,8828,12,4,68.96,275.84
22740,8828,11,1,46.05,46.05
22741,8829,14,2,37.04,74.08
22742,8829,25,1,29.88,29.88
22743,8829,35,1,15.31,15.31
22744,8830,55,1,32.57,32.57
22745,8830,16,1,402.2,402.2
22746,8830,44,1,71.41,71.41
22747,8830,23,3,92.16,276.48
22748,8831,46,2,58.73,117.46
22749,8831,8,1,130.98,130.98
22750,8831,34,2,33.77,67.54
22751,8831,53,4,41.89,167.56
22752,8832,7,3,16.36,49.08
22753,8832,45,1,73.37,73.37
22754,8832,19,2,17.3,34.6
22755,8832,48,2,97.6,195.2
22756,8833,22,4,218.98,875.92
22757,8833,24,2,19.32,38.64
22758,8834,46,2,52.59,105.18
22759,8834,12,3,69.87,209.61
22760,8834,30,3,92.72,278.15999999999997
22761,8835,34,3,30.68,92.03999999999999
22762,8836,6,3,22.48,67.44
22763,8836,24,2,20.46,40.92
22764,8836,26,4,18.12,72.48
22765,8837,29,4,36.75,147.0
22766,8837,39,3,33.17,99.51
22767,8837,4,4,45.0,180.0
22768,8838,43,2,87.61,175.22
22769,8839,24,4,20.91,83.64
22770,8839,54,1,24.15,24.15
22771,8839,21,4,84.46,337.84
22772,8839,51,4,40.75,163.0
22773,8839,39,3,34.91,104.72999999999999
22774,8840,42,2,64.98,129.96
22775,8841,18,4,75.77,303.08
22776,8842,49,2,25.52,51.04
22777,8842,37,4,52.64,210.56
22778,8842,8,4,115.18,460.72
22779,8842,54,2,23.1,46.2
22780,8842,14,1,36.1,36.1
22781,8843,2,3,90.38,271.14
22782,8843,53,1,45.8,45.8
22783,8843,13,4,48.67,194.68
22784,8844,2,2,87.98,175.96
22785,8844,27,1,22.88,22.88
22786,8844,52,2,21.24,42.48
22787,8845,31,2,171.13,342.26
22788,8845,43,4,85.82,343.28
22789,8846,12,1,62.51,62.51
22790,8847,13,1,47.8,47.8
22791,8847,26,2,18.04,36.08
22792,8847,25,1,27.85,27.85
22793,8848,29,4,35.98,143.92
22794,8848,23,3,93.29,279.87
22795,8849,5,2,38.07,76.14
22796,8850,10,4,18.0,72.0
22797,8850,9,1,60.35,60.35
22798,8850,21,2,83.17,166.34
22799,8851,29,1,36.68,36.68
22800,8851,1,4,12.14,48.56
22801,8852,52,1,24.05,24.05
22802,8852,37,3,56.06,168.18
22803,8852,10,1,17.35,17.35
22804,8853,52,3,21.05,63.150000000000006
22805,8853,36,4,30.06,120.24
22806,8854,24,3,19.43,58.29
22807,8854,43,3,89.19,267.57
22808,8855,42,4,62.89,251.56
22809,8856,31,1,171.87,171.87
22810,8857,22,2,232.88,465.76
22811,8857,54,4,21.69,86.76
22812,8858,46,4,56.66,226.64
22813,8858,38,4,76.01,304.04
22814,8859,49,4,26.7,106.8
22815,8859,25,2,27.02,54.04
22816,8859,32,2,17.45,34.9
22817,8860,30,2,92.63,185.26
22818,8860,53,3,44.03,132.09
22819,8860,48,1,99.06,99.06
22820,8861,40,2,18.16,36.32
22821,8862,19,4,19.61,78.44
22822,8863,2,4,89.61,358.44
22823,8863,5,2,36.73,73.46
22824,8863,33,1,47.78,47.78
22825,8863,49,2,24.58,49.16
22826,8864,1,3,11.79,35.37
22827,8864,48,1,97.54,97.54
22828,8864,54,3,21.24,63.72
22829,8864,13,1,48.5,48.5
22830,8864,7,1,15.52,15.52
22831,8865,32,4,18.26,73.04
22832,8866,43,2,93.25,186.5
22833,8866,19,2,17.98,35.96
22834,8867,48,4,92.98,371.92
22835,8867,21,3,83.75,251.25
22836,8867,14,4,33.67,134.68
22837,8868,26,1,19.3,19.3
22838,8869,36,1,30.33,30.33
22839,8869,54,2,21.42,42.84
22840,8869,27,2,21.44,42.88
22841,8870,46,3,60.33,180.99
22842,8871,27,4,21.5,86.0
22843,8871,49,4,24.58,98.32
22844,8872,5,2,39.77,79.54
22845,8872,48,2,95.13,190.26
22846,8872,4,3,46.08,138.24
22847,8873,12,1,64.38,64.38
22848,8873,38,4,72.96,291.84
22849,8874,5,4,36.21,144.84
22850,8874,31,2,178.94,357.88
22851,8875,47,2,45.57,91.14
22852,8875,21,3,88.02,264.06
22853,8876,17,3,142.83,428.49
22854,8877,12,3,64.31,192.93
22855,8877,6,2,21.56,43.12
22856,8877,19,2,18.46,36.92
22857,8877,54,2,22.0,44.0
22858,8878,17,4,152.91,611.64
22859,8879,2,1,86.25,86.25
22860,8879,26,2,19.38,38.76
22861,8879,11,4,40.18,160.72
22862,8880,12,1,68.24,68.24
22863,8881,55,4,29.69,118.76
22864,8881,48,1,101.98,101.98
22865,8881,25,2,28.64,57.28
22866,8881,40,2,18.38,36.76
22867,8882,15,3,53.32,159.96
22868,8882,32,1,18.08,18.08
22869,8882,20,4,13.9,55.6
22870,8883,45,3,67.9,203.70000000000002
22871,8883,26,4,18.8,75.2
22872,8883,41,3,49.19,147.57
22873,8884,48,3,97.63,292.89
22874,8884,33,3,49.0,147.0
22875,8885,9,3,55.56,166.68
22876,8885,4,1,47.67,47.67
22877,8886,51,2,38.08,76.16
22878,8886,44,1,73.08,73.08
22879,8886,41,4,47.12,188.48
22880,8887,28,2,65.75,131.5
22881,8887,23,3,101.29,303.87
22882,8888,12,4,63.09,252.36
22883,8888,13,1,49.49,49.49
22884,8888,38,3,71.74,215.21999999999997
22885,8888,39,1,31.31,31.31
22886,8889,2,4,84.44,337.76
22887,8889,42,2,64.13,128.26
22888,8889,38,1,75.71,75.71
22889,8889,5,3,39.75,119.25
22890,8889,20,4,15.03,60.12
22891,8890,9,3,57.29,171.87
22892,8890,41,1,51.38,51.38
22893,8890,42,1,64.36,64.36
22894,8891,42,2,62.28,124.56
22895,8891,34,2,32.36,64.72
22896,8892,48,2,103.41,206.82
22897,8892,49,1,26.31,26.31
22898,8893,36,3,29.45,88.35
22899,8894,11,4,43.19,172.76
22900,8894,35,3,16.44,49.32000000000001
22901,8894,19,2,19.27,38.54
22902,8895,29,2,36.41,72.82
22903,8895,10,3,19.22,57.66
22904,8896,20,4,14.35,57.4
22905,8897,45,2,70.16,140.32
22906,8897,9,1,55.72,55.72
22907,8898,1,4,12.81,51.24
22908,8898,10,3,17.84,53.519999999999996
22909,8899,18,2,69.3,138.6
22910,8899,14,1,36.47,36.47
22911,8899,46,1,53.0,53.0
22912,8899,54,1,22.15,22.15
22913,8900,26,4,17.15,68.6
22914,8900,46,3,55.06,165.18
22915,8900,1,3,11.72,35.160000000000004
22916,8901,35,3,15.75,47.25
22917,8902,6,3,23.91,71.73
22918,8902,35,3,14.41,43.230000000000004
22919,8902,36,4,28.34,113.36
22920,8902,17,4,142.81,571.24
22921,8903,18,3,78.75,236.25
22922,8903,32,2,19.28,38.56
22923,8903,3,2,29.39,58.78
22924,8904,47,2,48.13,96.26
22925,8904,9,3,53.66,160.98
22926,8905,12,3,65.98,197.94
22927,8905,47,4,45.78,183.12
22928,8905,51,2,38.45,76.9
22929,8906,29,4,33.29,133.16
22930,8907,51,3,36.69,110.07
22931,8908,8,3,123.68,371.04
22932,8908,34,2,30.48,60.96
22933,8908,30,2,103.67,207.34
22934,8908,54,2,23.05,46.1
22935,8908,6,4,21.19,84.76
22936,8909,50,4,14.86,59.44
22937,8910,52,1,23.31,23.31
22938,8910,7,1,15.08,15.08
22939,8911,41,1,49.14,49.14
22940,8911,52,2,21.19,42.38
22941,8911,17,3,138.65,415.95000000000005
22942,8911,43,4,91.53,366.12
22943,8912,24,1,21.56,21.56
22944,8913,30,3,101.49,304.46999999999997
22945,8913,46,1,56.51,56.51
22946,8913,16,1,417.71,417.71
22947,8913,55,2,30.67,61.34
22948,8914,23,3,95.31,285.93
22949,8914,17,4,141.69,566.76
22950,8914,55,4,31.95,127.8
22951,8915,16,3,388.82,1166.46
22952,8915,36,3,28.62,85.86
22953,8915,22,3,236.32,708.96
22954,8915,8,3,123.0,369.0
22955,8915,31,4,183.87,735.48
22956,8916,20,3,14.09,42.269999999999996
22957,8916,30,3,96.78,290.34000000000003
22958,8916,32,2,18.0,36.0
22959,8916,28,4,64.06,256.24
22960,8917,5,1,40.09,40.09
22961,8917,3,2,27.44,54.88
22962,8917,7,2,14.63,29.26
22963,8917,18,2,78.52,157.04
22964,8917,38,4,76.82,307.28
22965,8918,31,4,189.09,756.36
22966,8918,32,2,17.42,34.84
22967,8918,42,4,62.17,248.68
22968,8919,8,3,120.7,362.1
22969,8919,41,3,45.99,137.97
22970,8920,55,3,29.42,88.26
22971,8920,15,3,51.68,155.04
22972,8921,25,2,27.33,54.66
22973,8921,5,3,41.34,124.02000000000001
22974,8921,37,2,56.31,112.62
22975,8922,12,1,66.3,66.3
22976,8923,51,1,41.49,41.49
22977,8923,39,3,31.52,94.56
22978,8924,35,1,15.56,15.56
22979,8925,45,1,69.87,69.87
22980,8925,2,3,92.37,277.11
22981,8925,16,3,375.84,1127.52
22982,8926,29,3,36.42,109.26
22983,8926,33,3,48.1,144.3
22984,8926,14,3,36.9,110.69999999999999
22985,8927,2,3,87.53,262.59000000000003
22986,8927,37,2,57.19,114.38
22987,8927,48,2,103.23,206.46
22988,8927,4,2,45.78,91.56
22989,8927,25,3,28.82,86.46000000000001
22990,8928,23,2,102.14,204.28
22991,8929,19,1,18.65,18.65
22992,8929,22,2,231.07,462.14
22993,8929,21,4,83.74,334.96
22994,8929,39,4,32.23,128.92
22995,8929,2,3,83.39,250.17000000000002
22996,8930,25,3,30.25,90.75
22997,8931,18,1,77.22,77.22
22998,8931,15,3,52.65,157.95
22999,8932,36,3,30.43,91.28999999999999
23000,8932,46,3,59.67,179.01
23001,8932,39,1,34.52,34.52
23002,8932,48,3,97.96,293.88
23003,8933,1,3,12.01,36.03
23004,8933,22,2,222.7,445.4
23005,8933,28,3,65.59,196.77
23006,8934,3,3,26.86,80.58
23007,8934,16,2,363.65,727.3
23008,8934,30,1,102.86,102.86
23009,8935,32,2,17.34,34.68
23010,8936,2,3,91.45,274.35
23011,8936,25,4,26.61,106.44
23012,8936,30,4,91.62,366.48
23013,8936,26,4,17.76,71.04
23014,8936,23,4,97.8,391.2
23015,8937,17,1,139.2,139.2
23016,8937,29,1,37.97,37.97
23017,8938,8,2,120.0,240.0
23018,8938,45,4,71.86,287.44
23019,8938,49,2,26.32,52.64
23020,8938,51,3,41.79,125.37
23021,8939,30,1,93.43,93.43
23022,8939,48,2,92.58,185.16
23023,8939,12,2,63.94,127.88
23024,8939,34,1,34.36,34.36
23025,8940,23,2,97.06,194.12
23026,8940,49,2,23.8,47.6
23027,8940,50,3,15.47,46.410000000000004
23028,8940,13,4,51.29,205.16
23029,8940,11,1,41.3,41.3
23030,8941,13,4,47.64,190.56
23031,8941,26,3,19.57,58.71
23032,8941,47,2,45.67,91.34
23033,8941,37,4,54.33,217.32
23034,8942,13,2,46.99,93.98
23035,8942,34,1,32.78,32.78
23036,8942,25,2,30.37,60.74
23037,8943,40,3,18.2,54.599999999999994
23038,8943,24,2,20.94,41.88
23039,8943,8,2,116.43,232.86
23040,8943,34,3,34.27,102.81
23041,8943,9,2,56.13,112.26
23042,8944,50,3,16.28,48.84
23043,8944,54,3,24.07,72.21000000000001
23044,8944,21,2,87.0,174.0
23045,8944,39,4,33.53,134.12
23046,8944,45,4,67.77,271.08
23047,8945,53,1,44.36,44.36
23048,8945,33,4,46.73,186.92
23049,8946,8,3,124.2,372.6
23050,8947,32,1,18.65,18.65
23051,8947,2,1,83.57,83.57
23052,8948,6,3,23.1,69.30000000000001
23053,8948,31,2,172.12,344.24
23054,8949,14,1,35.97,35.97
23055,8950,19,4,18.17,72.68
23056,8951,5,3,36.14,108.42
23057,8951,37,1,60.08,60.08
23058,8951,14,4,36.22,144.88
23059,8951,36,1,30.48,30.48
23060,8951,34,2,32.16,64.32
23061,8952,45,1,68.09,68.09
23062,8952,46,1,54.97,54.97
23063,8953,1,2,12.24,24.48
23064,8953,34,3,34.92,104.76
23065,8954,47,4,43.12,172.48
23066,8954,20,3,15.08,45.24
23067,8954,45,3,65.63,196.89
23068,8955,7,1,15.65,15.65
23069,8955,24,4,20.33,81.32
23070,8955,26,4,18.42,73.68
23071,8955,45,3,65.33,195.99
23072,8955,55,3,29.44,88.32000000000001
23073,8956,16,3,372.87,1118.6100000000001
23074,8956,5,1,39.24,39.24
23075,8957,29,4,38.15,152.6
23076,8957,51,3,37.91,113.72999999999999
23077,8958,54,1,21.96,21.96
23078,8959,9,4,59.31,237.24
23079,8959,23,3,100.04,300.12
23080,8960,11,1,40.8,40.8
23081,8960,18,2,69.96,139.92
23082,8961,30,1,101.57,101.57
23083,8961,53,1,44.37,44.37
23084,8961,4,3,43.63,130.89000000000001
23085,8961,2,3,82.16,246.48
23086,8962,34,1,32.58,32.58
23087,8963,54,3,23.96,71.88
23088,8963,8,2,122.6,245.2
23089,8963,4,1,48.73,48.73
23090,8964,11,2,43.03,86.06
23091,8964,49,2,25.75,51.5
23092,8964,35,2,16.36,32.72
23093,8965,17,2,140.11,280.22
23094,8965,8,1,119.06,119.06
23095,8965,53,3,45.14,135.42000000000002
23096,8965,35,1,15.44,15.44
23097,8966,52,1,23.9,23.9
23098,8966,37,1,54.75,54.75
23099,8966,47,3,43.44,130.32
23100,8967,5,3,40.11,120.33
23101,8967,47,4,47.46,189.84
23102,8968,21,1,84.45,84.45
23103,8968,19,1,18.15,18.15
23104,8969,49,3,24.47,73.41
23105,8969,6,3,23.01,69.03
23106,8969,15,1,54.13,54.13
23107,8969,28,3,60.76,182.28
23108,8969,1,3,12.89,38.67
23109,8970,12,4,70.11,280.44
23110,8971,16,1,382.16,382.16
23111,8971,32,4,17.1,68.4
23112,8972,24,2,20.83,41.66
23113,8972,34,2,30.92,61.84
23114,8973,24,2,19.51,39.02
23115,8973,46,2,59.16,118.32
23116,8973,14,2,34.57,69.14
23117,8974,21,3,83.72,251.16
23118,8974,37,1,55.08,55.08
23119,8975,23,1,90.29,90.29
23120,8975,17,2,145.57,291.14
23121,8975,48,3,96.87,290.61
23122,8975,43,2,89.34,178.68
23123,8976,17,2,142.02,284.04
23124,8976,32,2,17.45,34.9
23125,8977,12,1,63.93,63.93
23126,8977,43,1,94.37,94.37
23127,8977,48,2,103.89,207.78
23128,8978,38,2,68.88,137.76
23129,8978,43,4,88.84,355.36
23130,8978,25,1,28.82,28.82
23131,8979,13,2,50.36,100.72
23132,8979,42,1,62.73,62.73
23133,8979,5,3,37.94,113.82
23134,8979,36,4,28.47,113.88
23135,8979,1,3,12.46,37.38
23136,8980,7,3,16.27,48.81
23137,8980,41,1,50.71,50.71
23138,8980,11,2,43.12,86.24
23139,8981,23,1,90.9,90.9
23140,8981,8,1,126.85,126.85
23141,8981,50,1,15.85,15.85
23142,8982,55,3,29.76,89.28
23143,8982,15,2,56.11,112.22
23144,8982,13,4,50.5,202.0
23145,8983,32,2,19.74,39.48
23146,8983,6,2,24.02,48.04
23147,8983,21,1,83.87,83.87
23148,8983,17,3,146.34,439.02
23149,8984,22,2,214.28,428.56
23150,8984,3,4,27.94,111.76
23151,8985,36,2,30.07,60.14
23152,8986,41,2,52.08,104.16
23153,8987,43,2,87.27,174.54
23154,8987,23,4,102.82,411.28
23155,8987,50,3,16.28,48.84
23156,8987,1,4,13.09,52.36
23157,8987,28,1,67.12,67.12
23158,8988,6,2,23.53,47.06
23159,8988,4,2,44.99,89.98
23160,8988,22,4,228.27,913.08
23161,8988,23,3,98.04,294.12
23162,8989,55,4,32.31,129.24
23163,8989,9,1,59.28,59.28
23164,8990,31,1,188.19,188.19
23165,8990,16,3,402.63,1207.8899999999999
23166,8990,43,3,96.03,288.09000000000003
23167,8990,12,3,71.21,213.63
23168,8991,49,3,24.39,73.17
23169,8992,21,2,88.49,176.98
23170,8993,5,1,40.89,40.89
23171,8993,48,3,91.12,273.36
23172,8994,55,1,29.7,29.7
23173,8994,14,2,35.16,70.32
23174,8994,18,4,74.8,299.2
23175,8995,32,3,18.88,56.64
23176,8995,2,2,92.93,185.86
23177,8995,44,4,70.05,280.2
23178,8996,28,2,59.22,118.44
23179,8996,2,1,89.13,89.13
23180,8996,1,2,12.2,24.4
23181,8997,27,4,23.43,93.72
23182,8997,19,1,19.66,19.66
23183,8997,25,3,30.68,92.03999999999999
23184,8998,54,4,20.96,83.84
23185,8999,35,1,15.41,15.41
23186,8999,55,3,32.69,98.07
23187,9000,49,3,25.08,75.24
23188,9000,42,1,67.69,67.69
23189,9000,10,3,18.08,54.239999999999995
23190,9001,14,4,34.85,139.4
23191,9001,43,4,94.11,376.44
23192,9001,24,3,19.65,58.949999999999996
23193,9002,2,1,82.75,82.75
23194,9002,40,1,19.06,19.06
23195,9002,17,1,150.18,150.18
23196,9002,52,2,23.25,46.5
23197,9003,40,3,17.66,52.980000000000004
23198,9003,45,1,66.71,66.71
23199,9003,51,2,37.1,74.2
23200,9004,9,4,53.92,215.68
23201,9004,48,1,101.5,101.5
23202,9005,12,2,63.67,127.34
23203,9006,41,3,50.25,150.75
23204,9006,39,1,32.47,32.47
23205,9007,38,4,76.69,306.76
23206,9007,44,4,71.88,287.52
23207,9007,30,4,91.89,367.56
23208,9007,28,2,62.2,124.4
23209,9008,10,3,17.71,53.13
23210,9008,49,1,26.75,26.75
23211,9008,42,4,61.98,247.92
23212,9008,4,2,48.38,96.76
23213,9008,8,2,118.72,237.44
23214,9009,18,4,74.03,296.12
23215,9010,11,2,43.67,87.34
23216,9011,20,4,13.42,53.68
23217,9012,29,1,35.65,35.65
23218,9013,3,1,29.17,29.17
23219,9013,2,3,86.56,259.68
23220,9013,1,2,12.08,24.16
23221,9014,30,4,93.32,373.28
23222,9015,12,1,63.13,63.13
23223,9015,10,3,19.62,58.86
23224,9015,25,4,28.32,113.28
23225,9015,45,1,67.89,67.89
23226,9016,14,4,37.21,148.84
23227,9016,15,1,56.71,56.71
23228,9016,50,3,15.46,46.38
23229,9017,11,1,42.86,42.86
23230,9017,48,3,93.77,281.31
23231,9018,40,1,19.23,19.23
23232,9019,7,3,16.45,49.349999999999994
23233,9019,30,4,102.59,410.36
23234,9019,29,1,36.16,36.16
23235,9020,10,2,19.04,38.08
23236,9020,24,4,21.14,84.56
23237,9020,55,3,31.52,94.56
23238,9020,7,3,14.29,42.87
23239,9021,32,4,18.02,72.08
23240,9021,20,3,14.94,44.82
23241,9021,30,3,102.4,307.20000000000005
23242,9021,4,2,45.8,91.6
23243,9021,21,1,86.36,86.36
23244,9022,37,4,57.46,229.84
23245,9023,19,1,17.34,17.34
23246,9023,46,4,59.27,237.08
23247,9024,10,4,18.3,73.2
23248,9024,45,3,66.67,200.01
23249,9024,50,2,16.31,32.62
23250,9025,5,1,37.68,37.68
23251,9026,16,4,408.3,1633.2
23252,9027,7,2,14.57,29.14
23253,9028,38,3,71.99,215.96999999999997
23254,9028,30,3,101.04,303.12
23255,9028,29,2,35.92,71.84
23256,9029,55,4,30.64,122.56
23257,9029,28,3,65.2,195.60000000000002
23258,9029,54,3,21.81,65.42999999999999
23259,9030,40,2,18.9,37.8
23260,9030,52,1,22.16,22.16
23261,9030,53,4,43.52,174.08
23262,9031,45,2,70.0,140.0
23263,9031,12,1,65.72,65.72
23264,9031,6,3,23.8,71.4
23265,9031,54,2,22.79,45.58
23266,9032,47,2,45.43,90.86
23267,9033,52,2,23.6,47.2
23268,9034,55,2,32.37,64.74
23269,9034,18,2,78.46,156.92
23270,9035,50,3,15.28,45.839999999999996
23271,9036,15,4,50.65,202.6
23272,9037,30,3,95.12,285.36
23273,9037,29,1,35.17,35.17
23274,9037,38,2,72.94,145.88
23275,9038,23,3,92.93,278.79
23276,9039,43,2,92.72,185.44
23277,9040,30,4,100.32,401.28
23278,9040,6,4,21.93,87.72
23279,9040,29,4,37.87,151.48
23280,9040,47,4,48.43,193.72
23281,9041,53,1,42.8,42.8
23282,9041,36,1,30.75,30.75
23283,9041,9,1,56.19,56.19
23284,9042,14,1,35.12,35.12
23285,9043,51,1,39.72,39.72
23286,9043,12,2,62.66,125.32
23287,9044,3,3,30.31,90.92999999999999
23288,9045,25,3,29.06,87.17999999999999
23289,9046,15,2,56.74,113.48
23290,9046,6,2,21.22,42.44
23291,9046,14,4,36.56,146.24
23292,9047,13,2,48.27,96.54
23293,9048,49,2,25.65,51.3
23294,9048,42,4,70.91,283.64
23295,9048,33,3,47.52,142.56
23296,9049,4,2,43.59,87.18
23297,9050,27,2,22.71,45.42
23298,9050,2,1,82.72,82.72
23299,9050,22,4,215.5,862.0
23300,9051,1,3,11.42,34.26
23301,9051,53,2,44.99,89.98
23302,9051,9,2,59.89,119.78
23303,9052,53,3,45.92,137.76
23304,9053,50,2,15.73,31.46
23305,9053,55,1,29.21,29.21
23306,9054,47,3,44.43,133.29
23307,9054,43,3,92.26,276.78000000000003
23308,9054,26,4,18.14,72.56
23309,9054,34,3,32.02,96.06
23310,9054,5,1,39.06,39.06
23311,9055,13,1,50.47,50.47
23312,9055,18,1,76.94,76.94
23313,9055,36,4,27.56,110.24
23314,9055,54,3,22.01,66.03
23315,9055,29,2,37.97,75.94
23316,9056,32,1,17.16,17.16
23317,9056,28,3,63.39,190.17000000000002
23318,9056,3,3,28.53,85.59
23319,9056,48,2,101.05,202.1
23320,9057,43,3,84.19,252.57
23321,9057,13,2,50.01,100.02
23322,9057,4,3,42.81,128.43
23323,9058,15,1,56.99,56.99
23324,9058,26,2,19.47,38.94
23325,9059,53,1,41.82,41.82
23326,9060,20,1,13.63,13.63
23327,9060,30,4,97.47,389.88
23328,9061,10,2,18.62,37.24
23329,9061,18,2,74.05,148.1
23330,9061,20,4,13.51,54.04
23331,9061,21,3,84.36,253.07999999999998
23332,9062,55,4,32.02,128.08
23333,9062,36,4,26.61,106.44
23334,9062,37,3,56.19,168.57
23335,9062,2,3,88.09,264.27
23336,9062,30,4,95.07,380.28
23337,9063,44,2,72.82,145.64
23338,9064,45,1,72.71,72.71
23339,9064,3,1,26.94,26.94
23340,9064,24,1,19.19,19.19
23341,9065,44,2,73.46,146.92
23342,9065,50,3,15.15,45.45
23343,9066,39,3,33.56,100.68
23344,9066,42,2,64.89,129.78
23345,9066,38,2,78.84,157.68
23346,9067,25,2,28.06,56.12
23347,9067,9,3,56.42,169.26
23348,9068,41,4,51.36,205.44
23349,9068,36,4,30.18,120.72
23350,9068,21,4,88.78,355.12
23351,9069,43,2,96.46,192.92
23352,9069,39,4,32.41,129.64
23353,9070,30,2,95.5,191.0
23354,9070,7,2,15.49,30.98
23355,9071,15,1,53.88,53.88
23356,9071,36,4,30.63,122.52
23357,9071,50,1,15.88,15.88
23358,9071,22,2,224.95,449.9
23359,9071,9,1,57.79,57.79
23360,9072,44,1,77.95,77.95
23361,9072,38,3,68.51,205.53000000000003
23362,9073,22,4,219.69,878.76
23363,9074,44,3,77.56,232.68
23364,9074,1,3,12.43,37.29
23365,9075,14,2,35.76,71.52
23366,9076,19,4,18.57,74.28
23367,9076,17,1,158.01,158.01
23368,9077,19,2,18.77,37.54
23369,9077,31,1,192.2,192.2
23370,9078,52,1,23.22,23.22
23371,9079,15,1,51.46,51.46
23372,9079,8,3,117.5,352.5
23373,9079,3,2,29.02,58.04
23374,9080,4,1,44.61,44.61
23375,9080,33,2,48.72,97.44
23376,9080,17,4,152.73,610.92
23377,9080,43,3,96.68,290.04
23378,9081,55,4,29.78,119.12
23379,9082,13,4,51.19,204.76
23380,9082,4,1,45.99,45.99
23381,9083,51,3,36.68,110.03999999999999
23382,9083,18,2,70.43,140.86
23383,9083,13,1,50.89,50.89
23384,9083,43,2,94.25,188.5
23385,9084,7,3,14.62,43.86
23386,9085,27,3,21.51,64.53
23387,9086,25,3,30.34,91.02
23388,9086,15,1,52.1,52.1
23389,9086,47,2,44.22,88.44
23390,9087,43,3,87.57,262.71
23391,9087,26,3,18.89,56.67
23392,9087,20,2,14.01,28.02
23393,9087,40,3,17.38,52.14
23394,9088,45,3,64.83,194.49
23395,9088,53,3,42.93,128.79
23396,9088,46,4,56.75,227.0
23397,9089,21,1,90.23,90.23
23398,9089,1,2,11.75,23.5
23399,9090,21,1,82.54,82.54
23400,9090,24,3,19.54,58.62
23401,9091,21,1,85.64,85.64
23402,9091,27,3,23.57,70.71000000000001
23403,9091,3,1,26.79,26.79
23404,9091,30,4,97.83,391.32
23405,9091,17,4,145.17,580.68
23406,9092,29,1,37.99,37.99
23407,9092,20,1,13.62,13.62
23408,9093,32,1,17.42,17.42
23409,9093,17,2,158.63,317.26
23410,9094,18,4,76.67,306.68
23411,9094,43,3,96.41,289.23
23412,9094,51,3,37.94,113.82
23413,9095,26,3,17.42,52.260000000000005
23414,9095,41,3,50.47,151.41
23415,9096,53,4,43.65,174.6
23416,9097,17,1,156.54,156.54
23417,9097,37,3,60.04,180.12
23418,9097,41,4,51.04,204.16
23419,9097,54,4,22.5,90.0
23420,9097,19,1,17.54,17.54
23421,9098,5,3,41.4,124.19999999999999
23422,9099,18,1,70.86,70.86
23423,9100,47,1,45.83,45.83
23424,9100,44,3,73.76,221.28000000000003
23425,9101,26,3,17.89,53.67
23426,9101,42,2,64.11,128.22
23427,9101,28,1,62.36,62.36
23428,9102,39,2,33.11,66.22
23429,9102,3,1,29.43,29.43
23430,9102,13,2,45.77,91.54
23431,9102,36,2,29.55,59.1
23432,9102,54,1,21.62,21.62
23433,9103,55,4,30.83,123.32
23434,9103,1,3,12.38,37.14
23435,9103,42,1,64.99,64.99
23436,9104,53,4,42.13,168.52
23437,9104,7,3,14.3,42.900000000000006
23438,9104,20,3,15.03,45.089999999999996
23439,9105,42,4,68.79,275.16
23440,9105,46,2,56.12,112.24
23441,9106,7,4,14.57,58.28
23442,9106,38,3,75.17,225.51
23443,9106,31,4,188.88,755.52
23444,9107,42,3,68.05,204.14999999999998
23445,9107,48,4,101.13,404.52
23446,9107,44,4,73.15,292.6
23447,9108,27,2,21.85,43.7
23448,9108,6,1,23.69,23.69
23449,9108,9,3,58.91,176.73
23450,9108,7,4,14.76,59.04
23451,9109,7,2,16.35,32.7
23452,9109,12,3,65.07,195.20999999999998
23453,9109,28,4,59.99,239.96
23454,9109,53,1,42.21,42.21
23455,9110,39,2,32.96,65.92
23456,9110,50,3,16.03,48.09
23457,9110,26,2,18.94,37.88
23458,9111,3,3,27.14,81.42
23459,9111,41,2,52.04,104.08
23460,9111,5,3,38.25,114.75
23461,9111,33,1,42.9,42.9
23462,9111,17,3,153.53,460.59000000000003
23463,9112,25,1,26.72,26.72
23464,9112,26,4,19.43,77.72
23465,9113,17,4,153.37,613.48
23466,9113,42,4,64.05,256.2
23467,9114,44,4,74.4,297.6
23468,9114,50,1,15.05,15.05
23469,9114,14,1,38.48,38.48
23470,9115,10,1,18.13,18.13
23471,9115,5,2,40.13,80.26
23472,9115,42,2,62.18,124.36
23473,9115,7,1,15.25,15.25
23474,9116,35,4,15.31,61.24
23475,9116,55,3,30.9,92.69999999999999
23476,9116,47,2,44.6,89.2
23477,9116,8,1,116.3,116.3
23478,9116,14,4,36.29,145.16
23479,9117,26,2,18.33,36.66
23480,9117,20,2,14.57,29.14
23481,9117,49,4,25.32,101.28
23482,9117,48,1,93.07,93.07
23483,9118,52,2,23.99,47.98
23484,9118,43,3,91.48,274.44
23485,9118,19,3,19.03,57.09
23486,9119,6,2,21.0,42.0
23487,9120,16,4,370.88,1483.52
23488,9121,55,1,30.04,30.04
23489,9121,46,4,58.09,232.36
23490,9122,28,4,59.55,238.2
23491,9123,16,3,392.96,1178.8799999999999
23492,9123,27,3,21.85,65.55000000000001
23493,9124,22,1,223.12,223.12
23494,9124,30,3,101.8,305.4
23495,9124,10,1,19.53,19.53
23496,9125,29,3,36.52,109.56
23497,9125,35,3,16.27,48.81
23498,9126,27,1,23.91,23.91
23499,9126,30,2,102.96,205.92
23500,9127,50,2,15.01,30.02
23501,9127,20,2,14.02,28.04
23502,9127,9,4,58.07,232.28
23503,9127,41,2,51.58,103.16
23504,9127,38,4,76.9,307.6
23505,9128,15,4,56.77,227.08
23506,9128,23,1,100.06,100.06
23507,9128,35,1,15.82,15.82
23508,9128,4,1,49.39,49.39
23509,9129,52,3,21.44,64.32000000000001
23510,9129,46,3,55.33,165.99
23511,9130,7,1,16.15,16.15
23512,9130,36,1,28.12,28.12
23513,9130,40,3,17.13,51.39
23514,9131,29,3,35.44,106.32
23515,9131,44,3,78.66,235.98
23516,9132,54,1,22.63,22.63
23517,9132,38,2,70.57,141.14
23518,9132,24,1,19.49,19.49
23519,9132,47,1,43.97,43.97
23520,9132,5,1,38.82,38.82
23521,9133,4,1,44.61,44.61
23522,9134,43,2,88.29,176.58
23523,9134,1,3,12.84,38.519999999999996
23524,9134,8,1,126.06,126.06
23525,9134,23,3,92.81,278.43
23526,9135,38,3,73.9,221.70000000000002
23527,9135,24,1,21.85,21.85
23528,9136,3,1,30.12,30.12
23529,9136,24,4,19.29,77.16
23530,9136,26,4,19.34,77.36
23531,9136,6,1,22.87,22.87
23532,9136,30,4,98.63,394.52
23533,9137,12,2,67.8,135.6
23534,9137,52,2,21.58,43.16
23535,9137,41,4,48.21,192.84
23536,9137,47,4,48.48,193.92
23537,9137,43,1,84.33,84.33
23538,9138,39,4,33.46,133.84
23539,9138,20,3,14.28,42.839999999999996
23540,9139,41,2,51.45,102.9
23541,9139,23,4,93.31,373.24
23542,9139,10,3,18.26,54.78
23543,9139,30,2,91.04,182.08
23544,9139,21,1,93.12,93.12
23545,9140,21,1,80.93,80.93
23546,9140,22,2,221.29,442.58
23547,9141,40,2,17.81,35.62
23548,9141,36,1,28.43,28.43
23549,9141,9,3,58.13,174.39000000000001
23550,9142,14,4,34.57,138.28
23551,9142,40,1,19.52,19.52
23552,9142,7,3,16.07,48.21
23553,9143,33,2,49.46,98.92
23554,9144,38,3,71.75,215.25
23555,9144,5,3,40.97,122.91
23556,9144,40,2,19.36,38.72
23557,9144,51,1,40.03,40.03
23558,9145,49,2,25.1,50.2
23559,9145,29,3,35.25,105.75
23560,9146,31,3,194.84,584.52
23561,9146,55,4,29.49,117.96
23562,9146,1,3,13.12,39.36
23563,9147,20,4,14.6,58.4
23564,9147,10,1,18.98,18.98
23565,9147,2,1,84.05,84.05
23566,9147,11,2,42.89,85.78
23567,9148,31,1,177.81,177.81
23568,9148,27,4,21.92,87.68
23569,9149,43,2,87.32,174.64
23570,9149,1,2,12.53,25.06
23571,9149,19,2,18.84,37.68
23572,9150,37,1,58.28,58.28
23573,9150,28,4,67.81,271.24
23574,9151,2,1,82.93,82.93
23575,9151,28,3,66.31,198.93
23576,9151,55,1,29.46,29.46
23577,9151,32,3,17.46,52.38
23578,9151,48,1,96.59,96.59
23579,9152,54,4,21.27,85.08
23580,9152,55,4,32.38,129.52
23581,9152,12,3,62.69,188.07
23582,9153,14,1,33.66,33.66
23583,9154,18,1,72.89,72.89
23584,9154,31,2,193.36,386.72
23585,9155,42,1,61.85,61.85
23586,9155,12,2,67.53,135.06
23587,9156,12,2,66.15,132.3
23588,9156,19,2,18.92,37.84
23589,9156,38,4,70.24,280.96
23590,9157,20,3,13.61,40.83
23591,9157,49,4,25.82,103.28
23592,9157,13,4,52.05,208.2
23593,9158,22,1,210.63,210.63
23594,9159,17,1,156.87,156.87
23595,9159,55,4,28.55,114.2
23596,9159,6,3,23.84,71.52
23597,9160,5,4,38.92,155.68
23598,9161,14,1,34.16,34.16
23599,9161,27,3,21.34,64.02
23600,9161,41,4,50.55,202.2
23601,9162,11,2,42.77,85.54
23602,9162,38,4,78.68,314.72
23603,9162,55,3,30.03,90.09
23604,9162,6,2,23.91,47.82
23605,9163,40,2,19.48,38.96
23606,9163,14,3,34.14,102.42
23607,9164,48,3,94.36,283.08
23608,9165,32,3,19.03,57.09
23609,9166,14,3,36.28,108.84
23610,9166,2,4,91.13,364.52
23611,9166,43,2,96.05,192.1
23612,9166,15,1,55.39,55.39
23613,9167,12,4,66.69,266.76
23614,9167,7,1,15.68,15.68
23615,9167,14,2,38.27,76.54
23616,9167,40,4,19.06,76.24
23617,9167,39,4,34.13,136.52
23618,9168,52,4,22.19,88.76
23619,9169,4,2,49.18,98.36
23620,9170,43,2,92.5,185.0
23621,9170,15,3,54.7,164.10000000000002
23622,9170,9,1,55.25,55.25
23623,9171,29,3,38.09,114.27000000000001
23624,9171,12,2,68.62,137.24
23625,9171,25,1,29.82,29.82
23626,9171,24,1,19.74,19.74
23627,9171,11,2,45.93,91.86
23628,9172,10,4,18.85,75.4
23629,9172,38,2,69.45,138.9
23630,9173,24,1,21.51,21.51
23631,9173,50,3,14.34,43.019999999999996
23632,9173,21,3,87.27,261.81
23633,9173,31,3,191.81,575.4300000000001
23634,9173,17,2,158.99,317.98
23635,9174,46,2,58.86,117.72
23636,9175,31,1,189.43,189.43
23637,9175,42,4,62.02,248.08
23638,9175,45,1,66.37,66.37
23639,9176,9,2,57.27,114.54
23640,9176,17,3,141.86,425.58000000000004
23641,9176,47,3,43.63,130.89000000000001
23642,9176,5,2,37.33,74.66
23643,9176,15,1,52.82,52.82
23644,9177,31,1,185.08,185.08
23645,9177,55,3,32.4,97.19999999999999
23646,9178,26,3,17.26,51.78
23647,9178,45,2,67.04,134.08
23648,9178,9,2,58.6,117.2
23649,9179,55,4,31.1,124.4
23650,9179,33,4,49.39,197.56
23651,9180,39,4,34.39,137.56
23652,9180,14,4,38.27,153.08
23653,9181,33,2,49.25,98.5
23654,9181,54,1,21.69,21.69
23655,9182,53,4,44.34,177.36
23656,9182,5,4,39.13,156.52
23657,9183,51,1,36.76,36.76
23658,9183,38,4,74.91,299.64
23659,9184,54,4,21.5,86.0
23660,9184,22,1,237.28,237.28
23661,9184,46,4,53.57,214.28
23662,9185,20,3,14.83,44.49
23663,9185,15,4,49.72,198.88
23664,9185,11,3,43.64,130.92000000000002
23665,9186,1,1,11.65,11.65
23666,9186,18,4,69.36,277.44
23667,9186,5,3,39.01,117.03
23668,9186,52,1,23.13,23.13
23669,9186,50,4,15.46,61.84
23670,9187,23,1,90.32,90.32
23671,9187,47,4,45.42,181.68
23672,9187,26,2,17.61,35.22
23673,9187,2,3,86.49,259.46999999999997
23674,9187,36,4,29.03,116.12
23675,9188,13,4,45.64,182.56
23676,9188,37,3,55.26,165.78
23677,9188,17,3,146.33,438.99
23678,9189,41,1,50.6,50.6
23679,9189,29,3,35.27,105.81
23680,9190,22,3,235.52,706.5600000000001
23681,9190,33,3,48.87,146.60999999999999
23682,9190,19,2,18.15,36.3
23683,9191,32,3,18.67,56.010000000000005
23684,9191,33,4,44.62,178.48
23685,9192,40,1,17.85,17.85
23686,9192,36,2,28.01,56.02
23687,9192,32,3,17.2,51.599999999999994
23688,9192,41,2,51.89,103.78
23689,9192,34,2,34.79,69.58
23690,9193,51,3,40.83,122.49
23691,9193,30,4,92.05,368.2
23692,9194,25,2,26.8,53.6
23693,9194,35,3,16.07,48.21
23694,9195,20,1,13.79,13.79
23695,9195,12,4,69.31,277.24
23696,9195,39,3,31.72,95.16
23697,9196,51,4,37.28,149.12
23698,9196,16,2,414.67,829.34
23699,9196,53,1,40.63,40.63
23700,9196,4,4,42.86,171.44
23701,9197,54,2,22.21,44.42
23702,9198,45,1,73.07,73.07
23703,9198,16,3,402.86,1208.58
23704,9199,5,3,41.38,124.14000000000001
23705,9199,50,1,16.06,16.06
23706,9199,29,4,35.81,143.24
23707,9200,9,4,59.1,236.4
23708,9200,27,1,21.95,21.95
23709,9200,52,3,22.16,66.48
23710,9200,28,3,62.94,188.82
23711,9201,36,4,28.88,115.52
23712,9201,54,2,22.06,44.12
23713,9202,34,2,33.43,66.86
23714,9203,6,3,22.84,68.52
23715,9204,32,3,18.47,55.41
23716,9204,16,3,364.88,1094.6399999999999
23717,9205,31,2,171.74,343.48
23718,9205,36,3,28.45,85.35
23719,9205,50,2,14.82,29.64
23720,9205,39,3,33.27,99.81
23721,9206,49,1,26.37,26.37
23722,9207,22,4,213.32,853.28
23723,9207,6,1,22.23,22.23
23724,9207,36,3,29.26,87.78
23725,9207,51,4,40.03,160.12
23726,9208,10,4,19.48,77.92
23727,9209,31,1,186.89,186.89
23728,9209,32,4,18.72,74.88
23729,9210,41,2,51.99,103.98
23730,9210,53,1,41.51,41.51
23731,9210,1,1,12.7,12.7
23732,9210,25,1,28.85,28.85
23733,9211,16,1,404.01,404.01
23734,9211,27,4,22.68,90.72
23735,9211,21,2,90.96,181.92
23736,9212,30,3,102.41,307.23
23737,9213,3,3,27.74,83.22
23738,9213,55,2,29.51,59.02
23739,9214,15,4,49.52,198.08
23740,9214,37,3,55.95,167.85000000000002
23741,9214,41,2,47.22,94.44
23742,9214,52,4,21.54,86.16
23743,9214,4,1,43.29,43.29
23744,9215,38,1,71.73,71.73
23745,9215,24,4,21.78,87.12
23746,9215,26,1,18.24,18.24
23747,9215,42,2,68.78,137.56
23748,9215,45,2,64.68,129.36
23749,9216,44,4,70.49,281.96
23750,9216,32,2,18.98,37.96
23751,9217,52,4,21.47,85.88
23752,9217,51,1,41.59,41.59
23753,9217,19,2,18.17,36.34
23754,9218,37,1,56.98,56.98
23755,9218,25,4,26.98,107.92
23756,9218,51,4,36.54,146.16
23757,9218,27,4,23.69,94.76
23758,9219,1,3,13.01,39.03
23759,9219,42,2,71.46,142.92
23760,9219,3,3,29.02,87.06
23761,9219,50,3,14.69,44.07
23762,9220,9,3,57.68,173.04
23763,9220,24,1,21.07,21.07
23764,9220,26,1,17.25,17.25
23765,9220,21,2,88.9,177.8
23766,9220,15,1,53.33,53.33
23767,9221,48,1,96.89,96.89
23768,9221,34,1,34.47,34.47
23769,9222,2,2,90.52,181.04
23770,9222,25,4,28.15,112.6
23771,9222,29,4,36.54,146.16
23772,9222,26,2,19.75,39.5
23773,9223,37,4,57.74,230.96
23774,9223,34,1,32.7,32.7
23775,9224,5,4,39.59,158.36
23776,9225,26,3,17.25,51.75
23777,9225,52,4,22.99,91.96
23778,9225,13,3,51.6,154.8
23779,9225,43,3,94.27,282.81
23780,9226,33,3,48.52,145.56
23781,9227,47,4,48.01,192.04
23782,9228,37,2,55.76,111.52
23783,9228,15,4,57.05,228.2
23784,9229,25,3,28.83,86.49
23785,9229,10,3,18.67,56.010000000000005
23786,9230,47,1,46.97,46.97
23787,9230,4,2,48.69,97.38
23788,9230,5,1,38.13,38.13
23789,9231,6,4,24.1,96.4
23790,9232,45,4,65.55,262.2
23791,9232,19,2,18.0,36.0
23792,9233,42,1,62.44,62.44
23793,9233,7,2,14.25,28.5
23794,9233,40,4,18.79,75.16
23795,9234,35,2,14.35,28.7
23796,9234,33,1,46.06,46.06
23797,9234,52,1,23.51,23.51
23798,9234,34,4,32.93,131.72
23799,9235,5,1,37.78,37.78
23800,9235,46,3,57.65,172.95
23801,9235,48,1,103.84,103.84
23802,9236,13,1,52.62,52.62
23803,9237,18,3,70.24,210.71999999999997
23804,9238,19,4,19.54,78.16
23805,9238,33,2,48.21,96.42
23806,9238,34,2,34.53,69.06
23807,9238,4,3,46.9,140.7
23808,9238,20,1,14.9,14.9
23809,9239,28,4,59.32,237.28
23810,9240,35,3,15.41,46.230000000000004
23811,9240,49,1,24.46,24.46
23812,9240,26,2,18.62,37.24
23813,9240,1,3,12.52,37.56
23814,9241,24,3,21.75,65.25
23815,9241,39,1,32.4,32.4
23816,9241,8,3,129.43,388.29
23817,9241,48,1,100.29,100.29
23818,9241,37,3,52.31,156.93
23819,9242,38,1,75.35,75.35
23820,9243,2,3,92.21,276.63
23821,9243,20,2,13.43,26.86
23822,9244,41,2,52.14,104.28
23823,9244,12,3,66.45,199.35000000000002
23824,9244,39,1,30.6,30.6
23825,9245,47,3,45.89,137.67000000000002
23826,9246,5,3,37.79,113.37
23827,9246,48,3,100.91,302.73
23828,9246,11,4,42.37,169.48
23829,9247,37,3,52.84,158.52
23830,9247,15,4,50.71,202.84
23831,9247,52,1,21.22,21.22
23832,9247,28,2,65.08,130.16
23833,9247,3,2,29.48,58.96
23834,9248,49,1,23.94,23.94
23835,9248,41,2,47.05,94.1
23836,9249,12,3,68.44,205.32
23837,9249,2,4,90.35,361.4
23838,9250,55,2,30.53,61.06
23839,9250,16,3,383.98,1151.94
23840,9250,31,1,188.76,188.76
23841,9251,25,3,29.62,88.86
23842,9251,33,4,45.1,180.4
23843,9251,43,1,88.86,88.86
23844,9252,25,3,30.7,92.1
23845,9252,3,2,27.18,54.36
23846,9252,21,4,91.2,364.8
23847,9252,12,2,66.3,132.6
23848,9253,23,1,93.36,93.36
23849,9253,15,1,56.09,56.09
23850,9254,46,4,57.44,229.76
23851,9254,41,1,49.23,49.23
23852,9254,3,3,26.63,79.89
23853,9255,53,4,42.5,170.0
23854,9256,41,4,48.35,193.4
23855,9256,8,2,116.79,233.58
23856,9256,26,3,17.32,51.96
23857,9256,53,1,45.1,45.1
23858,9256,43,2,95.13,190.26
23859,9257,14,1,37.48,37.48
23860,9258,21,3,92.21,276.63
23861,9258,27,4,22.77,91.08
23862,9259,50,4,15.0,60.0
23863,9259,15,3,52.44,157.32
23864,9259,29,3,35.96,107.88
23865,9260,41,1,49.98,49.98
23866,9260,46,2,54.02,108.04
23867,9260,15,2,57.17,114.34
23868,9261,44,2,74.99,149.98
23869,9262,42,3,69.1,207.29999999999998
23870,9262,27,2,22.6,45.2
23871,9262,19,3,17.42,52.260000000000005
23872,9263,16,4,397.12,1588.48
23873,9263,14,1,35.04,35.04
23874,9263,52,1,21.82,21.82
23875,9264,11,2,42.2,84.4
23876,9264,14,1,37.33,37.33
23877,9265,34,1,31.67,31.67
23878,9265,27,1,23.09,23.09
23879,9265,17,3,142.61,427.83000000000004
23880,9265,50,2,16.11,32.22
23881,9266,52,2,23.27,46.54
23882,9266,49,1,27.45,27.45
23883,9267,49,1,27.36,27.36
23884,9267,51,3,38.59,115.77000000000001
23885,9267,10,2,19.18,38.36
23886,9267,19,2,19.27,38.54
23887,9267,50,4,15.63,62.52
23888,9268,34,4,34.77,139.08
23889,9268,48,3,103.37,310.11
23890,9269,55,1,29.38,29.38
23891,9269,53,4,42.61,170.44
23892,9269,8,2,114.11,228.22
23893,9270,50,3,15.24,45.72
23894,9270,22,3,235.62,706.86
23895,9270,11,1,42.19,42.19
23896,9271,9,3,57.98,173.94
23897,9271,1,3,12.51,37.53
23898,9271,26,2,18.97,37.94
23899,9272,43,2,91.62,183.24
23900,9273,40,3,17.14,51.42
23901,9273,22,1,235.72,235.72
23902,9274,23,3,92.5,277.5
23903,9274,9,4,59.42,237.68
23904,9274,55,1,31.79,31.79
23905,9274,12,1,64.35,64.35
23906,9274,31,4,174.82,699.28
23907,9275,27,2,21.84,43.68
23908,9275,1,4,13.11,52.44
23909,9275,5,3,36.71,110.13
23910,9276,45,4,71.1,284.4
23911,9276,1,3,11.52,34.56
23912,9276,32,1,17.2,17.2
23913,9277,38,2,76.92,153.84
23914,9277,14,1,33.62,33.62
23915,9278,16,3,386.41,1159.23
23916,9279,3,2,30.33,60.66
23917,9279,20,1,14.57,14.57
23918,9280,40,4,17.69,70.76
23919,9280,23,4,92.93,371.72
23920,9280,35,3,15.68,47.04
23921,9280,24,2,19.27,38.54
23922,9281,48,1,92.53,92.53
23923,9282,34,2,31.01,62.02
23924,9283,8,2,116.62,233.24
23925,9283,31,4,180.79,723.16
23926,9283,55,3,29.73,89.19
23927,9284,29,4,35.09,140.36
23928,9284,31,4,194.3,777.2
23929,9285,33,4,44.87,179.48
23930,9285,3,1,30.29,30.29
23931,9286,44,2,72.79,145.58
23932,9286,32,4,18.5,74.0
23933,9286,4,1,46.3,46.3
23934,9287,31,2,179.01,358.02
23935,9287,16,1,384.31,384.31
23936,9287,36,3,28.07,84.21000000000001
23937,9288,28,4,62.81,251.24
23938,9288,31,4,176.16,704.64
23939,9288,49,2,26.3,52.6
23940,9288,16,4,402.93,1611.72
23941,9289,2,3,90.84,272.52
23942,9289,19,2,18.5,37.0
23943,9289,26,4,17.19,68.76
23944,9290,49,1,25.02,25.02
23945,9290,45,4,69.15,276.6
23946,9290,42,2,67.27,134.54
23947,9291,33,2,45.14,90.28
23948,9291,48,3,95.97,287.90999999999997
23949,9291,21,2,81.77,163.54
23950,9292,2,3,85.58,256.74
23951,9293,53,1,40.42,40.42
23952,9293,46,2,52.36,104.72
23953,9293,34,2,34.39,68.78
23954,9294,44,1,70.06,70.06
23955,9294,41,2,46.78,93.56
23956,9294,20,4,13.79,55.16
23957,9295,30,3,93.64,280.92
23958,9296,41,1,47.43,47.43
23959,9296,10,1,19.13,19.13
23960,9296,7,3,16.21,48.63
23961,9296,1,2,11.88,23.76
23962,9297,34,4,31.23,124.92
23963,9298,33,3,45.72,137.16
23964,9298,25,1,30.75,30.75
23965,9298,38,3,77.49,232.46999999999997
23966,9298,43,4,92.86,371.44
23967,9298,15,4,52.07,208.28
23968,9299,41,3,48.37,145.10999999999999
23969,9300,34,2,30.93,61.86
23970,9300,30,3,103.59,310.77
23971,9301,27,3,23.88,71.64
23972,9301,7,2,14.54,29.08
23973,9301,51,2,38.42,76.84
23974,9302,27,4,22.7,90.8
23975,9302,11,3,41.62,124.85999999999999
23976,9302,38,1,72.05,72.05
23977,9303,48,4,99.04,396.16
23978,9303,43,2,83.76,167.52
23979,9304,5,2,37.2,74.4
23980,9304,2,1,87.07,87.07
23981,9304,35,2,15.23,30.46
23982,9304,18,2,77.65,155.3
23983,9304,34,1,30.64,30.64
23984,9305,16,1,406.53,406.53
23985,9305,41,4,51.35,205.4
23986,9306,13,3,51.02,153.06
23987,9307,21,1,86.85,86.85
23988,9307,4,4,42.94,171.76
23989,9308,38,1,74.78,74.78
23990,9308,11,4,41.02,164.08
23991,9308,5,4,41.44,165.76
23992,9309,23,1,96.31,96.31
23993,9309,47,4,47.62,190.48
23994,9309,52,1,23.71,23.71
23995,9309,8,4,117.71,470.84
23996,9310,35,3,15.74,47.22
23997,9310,53,1,41.72,41.72
23998,9310,13,1,47.71,47.71
23999,9311,34,3,32.65,97.94999999999999
24000,9311,12,3,66.55,199.64999999999998
24001,9311,16,3,415.25,1245.75
24002,9311,21,2,81.89,163.78
24003,9312,55,1,29.21,29.21
24004,9312,46,4,54.0,216.0
24005,9313,38,1,68.51,68.51
24006,9313,12,2,65.89,131.78
24007,9313,54,4,23.8,95.2
24008,9313,41,4,49.96,199.84
24009,9314,19,4,19.35,77.4
24010,9314,42,1,61.98,61.98
24011,9315,4,4,48.07,192.28
24012,9316,48,2,94.16,188.32
24013,9317,19,3,18.65,55.949999999999996
24014,9318,34,1,32.17,32.17
24015,9318,16,2,412.37,824.74
24016,9318,15,2,56.19,112.38
24017,9319,55,2,28.87,57.74
24018,9319,9,4,55.65,222.6
24019,9319,44,3,70.06,210.18
24020,9320,17,3,148.45,445.34999999999997
24021,9320,12,3,63.16,189.48
24022,9321,23,1,99.41,99.41
24023,9321,39,4,31.54,126.16
24024,9321,55,1,31.15,31.15
24025,9321,21,1,88.02,88.02
24026,9321,11,1,45.52,45.52
24027,9322,25,2,27.78,55.56
24028,9322,50,3,14.4,43.2
24029,9322,7,3,16.3,48.900000000000006
24030,9323,43,2,96.74,193.48
24031,9324,33,3,44.8,134.39999999999998
24032,9324,9,4,54.63,218.52
24033,9324,49,1,27.42,27.42
24034,9325,54,2,23.84,47.68
24035,9325,16,3,409.53,1228.59
24036,9326,14,4,34.17,136.68
24037,9327,30,4,98.16,392.64
24038,9327,32,4,19.1,76.4
24039,9327,47,2,48.06,96.12
24040,9328,53,2,45.0,90.0
24041,9329,33,4,48.4,193.6
24042,9330,50,2,14.52,29.04
24043,9331,32,4,19.13,76.52
24044,9331,38,3,70.01,210.03000000000003
24045,9331,13,4,52.06,208.24
24046,9331,37,4,56.34,225.36
24047,9332,5,1,36.19,36.19
24048,9333,41,4,46.86,187.44
24049,9333,50,1,16.05,16.05
24050,9333,13,4,47.0,188.0
24051,9334,11,3,42.72,128.16
24052,9334,26,2,17.23,34.46
24053,9334,16,1,390.95,390.95
24054,9334,28,4,67.12,268.48
24055,9334,41,1,49.14,49.14
24056,9335,28,3,60.98,182.94
24057,9335,6,1,22.06,22.06
24058,9335,30,2,102.77,205.54
24059,9335,52,2,23.21,46.42
24060,9336,24,2,21.48,42.96
24061,9336,4,3,45.03,135.09
24062,9336,52,1,22.6,22.6
24063,9337,20,1,13.82,13.82
24064,9337,23,4,97.39,389.56
24065,9338,24,1,20.97,20.97
24066,9338,43,3,83.78,251.34
24067,9339,33,1,48.88,48.88
24068,9339,11,3,44.85,134.55
24069,9340,46,4,52.38,209.52
24070,9340,44,1,70.8,70.8
24071,9341,24,3,21.55,64.65
24072,9341,22,3,222.38,667.14
24073,9341,5,4,39.39,157.56
24074,9341,25,4,27.35,109.4
24075,9341,27,2,21.24,42.48
24076,9342,29,2,36.6,73.2
24077,9342,42,2,69.45,138.9
24078,9342,35,4,15.52,62.08
24079,9342,32,4,18.47,73.88
24080,9342,33,2,44.57,89.14
24081,9343,14,3,37.85,113.55000000000001
24082,9343,37,1,55.44,55.44
24083,9344,49,3,24.88,74.64
24084,9344,13,2,47.38,94.76
24085,9345,2,4,90.77,363.08
24086,9346,5,4,38.98,155.92
24087,9346,16,4,394.28,1577.12
24088,9347,49,3,27.48,82.44
24089,9347,13,1,46.4,46.4
24090,9347,36,2,29.63,59.26
24091,9347,43,3,92.01,276.03000000000003
24092,9348,33,3,44.14,132.42000000000002
24093,9348,39,1,32.42,32.42
24094,9349,40,4,19.46,77.84
24095,9350,12,2,64.11,128.22
24096,9350,17,4,148.24,592.96
24097,9350,32,1,18.65,18.65
24098,9350,34,3,34.03,102.09
24099,9351,44,1,68.62,68.62
24100,9351,39,4,34.95,139.8
24101,9352,28,3,66.09,198.27
24102,9352,50,2,16.46,32.92
24103,9352,10,3,18.71,56.13
24104,9352,26,1,18.87,18.87
24105,9353,15,3,50.82,152.46
24106,9353,28,1,62.61,62.61
24107,9353,21,2,83.37,166.74
24108,9354,40,4,19.15,76.6
24109,9355,11,3,44.98,134.94
24110,9355,14,4,36.57,146.28
24111,9355,37,2,54.26,108.52
24112,9356,55,4,28.53,114.12
24113,9356,3,4,27.89,111.56
24114,9356,50,1,15.58,15.58
24115,9356,21,4,91.59,366.36
24116,9357,55,4,32.49,129.96
24117,9357,4,2,47.14,94.28
24118,9357,2,4,85.79,343.16
24119,9358,48,4,95.13,380.52
24120,9359,19,4,19.06,76.24
24121,9359,45,3,73.79,221.37
24122,9360,49,4,25.96,103.84
24123,9360,18,1,73.26,73.26
24124,9360,1,1,12.13,12.13
24125,9361,37,2,57.19,114.38
24126,9362,33,4,47.21,188.84
24127,9362,28,3,68.04,204.12
24128,9362,24,2,21.35,42.7
24129,9363,48,3,95.17,285.51
24130,9363,53,2,40.1,80.2
24131,9364,28,1,60.25,60.25
24132,9364,18,2,73.66,147.32
24133,9364,47,2,44.94,89.88
24134,9365,31,3,180.68,542.04
24135,9365,13,4,51.52,206.08
24136,9366,55,3,29.83,89.49
24137,9366,29,3,38.24,114.72
24138,9367,41,2,46.2,92.4
24139,9367,48,3,102.16,306.48
24140,9367,13,1,52.21,52.21
24141,9367,27,1,22.72,22.72
24142,9368,8,4,131.37,525.48
24143,9368,35,2,16.27,32.54
24144,9368,21,4,85.38,341.52
24145,9369,35,4,15.68,62.72
24146,9369,40,4,18.77,75.08
24147,9369,54,4,21.71,86.84
24148,9369,32,1,18.31,18.31
24149,9369,44,1,69.21,69.21
24150,9370,14,3,35.72,107.16
24151,9370,27,1,21.36,21.36
24152,9371,53,2,45.03,90.06
24153,9371,15,3,49.96,149.88
24154,9372,18,1,70.96,70.96
24155,9373,51,2,38.26,76.52
24156,9373,27,1,23.59,23.59
24157,9374,24,1,21.32,21.32
24158,9374,31,1,192.06,192.06
24159,9374,9,2,56.48,112.96
24160,9375,16,4,377.06,1508.24
24161,9375,55,4,31.11,124.44
24162,9375,54,4,21.64,86.56
24163,9376,48,4,91.64,366.56
24164,9376,39,1,32.27,32.27
24165,9376,54,2,22.75,45.5
24166,9377,44,4,78.54,314.16
24167,9377,7,1,15.56,15.56
24168,9377,1,3,11.43,34.29
24169,9377,43,2,86.06,172.12
24170,9378,54,2,22.66,45.32
24171,9378,43,3,86.12,258.36
24172,9379,49,4,26.76,107.04
24173,9379,2,3,89.44,268.32
24174,9379,16,2,395.07,790.14
24175,9379,21,2,86.31,172.62
24176,9379,10,2,17.41,34.82
24177,9380,20,2,14.87,29.74
24178,9380,23,2,97.84,195.68
24179,9380,9,3,58.14,174.42000000000002
24180,9381,36,4,27.75,111.0
24181,9381,19,3,17.57,52.71
24182,9381,25,4,29.8,119.2
24183,9381,37,2,60.49,120.98
24184,9381,21,3,82.04,246.12
24185,9382,24,1,20.98,20.98
24186,9382,35,4,16.27,65.08
24187,9382,46,3,55.52,166.56
24188,9382,1,1,12.27,12.27
24189,9383,43,2,84.1,168.2
24190,9383,8,4,127.84,511.36
24191,9383,11,2,40.94,81.88
24192,9384,40,3,17.44,52.32000000000001
24193,9384,36,4,29.58,118.32
24194,9384,16,2,368.04,736.08
24195,9384,6,4,22.51,90.04
24196,9385,44,1,77.48,77.48
24197,9385,23,4,93.84,375.36
24198,9386,43,4,91.49,365.96
24199,9386,55,1,31.24,31.24
24200,9386,24,2,20.93,41.86
24201,9387,40,1,19.1,19.1
24202,9387,10,1,19.66,19.66
24203,9387,22,3,209.54,628.62
24204,9387,50,1,15.15,15.15
24205,9387,29,3,34.1,102.30000000000001
24206,9388,11,1,42.16,42.16
24207,9388,4,4,44.6,178.4
24208,9388,30,2,102.92,205.84
24209,9388,29,3,35.96,107.88
24210,9389,42,1,66.18,66.18
24211,9389,38,3,76.39,229.17000000000002
24212,9389,31,3,172.96,518.88
24213,9389,17,2,146.2,292.4
24214,9390,34,2,34.08,68.16
24215,9390,54,3,22.29,66.87
24216,9391,35,4,15.39,61.56
24217,9391,15,1,53.29,53.29
24218,9392,4,3,44.42,133.26
24219,9392,34,3,32.82,98.46000000000001
24220,9392,2,3,91.04,273.12
24221,9393,43,1,89.08,89.08
24222,9393,9,3,57.72,173.16
24223,9394,17,4,145.33,581.32
24224,9394,10,4,18.05,72.2
24225,9394,45,3,67.86,203.57999999999998
24226,9394,36,4,30.31,121.24
24227,9395,41,3,51.86,155.57999999999998
24228,9395,1,4,12.38,49.52
24229,9396,49,1,24.68,24.68
24230,9396,40,4,18.73,74.92
24231,9396,52,4,21.39,85.56
24232,9397,47,2,44.57,89.14
24233,9398,36,3,28.9,86.69999999999999
24234,9398,53,1,40.73,40.73
24235,9398,44,2,76.82,153.64
24236,9398,46,1,54.21,54.21
24237,9398,18,1,77.22,77.22
24238,9399,8,2,126.08,252.16
24239,9399,11,2,40.16,80.32
24240,9399,54,3,21.43,64.28999999999999
24241,9400,21,3,93.42,280.26
24242,9400,7,4,15.59,62.36
24243,9401,10,4,19.75,79.0
24244,9401,39,2,31.65,63.3
24245,9401,28,4,64.31,257.24
24246,9402,24,1,20.26,20.26
24247,9403,43,1,84.79,84.79
24248,9403,32,2,18.27,36.54
24249,9404,48,3,101.37,304.11
24250,9405,13,1,51.46,51.46
24251,9405,38,4,75.6,302.4
24252,9406,12,2,70.76,141.52
24253,9407,47,4,49.34,197.36
24254,9407,45,1,70.37,70.37
24255,9408,34,1,30.83,30.83
24256,9408,14,2,36.5,73.0
24257,9409,41,3,45.68,137.04
24258,9409,29,4,34.41,137.64
24259,9410,52,4,23.41,93.64
24260,9410,54,2,22.93,45.86
24261,9410,23,2,91.33,182.66
24262,9410,48,3,104.39,313.17
24263,9411,55,4,31.65,126.6
24264,9411,7,1,15.16,15.16
24265,9411,35,1,16.05,16.05
24266,9411,17,4,155.86,623.44
24267,9412,44,2,74.7,149.4
24268,9412,51,2,36.26,72.52
24269,9413,7,2,15.12,30.24
24270,9414,43,3,93.93,281.79
24271,9414,27,2,22.68,45.36
24272,9415,28,2,62.64,125.28
24273,9416,3,3,27.44,82.32000000000001
24274,9416,48,1,103.69,103.69
24275,9416,7,1,14.26,14.26
24276,9417,19,4,17.15,68.6
24277,9418,39,2,34.19,68.38
24278,9418,1,2,12.64,25.28
24279,9419,9,3,58.56,175.68
24280,9420,2,3,87.82,263.46
24281,9420,1,3,11.41,34.230000000000004
24282,9420,49,4,24.45,97.8
24283,9421,1,1,12.04,12.04
24284,9422,45,1,65.19,65.19
24285,9422,20,3,13.76,41.28
24286,9423,11,2,43.8,87.6
24287,9423,30,1,99.54,99.54
24288,9424,16,1,397.34,397.34
24289,9425,1,2,12.6,25.2
24290,9426,28,4,64.87,259.48
24291,9426,50,4,15.21,60.84
24292,9427,4,2,48.92,97.84
24293,9427,23,2,98.58,197.16
24294,9427,7,3,15.6,46.8
24295,9428,29,3,36.31,108.93
24296,9428,18,3,69.43,208.29000000000002
24297,9428,38,2,73.82,147.64
24298,9428,33,2,47.14,94.28
24299,9429,35,4,14.33,57.32
24300,9429,20,2,14.69,29.38
24301,9429,8,3,124.03,372.09000000000003
24302,9429,32,1,19.41,19.41
24303,9430,4,3,47.87,143.60999999999999
24304,9430,13,1,46.67,46.67
24305,9430,16,1,378.71,378.71
24306,9431,16,4,400.98,1603.92
24307,9431,28,4,65.39,261.56
24308,9432,51,3,37.97,113.91
24309,9432,16,2,378.04,756.08
24310,9433,50,4,15.63,62.52
24311,9433,32,4,19.47,77.88
24312,9434,51,3,38.79,116.37
24313,9434,38,4,71.73,286.92
24314,9435,47,3,46.2,138.60000000000002
24315,9435,14,1,34.13,34.13
24316,9435,27,2,23.45,46.9
24317,9436,26,3,17.44,52.32000000000001
24318,9436,54,4,24.11,96.44
24319,9437,13,4,50.29,201.16
24320,9438,33,4,45.21,180.84
24321,9438,32,2,18.0,36.0
24322,9438,53,1,41.23,41.23
24323,9438,47,3,46.72,140.16
24324,9439,45,1,64.88,64.88
24325,9439,6,3,23.74,71.22
24326,9439,30,4,101.08,404.32
24327,9439,48,1,90.55,90.55
24328,9439,33,1,48.68,48.68
24329,9440,38,4,76.9,307.6
24330,9441,22,3,209.98,629.9399999999999
24331,9441,41,1,50.73,50.73
24332,9442,55,2,29.08,58.16
24333,9442,9,1,55.25,55.25
24334,9443,2,3,87.45,262.35
24335,9443,36,3,28.1,84.30000000000001
24336,9443,25,4,29.7,118.8
24337,9444,2,2,92.98,185.96
24338,9444,42,3,67.15,201.45000000000002
24339,9445,46,3,58.14,174.42000000000002
24340,9445,49,2,24.49,48.98
24341,9445,22,1,212.24,212.24
24342,9445,34,4,32.82,131.28
24343,9445,35,4,16.17,64.68
24344,9446,9,2,55.21,110.42
24345,9447,53,4,42.2,168.8
24346,9448,33,3,44.18,132.54
24347,9448,11,3,45.51,136.53
24348,9449,54,1,23.91,23.91
24349,9449,7,4,15.0,60.0
24350,9450,44,3,75.56,226.68
24351,9450,35,3,15.97,47.910000000000004
24352,9450,7,2,15.3,30.6
24353,9450,10,2,19.34,38.68
24354,9451,34,3,33.21,99.63
24355,9452,55,3,32.84,98.52000000000001
24356,9452,47,4,45.16,180.64
24357,9452,21,3,84.58,253.74
24358,9452,28,3,61.22,183.66
24359,9453,52,1,22.61,22.61
24360,9454,11,1,42.62,42.62
24361,9454,20,2,15.03,30.06
24362,9454,33,2,44.47,88.94
24363,9454,25,2,28.72,57.44
24364,9454,36,3,28.35,85.05000000000001
24365,9455,3,4,27.65,110.6
24366,9455,46,4,59.53,238.12
24367,9455,19,2,17.35,34.7
24368,9455,49,1,24.74,24.74
24369,9456,53,4,44.82,179.28
24370,9456,39,4,33.62,134.48
24371,9456,26,4,19.29,77.16
24372,9457,40,2,19.39,38.78
24373,9457,52,2,21.76,43.52
24374,9457,11,4,42.59,170.36
24375,9458,48,1,95.12,95.12
24376,9458,24,1,21.92,21.92
24377,9458,9,2,59.31,118.62
24378,9458,47,3,46.81,140.43
24379,9459,29,3,37.58,112.74
24380,9459,48,4,96.52,386.08
24381,9459,24,4,21.61,86.44
24382,9460,6,2,23.06,46.12
24383,9460,7,1,15.71,15.71
24384,9460,30,1,102.7,102.7
24385,9461,25,3,29.58,88.74
24386,9461,13,3,45.85,137.55
24387,9462,13,2,52.09,104.18
24388,9462,42,2,62.75,125.5
24389,9462,31,4,179.68,718.72
24390,9463,52,3,21.11,63.33
24391,9464,41,4,47.93,191.72
24392,9464,26,3,19.18,57.54
24393,9464,27,3,22.71,68.13
24394,9465,42,1,68.99,68.99
24395,9466,33,2,46.54,93.08
24396,9467,2,2,91.15,182.3
24397,9467,39,3,32.51,97.53
24398,9467,18,2,68.85,137.7
24399,9468,12,4,65.95,263.8
24400,9468,32,4,19.65,78.6
24401,9468,39,4,32.58,130.32
24402,9468,53,2,46.16,92.32
24403,9468,45,2,69.58,139.16
24404,9469,10,1,19.13,19.13
24405,9469,55,2,30.32,60.64
24406,9469,17,2,154.53,309.06
24407,9470,13,1,46.8,46.8
24408,9470,20,1,13.89,13.89
24409,9471,35,4,15.82,63.28
24410,9471,19,1,18.64,18.64
24411,9471,37,2,59.25,118.5
24412,9471,12,1,63.77,63.77
24413,9471,23,2,103.1,206.2
24414,9472,42,2,62.66,125.32
24415,9472,15,2,53.44,106.88
24416,9472,53,4,43.1,172.4
24417,9473,41,1,49.56,49.56
24418,9474,16,2,410.98,821.96
24419,9475,1,3,12.62,37.86
24420,9475,20,1,14.95,14.95
24421,9475,25,1,29.49,29.49
24422,9475,50,3,15.58,46.74
24423,9475,4,4,46.37,185.48
24424,9476,5,2,37.61,75.22
24425,9477,37,4,52.67,210.68
24426,9478,33,2,47.17,94.34
24427,9478,20,3,13.49,40.47
24428,9478,29,1,36.93,36.93
24429,9478,50,4,14.62,58.48
24430,9478,19,3,18.43,55.29
24431,9479,17,3,147.71,443.13
24432,9479,13,3,52.21,156.63
24433,9479,4,1,46.88,46.88
24434,9480,26,2,17.95,35.9
24435,9480,23,1,98.09,98.09
24436,9480,1,4,11.48,45.92
24437,9480,50,2,14.62,29.24
24438,9480,32,3,19.66,58.980000000000004
24439,9481,16,1,364.43,364.43
24440,9481,2,2,83.68,167.36
24441,9481,4,4,45.0,180.0
24442,9481,52,4,24.17,96.68
24443,9482,19,3,17.43,52.29
24444,9482,15,2,50.07,100.14
24445,9482,14,1,37.43,37.43
24446,9483,32,2,17.12,34.24
24447,9484,4,3,45.84,137.52
24448,9484,8,3,116.45,349.35
24449,9484,17,4,155.93,623.72
24450,9484,38,3,78.17,234.51
24451,9485,34,2,33.18,66.36
24452,9485,26,1,17.97,17.97
24453,9485,52,2,22.69,45.38
24454,9486,14,1,37.06,37.06
24455,9487,25,3,26.86,80.58
24456,9487,52,1,22.12,22.12
24457,9487,42,2,69.47,138.94
24458,9487,43,3,88.67,266.01
24459,9488,36,1,27.45,27.45
24460,9488,5,1,36.8,36.8
24461,9488,44,1,71.3,71.3
24462,9488,24,1,21.59,21.59
24463,9489,34,1,34.63,34.63
24464,9490,22,1,220.1,220.1
24465,9491,55,1,30.61,30.61
24466,9491,52,4,22.6,90.4
24467,9491,15,3,55.29,165.87
24468,9492,49,4,27.39,109.56
24469,9492,31,2,187.98,375.96
24470,9492,15,1,56.37,56.37
24471,9493,19,4,18.47,73.88
24472,9493,2,3,86.58,259.74
24473,9493,48,4,92.83,371.32
24474,9494,18,2,76.41,152.82
24475,9494,20,4,14.05,56.2
24476,9494,39,1,32.09,32.09
24477,9494,5,1,36.7,36.7
24478,9495,25,1,30.61,30.61
24479,9496,22,4,239.13,956.52
24480,9496,49,3,24.32,72.96000000000001
24481,9497,2,3,86.03,258.09000000000003
24482,9497,48,2,92.26,184.52
24483,9498,13,4,47.24,188.96
24484,9498,26,4,19.08,76.32
24485,9498,28,4,63.67,254.68
24486,9498,5,4,41.71,166.84
24487,9499,11,4,41.04,164.16
24488,9499,43,2,86.37,172.74
24489,9499,42,1,71.34,71.34
24490,9500,45,3,67.35,202.04999999999998
24491,9500,8,4,123.71,494.84
24492,9500,2,3,82.92,248.76
24493,9501,55,3,31.43,94.28999999999999
24494,9501,41,4,48.18,192.72
24495,9501,22,1,219.81,219.81
24496,9502,46,1,57.66,57.66
24497,9502,2,4,93.5,374.0
24498,9502,24,4,20.14,80.56
24499,9502,54,3,21.84,65.52
24500,9503,28,4,60.89,243.56
24501,9503,32,2,17.67,35.34
24502,9503,12,2,62.91,125.82
24503,9503,24,2,20.78,41.56
24504,9503,22,3,216.45,649.3499999999999
24505,9504,32,3,17.5,52.5
24506,9504,55,4,30.85,123.4
24507,9505,44,3,75.91,227.73
24508,9505,32,1,18.19,18.19
24509,9505,25,2,27.48,54.96
24510,9506,46,3,53.54,160.62
24511,9506,26,4,17.89,71.56
24512,9507,21,3,91.44,274.32
24513,9507,25,3,29.99,89.97
24514,9508,47,2,46.62,93.24
24515,9508,44,3,70.3,210.89999999999998
24516,9508,49,4,26.57,106.28
24517,9509,22,4,225.24,900.96
24518,9510,50,3,15.42,46.26
24519,9510,28,1,62.77,62.77
24520,9510,46,2,52.71,105.42
24521,9511,48,1,95.46,95.46
24522,9511,29,4,33.74,134.96
24523,9511,44,2,71.99,143.98
24524,9511,39,3,31.94,95.82000000000001
24525,9511,7,4,15.39,61.56
24526,9512,10,1,18.19,18.19
24527,9513,41,2,52.36,104.72
24528,9514,52,1,22.99,22.99
24529,9514,19,1,18.03,18.03
24530,9514,45,2,71.8,143.6
24531,9515,24,1,21.21,21.21
24532,9515,15,1,54.82,54.82
24533,9515,11,3,40.32,120.96000000000001
24534,9515,45,3,70.39,211.17000000000002
24535,9515,28,4,65.93,263.72
24536,9516,33,2,43.77,87.54
24537,9516,21,1,90.71,90.71
24538,9517,7,2,15.7,31.4
24539,9517,52,3,22.25,66.75
24540,9517,30,1,98.14,98.14
24541,9517,36,2,29.89,59.78
24542,9517,32,2,17.5,35.0
24543,9518,39,1,30.84,30.84
24544,9519,24,3,20.24,60.72
24545,9519,47,4,43.56,174.24
24546,9520,26,3,17.44,52.32000000000001
24547,9520,21,1,86.14,86.14
24548,9520,14,4,33.57,134.28
24549,9520,4,1,44.22,44.22
24550,9520,24,3,21.82,65.46000000000001
24551,9521,52,1,22.66,22.66
24552,9521,55,1,29.71,29.71
24553,9521,34,2,32.58,65.16
24554,9522,46,4,57.87,231.48
24555,9522,5,1,37.47,37.47
24556,9523,45,1,66.15,66.15
24557,9523,42,3,67.83,203.49
24558,9523,30,1,99.41,99.41
24559,9523,33,1,47.95,47.95
24560,9524,4,1,48.1,48.1
24561,9524,6,2,22.09,44.18
24562,9525,49,4,26.85,107.4
24563,9525,14,4,34.03,136.12
24564,9525,39,2,32.48,64.96
24565,9526,46,4,59.83,239.32
24566,9526,6,3,23.05,69.15
24567,9526,53,3,44.27,132.81
24568,9526,51,4,36.92,147.68
24569,9526,33,3,48.6,145.8
24570,9527,15,1,52.54,52.54
24571,9527,37,2,52.79,105.58
24572,9527,14,2,36.08,72.16
24573,9527,55,1,32.12,32.12
24574,9527,53,1,43.02,43.02
24575,9528,53,3,43.46,130.38
24576,9528,21,1,81.07,81.07
24577,9529,39,3,31.97,95.91
24578,9529,32,1,18.16,18.16
24579,9530,17,3,152.99,458.97
24580,9530,13,4,47.79,191.16
24581,9530,12,2,65.81,131.62
24582,9530,53,1,42.34,42.34
24583,9530,9,4,56.42,225.68
24584,9531,51,4,39.75,159.0
24585,9531,21,4,87.71,350.84
24586,9531,17,4,143.4,573.6
24587,9531,31,3,193.63,580.89
24588,9531,12,1,62.13,62.13
24589,9532,54,4,22.34,89.36
24590,9532,53,4,46.06,184.24
24591,9532,10,3,18.4,55.199999999999996
24592,9532,52,2,21.18,42.36
24593,9533,45,2,72.18,144.36
24594,9533,54,2,20.93,41.86
24595,9533,41,4,50.03,200.12
24596,9534,36,4,29.72,118.88
24597,9534,47,1,46.42,46.42
24598,9534,3,2,26.93,53.86
24599,9534,8,2,127.22,254.44
24600,9535,5,4,36.55,146.2
24601,9535,47,3,43.34,130.02
24602,9536,49,4,23.77,95.08
24603,9536,14,2,35.34,70.68
24604,9536,44,1,75.35,75.35
24605,9537,35,1,15.59,15.59
24606,9538,43,4,89.81,359.24
24607,9538,44,2,78.54,157.08
24608,9538,18,4,72.48,289.92
24609,9539,48,1,94.98,94.98
24610,9540,8,1,121.51,121.51
24611,9540,10,3,17.63,52.89
24612,9541,13,3,49.4,148.2
24613,9541,48,4,90.98,363.92
24614,9541,38,2,75.02,150.04
24615,9542,22,2,238.15,476.3
24616,9543,24,4,21.76,87.04
24617,9543,13,1,51.6,51.6
24618,9543,25,1,30.31,30.31
24619,9543,49,2,26.54,53.08
24620,9544,45,3,66.59,199.77
24621,9544,52,2,22.29,44.58
24622,9544,10,2,18.44,36.88
24623,9544,25,3,26.89,80.67
24624,9544,46,1,53.09,53.09
24625,9545,19,4,18.73,74.92
24626,9545,55,3,30.74,92.22
24627,9546,1,4,11.74,46.96
24628,9546,30,4,104.01,416.04
24629,9547,14,1,36.66,36.66
24630,9547,55,2,29.0,58.0
24631,9548,11,3,41.56,124.68
24632,9548,32,2,18.96,37.92
24633,9549,44,1,75.46,75.46
24634,9549,29,3,37.5,112.5
24635,9549,41,1,47.94,47.94
24636,9549,14,2,35.41,70.82
24637,9550,16,2,404.97,809.94
24638,9551,52,1,23.41,23.41
24639,9551,55,2,29.47,58.94
24640,9551,32,3,18.11,54.33
24641,9551,48,1,102.48,102.48
24642,9552,13,2,52.04,104.08
24643,9552,39,4,33.51,134.04
24644,9552,44,3,77.93,233.79000000000002
24645,9552,24,2,19.33,38.66
24646,9552,17,3,145.47,436.40999999999997
24647,9553,28,1,67.88,67.88
24648,9554,20,3,13.71,41.13
24649,9554,2,3,88.69,266.07
24650,9554,7,1,14.5,14.5
24651,9555,39,4,33.7,134.8
24652,9555,24,2,20.5,41.0
24653,9556,1,1,11.55,11.55
24654,9556,48,3,104.39,313.17
24655,9556,43,3,84.84,254.52
24656,9556,30,2,102.9,205.8
24657,9557,30,1,90.97,90.97
24658,9557,53,3,41.22,123.66
24659,9558,33,3,46.68,140.04
24660,9558,12,2,65.6,131.2
24661,9558,16,2,379.68,759.36
24662,9558,9,1,58.69,58.69
24663,9559,54,4,21.42,85.68
24664,9559,21,2,84.16,168.32
24665,9560,45,3,69.42,208.26
24666,9560,12,3,65.75,197.25
24667,9561,35,2,14.78,29.56
24668,9561,8,2,128.93,257.86
24669,9561,1,1,11.66,11.66
24670,9562,27,1,21.84,21.84
24671,9563,48,4,93.36,373.44
24672,9563,35,3,15.7,47.099999999999994
24673,9563,19,4,18.4,73.6
24674,9563,16,3,412.09,1236.27
24675,9563,28,1,63.76,63.76
24676,9564,53,3,45.84,137.52
24677,9564,1,1,12.74,12.74
24678,9564,43,1,92.09,92.09
24679,9564,6,1,21.39,21.39
24680,9565,12,3,68.24,204.71999999999997
24681,9565,43,3,94.86,284.58
24682,9565,17,4,156.94,627.76
24683,9566,6,4,24.17,96.68
24684,9566,14,2,36.6,73.2
24685,9567,52,4,24.08,96.32
24686,9567,42,2,63.23,126.46
24687,9567,55,4,31.22,124.88
24688,9568,32,2,18.23,36.46
24689,9568,40,2,18.17,36.34
24690,9568,19,3,19.26,57.78
24691,9569,34,4,31.27,125.08
24692,9569,44,1,75.86,75.86
24693,9569,21,4,82.62,330.48
24694,9569,27,4,24.07,96.28
24695,9569,7,1,15.52,15.52
24696,9570,49,2,24.28,48.56
24697,9570,48,1,97.99,97.99
24698,9570,4,2,42.9,85.8
24699,9571,50,3,15.73,47.19
24700,9571,53,1,45.73,45.73
24701,9572,47,1,48.21,48.21
24702,9572,22,4,234.36,937.44
24703,9573,28,3,59.58,178.74
24704,9573,30,3,96.06,288.18
24705,9573,29,2,34.56,69.12
24706,9573,15,2,56.79,113.58
24707,9573,6,3,21.65,64.94999999999999
24708,9574,38,1,76.24,76.24
24709,9574,41,1,48.81,48.81
24710,9574,14,3,33.42,100.26
24711,9574,18,4,70.05,280.2
24712,9574,33,3,49.19,147.57
24713,9575,45,4,64.71,258.84
24714,9575,26,3,19.12,57.36
24715,9575,5,3,38.35,115.05000000000001
24716,9575,8,2,119.85,239.7
24717,9576,26,2,19.09,38.18
24718,9576,23,3,103.92,311.76
24719,9576,54,2,24.0,48.0
24720,9577,13,3,48.75,146.25
24721,9577,5,3,41.22,123.66
24722,9577,30,1,94.17,94.17
24723,9578,30,1,94.92,94.92
24724,9578,37,1,52.77,52.77
24725,9578,26,4,17.7,70.8
24726,9579,5,2,36.17,72.34
24727,9579,18,3,70.11,210.32999999999998
24728,9579,32,3,19.63,58.89
24729,9579,13,4,45.8,183.2
24730,9580,37,2,53.23,106.46
24731,9580,1,4,12.47,49.88
24732,9580,23,2,97.28,194.56
24733,9580,51,3,36.61,109.83
24734,9580,3,3,27.91,83.73
24735,9581,16,2,417.97,835.94
24736,9581,1,1,13.16,13.16
24737,9581,5,3,40.46,121.38
24738,9581,43,3,88.69,266.07
24739,9582,51,3,36.74,110.22
24740,9582,3,4,27.15,108.6
24741,9583,54,1,22.42,22.42
24742,9583,7,3,14.29,42.87
24743,9583,1,4,12.91,51.64
24744,9584,47,2,45.29,90.58
24745,9584,35,3,15.38,46.14
24746,9584,2,1,84.86,84.86
24747,9585,46,4,60.21,240.84
24748,9585,31,2,182.4,364.8
24749,9585,38,1,76.46,76.46
24750,9585,10,2,17.36,34.72
24751,9586,6,1,21.88,21.88
24752,9587,15,1,54.01,54.01
24753,9587,29,3,37.3,111.89999999999999
24754,9587,27,4,21.25,85.0
24755,9588,41,2,45.98,91.96
24756,9589,37,3,52.66,157.98
24757,9589,40,3,18.79,56.37
24758,9589,39,3,35.14,105.42
24759,9589,24,2,21.74,43.48
24760,9589,35,1,16.49,16.49
24761,9590,9,1,56.79,56.79
24762,9590,33,2,44.89,89.78
24763,9591,4,1,48.61,48.61
24764,9591,21,1,82.01,82.01
24765,9591,14,1,36.77,36.77
24766,9591,40,3,18.31,54.92999999999999
24767,9591,13,3,47.46,142.38
24768,9592,2,3,81.74,245.21999999999997
24769,9592,25,2,30.04,60.08
24770,9592,5,1,36.39,36.39
24771,9592,50,3,14.91,44.730000000000004
24772,9593,25,3,30.73,92.19
24773,9594,34,4,33.72,134.88
24774,9595,21,3,85.52,256.56
24775,9595,30,3,94.25,282.75
24776,9595,50,4,15.81,63.24
24777,9595,52,1,20.96,20.96
24778,9595,38,4,69.97,279.88
24779,9596,20,1,14.66,14.66
24780,9596,38,3,71.29,213.87
24781,9596,6,1,21.36,21.36
24782,9596,43,2,86.73,173.46
24783,9597,23,3,92.75,278.25
24784,9597,13,2,49.45,98.9
24785,9597,31,4,179.79,719.16
24786,9597,53,3,46.11,138.32999999999998
24787,9597,19,1,17.53,17.53
24788,9598,13,3,46.21,138.63
24789,9598,34,4,30.95,123.8
24790,9599,6,3,21.63,64.89
24791,9599,32,1,18.46,18.46
24792,9600,13,3,50.49,151.47
24793,9600,53,2,40.57,81.14
24794,9601,14,2,36.23,72.46
24795,9601,10,4,17.31,69.24
24796,9601,33,1,46.69,46.69
24797,9602,52,4,22.91,91.64
24798,9602,35,3,16.26,48.78
24799,9603,35,3,15.42,46.26
24800,9603,43,2,83.92,167.84
24801,9604,1,2,13.15,26.3
24802,9604,30,4,90.89,363.56
24803,9605,40,2,19.01,38.02
24804,9605,50,4,15.38,61.52
24805,9605,20,2,14.03,28.06
24806,9606,36,1,29.41,29.41
24807,9607,7,4,15.46,61.84
24808,9607,5,1,36.16,36.16
24809,9607,9,2,56.05,112.1
24810,9608,20,3,14.72,44.160000000000004
24811,9609,41,1,48.91,48.91
24812,9609,29,1,36.55,36.55
24813,9609,47,4,43.0,172.0
24814,9610,38,3,74.23,222.69
24815,9611,27,4,22.9,91.6
24816,9612,27,1,22.74,22.74
24817,9612,6,2,21.76,43.52
24818,9612,4,1,44.83,44.83
24819,9613,14,3,34.71,104.13
24820,9613,9,1,53.22,53.22
24821,9613,55,3,31.67,95.01
24822,9613,35,2,15.8,31.6
24823,9614,23,4,97.46,389.84
24824,9615,32,4,18.05,72.2
24825,9615,51,4,40.34,161.36
24826,9615,39,2,34.79,69.58
24827,9616,23,1,94.4,94.4
24828,9616,34,2,30.86,61.72
24829,9617,3,1,28.61,28.61
24830,9618,25,3,27.35,82.05000000000001
24831,9618,2,2,87.74,175.48
24832,9618,20,2,14.53,29.06
24833,9618,39,4,35.02,140.08
24834,9618,53,3,44.66,133.98
24835,9619,38,1,68.69,68.69
24836,9619,36,4,30.38,121.52
24837,9619,5,4,36.85,147.4
24838,9619,12,4,66.49,265.96
24839,9620,12,3,70.59,211.77
24840,9620,45,3,70.01,210.03000000000003
24841,9620,5,3,41.01,123.03
24842,9621,8,4,128.47,513.88
24843,9622,39,4,34.68,138.72
24844,9623,10,4,19.77,79.08
24845,9623,17,1,141.25,141.25
24846,9624,43,1,94.82,94.82
24847,9624,37,4,58.44,233.76
24848,9624,9,1,58.82,58.82
24849,9625,26,2,19.16,38.32
24850,9625,12,4,65.47,261.88
24851,9626,30,1,100.53,100.53
24852,9626,31,2,177.9,355.8
24853,9626,42,4,70.88,283.52
24854,9626,24,2,19.33,38.66
24855,9627,45,4,73.49,293.96
24856,9627,5,4,39.37,157.48
24857,9628,13,3,52.19,156.57
24858,9628,22,4,214.92,859.68
24859,9628,27,1,22.82,22.82
24860,9629,10,2,19.22,38.44
24861,9630,45,3,69.72,209.16
24862,9630,10,2,19.76,39.52
24863,9631,15,2,53.35,106.7
24864,9632,14,3,37.58,112.74
24865,9633,1,3,11.83,35.49
24866,9633,46,3,58.01,174.03
24867,9633,52,2,22.66,45.32
24868,9633,48,2,98.55,197.1
24869,9633,19,1,17.47,17.47
24870,9634,52,2,22.09,44.18
24871,9634,16,4,373.06,1492.24
24872,9634,38,2,73.76,147.52
24873,9635,52,1,22.85,22.85
24874,9635,11,1,41.28,41.28
24875,9635,19,4,17.78,71.12
24876,9636,33,2,46.54,93.08
24877,9636,49,3,24.22,72.66
24878,9636,55,1,32.15,32.15
24879,9637,24,1,21.15,21.15
24880,9637,9,3,52.63,157.89000000000001
24881,9637,4,2,46.12,92.24
24882,9637,18,3,71.15,213.45000000000002
24883,9637,26,3,18.39,55.17
24884,9638,47,2,46.53,93.06
24885,9638,7,3,15.76,47.28
24886,9638,23,2,92.99,185.98
24887,9638,20,3,14.27,42.81
24888,9638,46,1,56.03,56.03
24889,9639,3,3,28.54,85.62
24890,9640,5,2,38.38,76.76
24891,9640,12,3,65.44,196.32
24892,9641,47,2,43.65,87.3
24893,9641,33,4,44.8,179.2
24894,9641,22,4,222.48,889.92
24895,9641,2,2,83.97,167.94
24896,9642,1,4,12.38,49.52
24897,9642,47,1,44.7,44.7
24898,9643,15,1,55.11,55.11
24899,9643,48,1,91.87,91.87
24900,9643,29,2,34.89,69.78
24901,9644,14,4,33.79,135.16
24902,9645,55,4,29.81,119.24
24903,9645,37,1,58.45,58.45
24904,9645,35,4,15.15,60.6
24905,9645,1,2,12.57,25.14
24906,9645,48,3,90.47,271.40999999999997
24907,9646,9,2,58.1,116.2
24908,9647,37,1,55.03,55.03
24909,9647,20,3,14.61,43.83
24910,9647,5,4,39.33,157.32
24911,9648,44,1,72.81,72.81
24912,9648,27,4,22.53,90.12
24913,9648,50,2,14.59,29.18
24914,9648,14,1,33.36,33.36
24915,9649,10,2,17.45,34.9
24916,9649,43,3,95.78,287.34000000000003
24917,9649,49,1,24.28,24.28
24918,9649,45,1,66.55,66.55
24919,9650,10,1,18.18,18.18
24920,9650,1,4,11.98,47.92
24921,9651,54,2,21.37,42.74
24922,9651,45,1,67.85,67.85
24923,9652,49,1,26.35,26.35
24924,9652,55,4,28.73,114.92
24925,9652,54,2,23.24,46.48
24926,9652,4,3,45.04,135.12
24927,9653,42,4,70.06,280.24
24928,9653,26,1,17.65,17.65
24929,9653,2,3,92.91,278.73
24930,9653,29,1,33.96,33.96
24931,9654,53,1,43.0,43.0
24932,9655,50,3,14.61,43.83
24933,9655,48,4,93.89,375.56
24934,9655,28,4,64.29,257.16
24935,9656,43,3,92.48,277.44
24936,9656,38,3,69.5,208.5
24937,9656,34,1,31.37,31.37
24938,9657,48,2,92.89,185.78
24939,9658,42,3,68.55,205.64999999999998
24940,9658,8,2,117.22,234.44
24941,9659,34,4,34.57,138.28
24942,9659,55,1,31.71,31.71
24943,9660,22,4,219.54,878.16
24944,9660,21,1,82.94,82.94
24945,9660,23,3,104.1,312.29999999999995
24946,9661,43,3,90.5,271.5
24947,9661,37,2,54.18,108.36
24948,9662,32,2,18.58,37.16
24949,9662,25,3,26.85,80.55000000000001
24950,9662,23,4,96.76,387.04
24951,9663,51,1,40.2,40.2
24952,9663,29,3,33.34,100.02000000000001
24953,9664,30,2,98.77,197.54
24954,9664,38,2,75.62,151.24
24955,9664,48,1,92.88,92.88
24956,9664,11,2,43.28,86.56
24957,9664,37,2,52.47,104.94
24958,9665,15,3,51.53,154.59
24959,9665,45,3,65.1,195.29999999999998
24960,9665,28,2,59.94,119.88
24961,9665,2,2,86.34,172.68
24962,9666,49,1,23.96,23.96
24963,9666,50,2,15.61,31.22
24964,9666,47,2,47.96,95.92
24965,9666,17,4,138.07,552.28
24966,9667,42,4,64.9,259.6
24967,9668,53,1,41.21,41.21
24968,9668,39,2,34.42,68.84
24969,9669,6,3,22.29,66.87
24970,9669,53,2,43.76,87.52
24971,9669,16,4,404.69,1618.76
24972,9669,14,2,37.93,75.86
24973,9669,9,2,53.68,107.36
24974,9670,27,1,24.07,24.07
24975,9670,26,4,17.43,69.72
24976,9671,25,2,28.83,57.66
24977,9671,30,1,102.72,102.72
24978,9672,23,1,99.66,99.66
24979,9672,20,1,13.47,13.47
24980,9672,9,1,59.76,59.76
24981,9673,48,1,101.68,101.68
24982,9673,14,4,36.4,145.6
24983,9674,10,4,18.68,74.72
24984,9674,37,3,60.44,181.32
24985,9674,31,4,180.49,721.96
24986,9675,54,4,23.36,93.44
24987,9675,2,1,87.41,87.41
24988,9675,30,4,96.91,387.64
24989,9676,21,2,92.83,185.66
24990,9676,9,4,59.0,236.0
24991,9677,37,3,57.79,173.37
24992,9677,44,4,74.08,296.32
24993,9677,41,2,45.67,91.34
24994,9678,6,3,24.17,72.51
24995,9678,17,2,143.14,286.28
24996,9679,14,1,36.04,36.04
24997,9680,28,4,59.22,236.88
24998,9681,48,2,90.76,181.52
24999,9681,14,4,36.36,145.44
25000,9681,42,3,71.39,214.17000000000002
25001,9682,11,1,44.5,44.5
25002,9683,50,1,14.35,14.35
25003,9684,23,1,103.28,103.28
25004,9685,44,4,74.94,299.76
25005,9685,10,2,17.69,35.38
25006,9686,34,2,33.91,67.82
25007,9687,34,1,32.47,32.47
25008,9688,44,4,76.98,307.92
25009,9688,18,2,76.78,153.56
25010,9688,41,2,48.9,97.8
25011,9689,2,1,83.43,83.43
25012,9689,14,4,36.94,147.76
25013,9689,18,3,70.64,211.92000000000002
25014,9690,34,4,32.04,128.16
25015,9690,40,1,19.22,19.22
25016,9690,55,4,32.23,128.92
25017,9690,4,1,45.57,45.57
25018,9690,13,4,47.12,188.48
25019,9691,55,3,32.72,98.16
25020,9691,21,4,92.42,369.68
25021,9691,14,1,36.92,36.92
25022,9691,22,3,226.81,680.4300000000001
25023,9692,10,2,19.1,38.2
25024,9693,48,3,94.34,283.02
25025,9693,20,4,14.99,59.96
25026,9693,39,1,31.77,31.77
25027,9694,54,3,21.52,64.56
25028,9694,40,4,18.15,72.6
25029,9694,12,4,62.2,248.8
25030,9695,1,1,13.07,13.07
25031,9696,42,1,64.57,64.57
25032,9697,26,1,18.97,18.97
25033,9698,1,1,12.02,12.02
25034,9699,43,4,86.89,347.56
25035,9699,42,2,64.76,129.52
25036,9700,20,2,13.77,27.54
25037,9701,16,4,402.6,1610.4
25038,9702,44,1,72.97,72.97
25039,9702,50,1,16.2,16.2
25040,9703,6,2,22.95,45.9
25041,9703,42,4,61.87,247.48
25042,9703,34,3,32.35,97.05000000000001
25043,9704,8,2,122.7,245.4
25044,9704,30,2,95.6,191.2
25045,9705,13,4,52.71,210.84
25046,9706,40,4,18.03,72.12
25047,9706,6,2,22.97,45.94
25048,9706,23,3,93.55,280.65
25049,9706,33,1,48.82,48.82
25050,9706,24,1,21.62,21.62
25051,9707,2,4,93.01,372.04
25052,9708,30,4,92.52,370.08
25053,9709,22,2,225.45,450.9
25054,9709,31,1,185.05,185.05
25055,9709,11,1,42.37,42.37
25056,9710,22,4,225.61,902.44
25057,9710,48,4,100.04,400.16
25058,9710,49,4,26.35,105.4
25059,9710,17,1,155.52,155.52
25060,9710,20,4,14.71,58.84
25061,9711,11,2,42.26,84.52
25062,9711,3,4,28.09,112.36
25063,9711,27,2,21.82,43.64
25064,9711,8,3,131.36,394.08000000000004
25065,9711,35,3,15.62,46.86
25066,9712,20,2,14.74,29.48
25067,9712,47,1,44.8,44.8
25068,9713,25,2,28.02,56.04
25069,9713,1,2,12.44,24.88
25070,9713,24,4,20.04,80.16
25071,9714,14,4,36.54,146.16
25072,9714,20,1,14.14,14.14
25073,9715,30,2,101.8,203.6
25074,9715,19,3,17.59,52.769999999999996
25075,9715,37,1,54.24,54.24
25076,9715,21,2,92.59,185.18
25077,9715,22,1,220.03,220.03
25078,9716,38,3,71.63,214.89
25079,9716,20,2,13.94,27.88
25080,9716,34,1,31.97,31.97
25081,9717,37,3,56.28,168.84
25082,9717,23,4,101.7,406.8
25083,9717,13,4,47.63,190.52
25084,9718,28,4,60.23,240.92
25085,9718,46,3,52.5,157.5
25086,9719,20,1,14.87,14.87
25087,9719,54,2,20.96,41.92
25088,9719,13,2,49.98,99.96
25089,9720,19,3,17.84,53.519999999999996
25090,9720,48,4,102.53,410.12
25091,9720,43,2,96.52,193.04
25092,9720,11,3,43.79,131.37
25093,9720,9,1,55.46,55.46
25094,9721,34,3,34.68,104.03999999999999
25095,9721,5,3,36.8,110.39999999999999
25096,9722,47,3,43.72,131.16
25097,9723,54,3,21.89,65.67
25098,9724,5,1,41.8,41.8
25099,9724,16,4,415.4,1661.6
25100,9724,54,1,23.5,23.5
25101,9724,51,2,41.28,82.56
25102,9725,52,2,21.48,42.96
25103,9725,16,3,371.82,1115.46
25104,9725,13,2,49.96,99.92
25105,9726,26,3,17.59,52.769999999999996
25106,9726,38,1,68.41,68.41
25107,9726,14,2,37.46,74.92
25108,9726,11,3,40.19,120.57
25109,9726,39,3,32.96,98.88
25110,9727,45,4,74.12,296.48
25111,9728,13,1,50.08,50.08
25112,9728,45,2,70.51,141.02
25113,9729,5,2,39.76,79.52
25114,9729,22,1,234.17,234.17
25115,9729,49,4,27.4,109.6
25116,9730,44,3,76.72,230.16
25117,9730,38,4,71.08,284.32
25118,9730,11,1,43.0,43.0
25119,9731,50,4,15.48,61.92
25120,9731,37,3,58.86,176.57999999999998
25121,9731,45,2,66.26,132.52
25122,9731,16,3,365.61,1096.83
25123,9731,41,1,52.52,52.52
25124,9732,16,3,412.23,1236.69
25125,9732,28,1,67.1,67.1
25126,9732,14,3,33.69,101.07
25127,9733,27,4,22.73,90.92
25128,9733,55,4,32.28,129.12
25129,9733,9,3,59.74,179.22
25130,9734,42,1,61.91,61.91
25131,9735,13,4,47.47,189.88
25132,9735,30,2,101.58,203.16
25133,9735,51,4,36.8,147.2
25134,9735,15,3,53.93,161.79
25135,9735,19,1,19.51,19.51
25136,9736,36,2,26.99,53.98
25137,9736,37,1,60.19,60.19
25138,9736,5,1,38.2,38.2
25139,9736,51,3,36.26,108.78
25140,9737,28,4,65.84,263.36
25141,9738,46,3,52.92,158.76
25142,9738,26,2,19.25,38.5
25143,9739,50,2,14.49,28.98
25144,9740,22,4,223.19,892.76
25145,9740,48,2,91.67,183.34
25146,9741,38,3,71.74,215.21999999999997
25147,9742,12,2,65.01,130.02
25148,9742,52,4,21.96,87.84
25149,9743,18,3,71.02,213.06
25150,9743,51,4,38.91,155.64
25151,9743,29,3,37.89,113.67
25152,9744,27,1,21.75,21.75
25153,9745,32,1,17.52,17.52
25154,9745,45,3,70.48,211.44
25155,9745,5,1,36.13,36.13
25156,9746,48,1,102.6,102.6
25157,9746,30,1,94.37,94.37
25158,9747,22,2,209.48,418.96
25159,9747,46,1,56.65,56.65
25160,9747,49,2,24.35,48.7
25161,9747,1,2,12.0,24.0
25162,9747,20,2,13.58,27.16
25163,9748,40,4,17.45,69.8
25164,9749,49,2,25.56,51.12
25165,9749,33,2,45.03,90.06
25166,9750,47,1,48.34,48.34
25167,9750,3,2,29.97,59.94
25168,9750,41,1,52.71,52.71
25169,9750,20,1,13.55,13.55
25170,9751,7,3,15.21,45.63
25171,9751,34,2,34.8,69.6
25172,9751,21,2,87.97,175.94
25173,9751,52,1,24.08,24.08
25174,9752,11,4,41.32,165.28
25175,9752,16,3,371.05,1113.15
25176,9752,2,1,93.43,93.43
25177,9752,20,3,14.66,43.980000000000004
25178,9753,41,4,50.88,203.52
25179,9753,53,3,41.29,123.87
25180,9754,27,3,23.9,71.69999999999999
25181,9754,39,2,32.08,64.16
25182,9754,25,2,28.02,56.04
25183,9755,37,3,57.94,173.82
25184,9756,16,1,361.02,361.02
25185,9756,6,3,21.48,64.44
25186,9757,51,4,36.63,146.52
25187,9757,24,4,20.29,81.16
25188,9758,24,3,19.19,57.57000000000001
25189,9758,54,3,21.62,64.86
25190,9759,12,3,68.1,204.29999999999998
25191,9759,20,1,14.93,14.93
25192,9759,24,2,20.75,41.5
25193,9760,16,2,412.88,825.76
25194,9760,1,2,12.24,24.48
25195,9760,33,4,45.47,181.88
25196,9761,22,3,226.38,679.14
25197,9762,21,1,83.25,83.25
25198,9762,49,1,26.43,26.43
25199,9762,32,1,17.47,17.47
25200,9763,48,3,96.58,289.74
25201,9763,2,3,89.92,269.76
25202,9763,7,1,14.78,14.78
25203,9764,41,4,51.65,206.6
25204,9764,33,4,47.38,189.52
25205,9764,44,4,72.79,291.16
25206,9764,22,4,212.36,849.44
25207,9765,24,3,21.05,63.150000000000006
25208,9765,37,3,57.96,173.88
25209,9766,34,2,30.48,60.96
25210,9766,16,1,414.37,414.37
25211,9766,2,3,90.62,271.86
25212,9767,21,4,90.18,360.72
25213,9767,40,2,19.7,39.4
25214,9768,48,4,91.5,366.0
25215,9768,8,3,122.7,368.1
25216,9768,14,3,37.27,111.81
25217,9769,22,1,230.69,230.69
25218,9769,39,2,33.85,67.7
25219,9770,26,1,19.02,19.02
25220,9770,12,1,68.59,68.59
25221,9771,11,2,40.06,80.12
25222,9772,1,2,12.04,24.08
25223,9772,23,4,98.78,395.12
25224,9772,39,3,32.12,96.35999999999999
25225,9772,24,4,19.35,77.4
25226,9772,40,4,19.69,78.76
25227,9773,25,2,30.17,60.34
25228,9774,20,4,14.65,58.6
25229,9775,19,4,17.78,71.12
25230,9775,6,4,23.09,92.36
25231,9775,44,3,69.69,209.07
25232,9775,21,2,81.67,163.34
25233,9776,49,4,26.55,106.2
25234,9776,40,4,19.39,77.56
25235,9776,23,4,101.53,406.12
25236,9776,21,4,90.57,362.28
25237,9776,33,1,46.04,46.04
25238,9777,41,1,48.63,48.63
25239,9777,48,2,98.58,197.16
25240,9778,48,2,95.52,191.04
25241,9778,7,1,15.29,15.29
25242,9779,17,1,139.22,139.22
25243,9779,11,1,40.49,40.49
25244,9779,35,3,16.26,48.78
25245,9779,12,4,66.5,266.0
25246,9780,11,4,41.99,167.96
25247,9780,43,3,84.77,254.31
25248,9780,52,2,22.52,45.04
25249,9781,1,1,12.28,12.28
25250,9781,30,2,95.06,190.12
25251,9782,11,4,46.03,184.12
25252,9782,44,3,68.9,206.70000000000002
25253,9783,40,2,17.69,35.38
25254,9784,3,3,28.96,86.88
25255,9784,52,3,22.77,68.31
25256,9784,4,1,48.36,48.36
25257,9785,9,4,54.04,216.16
25258,9785,13,3,47.47,142.41
25259,9785,31,3,173.52,520.5600000000001
25260,9785,40,4,17.85,71.4
25261,9786,45,2,73.44,146.88
25262,9786,35,3,14.5,43.5
25263,9787,35,4,15.26,61.04
25264,9787,39,3,32.17,96.51
25265,9787,49,4,25.87,103.48
25266,9788,27,2,23.91,47.82
25267,9788,21,2,92.05,184.1
25268,9789,10,4,19.01,76.04
25269,9789,35,1,15.79,15.79
25270,9789,12,4,62.98,251.92
25271,9789,34,2,34.15,68.3
25272,9789,37,3,58.4,175.2
25273,9790,18,2,72.64,145.28
25274,9790,7,1,15.32,15.32
25275,9790,51,2,38.25,76.5
25276,9790,24,1,19.13,19.13
25277,9791,39,2,33.72,67.44
25278,9791,2,3,92.27,276.81
25279,9791,29,3,38.44,115.32
25280,9791,30,2,93.48,186.96
25281,9791,27,4,22.61,90.44
25282,9792,50,4,14.33,57.32
25283,9792,46,2,53.98,107.96
25284,9792,8,1,119.18,119.18
25285,9793,42,2,67.13,134.26
25286,9793,7,2,16.1,32.2
25287,9793,39,4,31.89,127.56
25288,9794,10,3,17.29,51.87
25289,9794,15,1,54.24,54.24
25290,9794,17,3,141.01,423.03
25291,9795,43,1,83.97,83.97
25292,9795,6,3,21.99,65.97
25293,9795,42,1,63.24,63.24
25294,9795,55,2,31.47,62.94
25295,9795,34,4,30.67,122.68
25296,9796,5,2,39.38,78.76
25297,9797,33,2,46.02,92.04
25298,9797,42,1,64.02,64.02
25299,9797,28,4,61.89,247.56
25300,9797,49,4,26.76,107.04
25301,9797,2,3,84.71,254.13
25302,9798,32,4,18.06,72.24
25303,9799,22,3,220.88,662.64
25304,9799,55,3,28.59,85.77
25305,9799,34,3,34.18,102.53999999999999
25306,9800,13,2,51.86,103.72
25307,9800,5,3,39.67,119.01
25308,9801,50,1,16.42,16.42
25309,9801,38,2,78.86,157.72
25310,9801,13,3,49.0,147.0
25311,9801,14,1,35.79,35.79
25312,9802,40,4,19.66,78.64
25313,9803,16,2,401.59,803.18
25314,9803,51,2,38.6,77.2
25315,9803,32,1,18.37,18.37
25316,9803,27,3,23.02,69.06
25317,9803,15,2,55.52,111.04
25318,9804,23,2,102.25,204.5
25319,9804,54,1,20.99,20.99
25320,9804,9,3,57.21,171.63
25321,9805,17,3,148.53,445.59000000000003
25322,9805,50,3,16.23,48.69
25323,9805,43,2,86.08,172.16
25324,9805,48,2,92.53,185.06
25325,9805,7,3,14.33,42.99
25326,9806,13,1,47.39,47.39
25327,9806,19,4,18.42,73.68
25328,9807,37,3,56.39,169.17000000000002
25329,9808,35,2,16.06,32.12
25330,9808,20,2,14.33,28.66
25331,9808,4,4,46.39,185.56
25332,9809,4,2,48.52,97.04
25333,9809,34,3,30.98,92.94
25334,9809,1,3,13.19,39.57
25335,9809,33,3,44.03,132.09
25336,9809,25,1,28.17,28.17
25337,9810,33,3,46.92,140.76
25338,9810,34,1,34.13,34.13
25339,9810,26,1,17.88,17.88
25340,9811,46,1,54.44,54.44
25341,9811,18,2,78.04,156.08
25342,9811,16,2,410.64,821.28
25343,9811,39,4,33.24,132.96
25344,9812,54,2,22.57,45.14
25345,9813,41,2,48.43,96.86
25346,9813,6,3,24.09,72.27
25347,9813,8,4,129.95,519.8
25348,9814,36,1,27.15,27.15
25349,9814,50,2,16.31,32.62
25350,9814,53,2,42.72,85.44
25351,9814,27,2,22.78,45.56
25352,9815,21,2,91.01,182.02
25353,9815,16,4,397.83,1591.32
25354,9815,18,4,75.43,301.72
25355,9816,54,3,21.8,65.4
25356,9816,39,3,31.35,94.05000000000001
25357,9817,48,4,95.81,383.24
25358,9817,2,3,86.26,258.78000000000003
25359,9817,38,2,74.09,148.18
25360,9817,30,3,92.82,278.46
25361,9818,53,1,45.41,45.41
25362,9818,46,4,54.15,216.6
25363,9819,40,1,17.35,17.35
25364,9819,53,3,42.12,126.35999999999999
25365,9819,33,2,44.75,89.5
25366,9819,48,4,95.59,382.36
25367,9820,45,2,67.87,135.74
25368,9821,24,2,21.44,42.88
25369,9822,25,1,27.01,27.01
25370,9822,30,1,99.91,99.91
25371,9823,45,3,73.12,219.36
25372,9824,51,2,41.63,83.26
25373,9824,40,4,18.0,72.0
25374,9825,20,3,13.71,41.13
25375,9825,40,2,18.38,36.76
25376,9825,32,3,18.33,54.989999999999995
25377,9825,35,1,15.34,15.34
25378,9825,33,1,46.34,46.34
25379,9826,39,3,34.19,102.57
25380,9827,34,4,31.91,127.64
25381,9827,36,2,30.51,61.02
25382,9827,4,1,44.63,44.63
25383,9827,26,4,18.04,72.16
25384,9828,39,3,30.54,91.62
25385,9828,8,2,125.22,250.44
25386,9829,54,4,23.46,93.84
25387,9829,28,2,67.85,135.7
25388,9830,24,2,20.08,40.16
25389,9830,4,3,46.72,140.16
25390,9831,14,3,37.71,113.13
25391,9831,46,4,53.76,215.04
25392,9831,38,2,70.93,141.86
25393,9832,4,1,45.59,45.59
25394,9832,7,3,16.01,48.03
25395,9832,14,1,37.07,37.07
25396,9832,28,1,62.65,62.65
25397,9833,11,3,43.85,131.55
25398,9833,53,3,42.87,128.60999999999999
25399,9834,3,3,29.81,89.42999999999999
25400,9834,31,1,194.19,194.19
25401,9834,36,3,28.41,85.23
25402,9835,23,2,96.47,192.94
25403,9835,17,3,141.94,425.82
25404,9836,46,4,59.6,238.4
25405,9836,28,3,59.97,179.91
25406,9836,25,2,30.42,60.84
25407,9837,36,2,30.78,61.56
25408,9837,6,3,22.64,67.92
25409,9838,23,4,96.96,387.84
25410,9839,8,4,129.93,519.72
25411,9839,18,3,77.45,232.35000000000002
25412,9839,25,3,29.96,89.88
25413,9839,37,2,54.56,109.12
25414,9840,23,2,103.49,206.98
25415,9840,37,1,56.47,56.47
25416,9841,28,2,60.51,121.02
25417,9841,14,1,33.59,33.59
25418,9841,26,4,18.73,74.92
25419,9841,53,2,41.61,83.22
25420,9842,27,4,21.01,84.04
25421,9842,30,3,95.88,287.64
25422,9842,24,1,21.2,21.2
25423,9843,19,2,19.12,38.24
25424,9843,52,4,20.93,83.72
25425,9843,49,3,25.55,76.65
25426,9844,37,1,57.92,57.92
25427,9844,10,2,17.1,34.2
25428,9844,17,3,142.71,428.13
25429,9844,16,4,365.06,1460.24
25430,9844,4,4,49.27,197.08
25431,9845,51,2,40.34,80.68
25432,9846,2,4,83.4,333.6
25433,9846,43,2,88.02,176.04
25434,9846,38,4,74.4,297.6
25435,9847,55,2,31.4,62.8
25436,9847,37,2,58.68,117.36
25437,9848,11,4,40.22,160.88
25438,9848,13,1,51.2,51.2
25439,9849,13,2,49.54,99.08
25440,9849,48,3,102.02,306.06
25441,9849,50,4,15.09,60.36
25442,9850,37,2,57.11,114.22
25443,9850,7,2,16.25,32.5
25444,9850,20,1,15.27,15.27
25445,9850,28,2,59.72,119.44
25446,9851,54,2,21.56,43.12
25447,9851,45,4,70.0,280.0
25448,9852,26,2,18.19,36.38
25449,9852,15,4,51.91,207.64
25450,9852,19,3,19.12,57.36
25451,9853,50,1,15.09,15.09
25452,9853,22,4,233.95,935.8
25453,9853,33,4,45.61,182.44
25454,9854,17,3,153.58,460.74
25455,9854,25,1,30.4,30.4
25456,9854,16,4,362.29,1449.16
25457,9854,13,3,52.07,156.21
25458,9855,11,4,41.54,166.16
25459,9855,18,4,74.13,296.52
25460,9856,19,3,18.71,56.13
25461,9857,55,3,31.11,93.33
25462,9857,42,2,63.25,126.5
25463,9857,25,1,27.57,27.57
25464,9858,11,2,41.25,82.5
25465,9858,43,2,89.89,179.78
25466,9858,15,3,50.75,152.25
25467,9858,19,4,18.31,73.24
25468,9858,8,1,119.68,119.68
25469,9859,2,1,86.84,86.84
25470,9859,14,1,36.57,36.57
25471,9859,31,1,184.29,184.29
25472,9860,29,3,34.72,104.16
25473,9861,36,4,27.63,110.52
25474,9862,40,1,17.82,17.82
25475,9862,5,3,37.34,112.02000000000001
25476,9863,22,3,239.15,717.45
25477,9863,37,3,57.61,172.82999999999998
25478,9863,44,2,74.95,149.9
25479,9864,25,3,30.71,92.13
25480,9865,18,3,71.17,213.51
25481,9865,15,2,56.09,112.18
25482,9866,17,2,156.01,312.02
25483,9866,39,4,32.05,128.2
25484,9867,7,3,14.53,43.589999999999996
25485,9867,53,3,45.63,136.89000000000001
25486,9867,18,1,78.92,78.92
25487,9867,50,3,14.28,42.839999999999996
25488,9868,18,4,78.77,315.08
25489,9868,30,3,97.32,291.96
25490,9868,43,2,95.48,190.96
25491,9869,22,3,221.52,664.5600000000001
25492,9870,48,3,95.14,285.42
25493,9870,28,3,64.2,192.60000000000002
25494,9870,11,1,43.04,43.04
25495,9871,23,4,102.96,411.84
25496,9872,36,1,30.62,30.62
25497,9872,52,1,23.98,23.98
25498,9872,27,1,23.36,23.36
25499,9873,28,3,61.25,183.75
25500,9873,17,4,142.32,569.28
25501,9874,18,1,75.14,75.14
25502,9874,24,1,19.17,19.17
25503,9874,9,4,59.69,238.76
25504,9874,10,1,18.21,18.21
25505,9874,43,1,94.45,94.45
25506,9875,22,2,221.26,442.52
25507,9875,31,1,179.49,179.49
25508,9875,19,3,18.45,55.349999999999994
25509,9876,37,3,55.81,167.43
25510,9876,18,2,74.99,149.98
25511,9876,53,2,44.07,88.14
25512,9877,23,4,93.43,373.72
25513,9877,12,4,67.15,268.6
25514,9878,30,2,97.24,194.48
25515,9879,4,3,43.08,129.24
25516,9879,38,1,73.65,73.65
25517,9879,18,3,70.03,210.09
25518,9879,49,2,24.25,48.5
25519,9879,41,2,49.2,98.4
25520,9880,39,4,32.8,131.2
25521,9881,38,1,75.63,75.63
25522,9881,15,1,51.36,51.36
25523,9882,25,4,28.29,113.16
25524,9883,11,1,46.04,46.04
25525,9883,37,1,53.17,53.17
25526,9883,24,4,21.19,84.76
25527,9884,16,2,402.84,805.68
25528,9884,28,3,60.82,182.46
25529,9885,36,3,29.63,88.89
25530,9885,19,3,17.78,53.34
25531,9886,47,1,49.0,49.0
25532,9886,8,1,121.98,121.98
25533,9886,17,2,154.4,308.8
25534,9886,42,2,62.04,124.08
25535,9886,54,2,23.21,46.42
25536,9887,42,1,62.79,62.79
25537,9887,15,2,50.31,100.62
25538,9887,3,2,28.75,57.5
25539,9888,43,1,92.58,92.58
25540,9888,9,3,55.24,165.72
25541,9889,8,3,130.4,391.20000000000005
25542,9889,44,2,76.21,152.42
25543,9889,26,2,18.88,37.76
25544,9889,42,2,66.29,132.58
25545,9890,49,1,26.21,26.21
25546,9890,51,4,40.4,161.6
25547,9890,15,4,52.9,211.6
25548,9890,46,1,54.23,54.23
25549,9891,36,4,27.57,110.28
25550,9892,20,2,14.49,28.98
25551,9893,35,4,15.98,63.92
25552,9893,5,1,38.42,38.42
25553,9893,9,3,58.52,175.56
25554,9894,8,4,130.87,523.48
25555,9895,16,4,368.88,1475.52
25556,9895,9,2,57.67,115.34
25557,9895,24,2,21.32,42.64
25558,9896,8,2,126.66,253.32
25559,9897,12,4,70.89,283.56
25560,9898,26,3,17.54,52.62
25561,9899,39,2,34.13,68.26
25562,9899,8,4,129.8,519.2
25563,9899,51,2,40.06,80.12
25564,9900,31,4,182.47,729.88
25565,9900,18,2,68.91,137.82
25566,9901,13,1,52.03,52.03
25567,9902,8,4,125.38,501.52
25568,9902,7,1,15.44,15.44
25569,9902,54,3,23.21,69.63
25570,9902,35,2,14.6,29.2
25571,9902,51,3,36.79,110.37
25572,9903,24,2,21.73,43.46
25573,9903,48,1,103.71,103.71
25574,9904,20,2,14.08,28.16
25575,9904,12,3,64.66,193.98
25576,9904,41,3,49.18,147.54
25577,9905,6,2,23.95,47.9
25578,9905,32,3,19.64,58.92
25579,9906,43,3,88.48,265.44
25580,9906,18,4,71.05,284.2
25581,9907,24,2,19.67,39.34
25582,9907,55,2,31.91,63.82
25583,9908,22,3,214.74,644.22
25584,9908,52,4,22.96,91.84
25585,9908,25,2,29.64,59.28
25586,9909,31,4,174.85,699.4
25587,9910,32,2,18.72,37.44
25588,9911,28,2,60.13,120.26
25589,9911,2,4,92.42,369.68
25590,9912,24,3,19.09,57.269999999999996
25591,9912,17,3,147.41,442.23
25592,9912,10,1,19.5,19.5
25593,9912,49,1,25.03,25.03
25594,9912,8,3,120.44,361.32
25595,9913,25,1,30.03,30.03
25596,9913,22,4,227.14,908.56
25597,9914,1,3,12.28,36.839999999999996
25598,9914,51,4,40.39,161.56
25599,9915,45,4,74.77,299.08
25600,9915,5,3,37.95,113.85000000000001
25601,9915,8,1,121.15,121.15
25602,9915,50,3,14.76,44.28
25603,9915,9,4,53.06,212.24
25604,9916,4,4,44.88,179.52
25605,9916,2,3,84.3,252.89999999999998
25606,9916,47,1,45.59,45.59
25607,9916,36,4,28.99,115.96
25608,9917,15,1,54.11,54.11
25609,9917,45,3,69.0,207.0
25610,9917,21,2,88.45,176.9
25611,9917,16,4,385.28,1541.12
25612,9917,40,1,17.73,17.73
25613,9918,55,2,32.97,65.94
25614,9918,53,4,44.18,176.72
25615,9918,24,2,21.67,43.34
25616,9919,30,2,103.87,207.74
25617,9920,35,2,15.93,31.86
25618,9920,36,2,29.98,59.96
25619,9920,33,3,43.93,131.79
25620,9920,31,3,195.31,585.9300000000001
25621,9921,24,1,19.7,19.7
25622,9921,3,1,27.67,27.67
25623,9922,42,4,70.55,282.2
25624,9922,36,2,27.67,55.34
25625,9922,41,3,46.35,139.05
25626,9923,5,2,38.13,76.26
25627,9923,37,2,56.58,113.16
25628,9923,12,3,67.01,201.03000000000003
25629,9924,50,3,15.53,46.589999999999996
25630,9924,9,2,53.02,106.04
25631,9924,45,4,69.76,279.04
25632,9924,17,3,150.4,451.20000000000005
25633,9925,11,2,45.91,91.82
25634,9925,32,1,19.66,19.66
25635,9925,48,4,94.37,377.48
25636,9926,17,4,156.94,627.76
25637,9927,42,2,62.55,125.1
25638,9927,3,3,28.02,84.06
25639,9927,20,4,15.03,60.12
25640,9928,21,3,87.82,263.46
25641,9928,1,2,11.67,23.34
25642,9929,48,4,102.58,410.32
25643,9930,3,3,29.64,88.92
25644,9930,30,1,93.46,93.46
25645,9930,37,1,52.33,52.33
25646,9930,19,4,19.12,76.48
25647,9931,4,3,47.82,143.46
25648,9932,52,4,20.95,83.8
25649,9932,36,2,28.69,57.38
25650,9932,24,3,21.47,64.41
25651,9933,23,4,95.7,382.8
25652,9933,20,4,15.32,61.28
25653,9933,49,2,26.93,53.86
25654,9934,15,1,51.81,51.81
25655,9934,32,1,18.3,18.3
25656,9935,34,2,31.43,62.86
25657,9935,23,4,94.1,376.4
25658,9935,55,1,29.66,29.66
25659,9935,9,4,55.96,223.84
25660,9935,6,3,22.65,67.94999999999999
25661,9936,19,1,18.51,18.51
25662,9937,24,4,21.81,87.24
25663,9938,18,4,70.74,282.96
25664,9938,44,3,73.95,221.85000000000002
25665,9939,22,2,215.94,431.88
25666,9939,1,1,12.77,12.77
25667,9940,5,3,37.58,112.74
25668,9940,49,3,26.24,78.72
25669,9940,42,1,69.49,69.49
25670,9940,46,2,55.5,111.0
25671,9941,25,4,28.77,115.08
25672,9942,17,1,146.81,146.81
25673,9942,34,4,32.49,129.96
25674,9943,12,2,62.85,125.7
25675,9943,2,2,93.49,186.98
25676,9944,8,4,122.48,489.92
25677,9944,7,1,14.8,14.8
25678,9945,10,2,17.55,35.1
25679,9946,37,1,54.88,54.88
25680,9947,34,1,31.39,31.39
25681,9947,37,2,54.31,108.62
25682,9947,16,3,414.59,1243.77
25683,9947,12,2,67.3,134.6
25684,9947,17,1,150.19,150.19
25685,9948,50,1,14.3,14.3
25686,9948,28,4,59.43,237.72
25687,9948,29,4,34.23,136.92
25688,9949,54,1,22.03,22.03
25689,9949,16,2,389.71,779.42
25690,9950,32,2,18.96,37.92
25691,9950,7,4,15.76,63.04
25692,9951,35,3,16.11,48.33
25693,9951,49,4,26.14,104.56
25694,9951,55,4,31.22,124.88
25695,9952,29,3,36.09,108.27000000000001
25696,9952,54,3,23.39,70.17
25697,9953,47,4,45.47,181.88
25698,9953,9,2,53.72,107.44
25699,9953,43,3,94.84,284.52
25700,9954,54,1,23.36,23.36
25701,9955,2,2,84.03,168.06
25702,9955,3,1,27.51,27.51
25703,9956,2,1,88.92,88.92
25704,9956,47,3,43.87,131.60999999999999
25705,9957,47,3,44.43,133.29
25706,9957,43,4,90.92,363.68
25707,9957,33,4,43.04,172.16
25708,9957,20,3,15.3,45.900000000000006
25709,9958,17,2,156.06,312.12
25710,9958,50,3,15.69,47.07
25711,9958,36,1,28.78,28.78
25712,9959,52,1,22.82,22.82
25713,9959,44,2,76.63,153.26
25714,9959,47,4,43.12,172.48
25715,9960,13,3,46.08,138.24
25716,9960,23,3,96.85,290.54999999999995
25717,9960,44,3,78.74,236.21999999999997
25718,9961,7,3,14.45,43.349999999999994
25719,9961,26,1,18.22,18.22
25720,9961,2,4,85.39,341.56
25721,9961,46,3,53.03,159.09
25722,9961,22,3,241.03,723.09
25723,9962,12,4,67.86,271.44
25724,9963,8,1,125.29,125.29
25725,9963,34,2,31.55,63.1
25726,9963,16,2,390.62,781.24
25727,9964,42,2,62.76,125.52
25728,9964,9,3,53.3,159.89999999999998
25729,9965,39,4,31.65,126.6
25730,9965,27,1,21.33,21.33
25731,9965,1,1,11.57,11.57
25732,9965,40,2,18.88,37.76
25733,9966,3,1,27.49,27.49
25734,9966,33,3,43.06,129.18
25735,9967,11,4,42.24,168.96
25736,9967,39,1,32.18,32.18
25737,9968,2,3,93.34,280.02
25738,9969,34,4,34.06,136.24
25739,9970,15,1,54.97,54.97
25740,9970,13,4,51.02,204.08
25741,9970,50,3,16.45,49.349999999999994
25742,9970,10,4,18.09,72.36
25743,9970,12,1,64.73,64.73
25744,9971,2,1,93.12,93.12
25745,9971,43,2,95.34,190.68
25746,9972,29,3,36.32,108.96000000000001
25747,9972,13,3,51.32,153.96
25748,9972,33,1,46.7,46.7
25749,9973,51,2,38.97,77.94
25750,9973,55,2,32.52,65.04
25751,9973,11,3,43.17,129.51
25752,9974,43,2,91.79,183.58
25753,9975,36,2,28.73,57.46
25754,9975,7,4,14.46,57.84
25755,9976,28,4,65.09,260.36
25756,9976,49,3,25.28,75.84
25757,9977,2,1,82.45,82.45
25758,9977,34,4,32.32,129.28
25759,9977,43,3,96.09,288.27
25760,9978,31,4,179.62,718.48
25761,9978,21,2,86.18,172.36
25762,9978,43,4,92.7,370.8
25763,9978,54,2,21.22,42.44
25764,9979,27,3,21.21,63.63
25765,9979,16,2,416.88,833.76
25766,9979,53,3,42.41,127.22999999999999
25767,9980,21,3,91.3,273.9
25768,9981,13,3,50.98,152.94
25769,9981,28,1,63.68,63.68
25770,9982,25,4,29.41,117.64
25771,9982,50,2,14.75,29.5
25772,9982,5,3,38.03,114.09
25773,9982,43,3,85.21,255.63
25774,9982,27,2,21.02,42.04
25775,9983,39,4,33.24,132.96
25776,9983,53,1,44.41,44.41
25777,9983,29,4,36.04,144.16
25778,9983,23,2,101.88,203.76
25779,9984,17,1,146.92,146.92
25780,9985,43,1,90.88,90.88
25781,9986,32,1,18.82,18.82
25782,9987,45,2,71.64,143.28
25783,9987,46,1,54.41,54.41
25784,9987,48,2,95.65,191.3
25785,9988,35,2,14.85,29.7
25786,9988,31,1,185.83,185.83
25787,9988,26,1,17.8,17.8
25788,9989,29,3,36.93,110.78999999999999
25789,9990,38,3,78.03,234.09
25790,9991,46,1,54.87,54.87
25791,9992,49,3,24.66,73.98
25792,9992,5,4,39.7,158.8
25793,9993,15,3,51.44,154.32
25794,9994,15,1,53.4,53.4
25795,9994,40,4,19.07,76.28
25796,9995,49,3,24.96,74.88
25797,9995,5,2,40.63,81.26
25798,9996,53,2,43.76,87.52
25799,9996,6,1,21.9,21.9
25800,9996,50,1,16.19,16.19
25801,9996,12,3,64.44,193.32
25802,9996,38,1,76.55,76.55
25803,9997,30,2,90.76,181.52
25804,9998,36,3,28.14,84.42
25805,9998,6,2,23.67,47.34
25806,9999,12,1,68.03,68.03
25807,9999,41,3,52.63,157.89000000000001
25808,9999,14,2,36.72,73.44
25809,10000,6,1,22.73,22.73
25810,10001,36,1,27.48,27.48
25811,10001,30,4,99.74,398.96
25812,10001,23,1,99.84,99.84
25813,10002,31,3,194.95,584.8499999999999
25814,10003,11,2,45.28,90.56
25815,10003,18,2,70.95,141.9
25816,10004,16,4,406.68,1626.72
25817,10004,42,2,71.01,142.02
25818,10004,47,4,48.34,193.36
25819,10004,5,3,37.39,112.17
25820,10004,8,1,116.5,116.5
25821,10005,51,4,36.54,146.16
25822,10006,4,1,44.07,44.07
25823,10006,24,3,21.01,63.03
25824,10006,10,2,17.78,35.56
25825,10007,7,1,15.46,15.46
25826,10007,25,4,29.91,119.64
25827,10007,32,3,18.72,56.16
25828,10008,37,2,53.8,107.6
25829,10008,15,3,56.55,169.64999999999998
25830,10009,4,3,46.29,138.87
25831,10010,46,2,53.61,107.22
25832,10010,32,3,17.38,52.14
25833,10010,45,4,68.3,273.2
25834,10011,5,2,37.2,74.4
25835,10011,37,2,59.69,119.38
25836,10012,13,2,51.28,102.56
25837,10012,54,2,21.56,43.12
25838,10013,22,2,236.37,472.74
25839,10013,42,4,63.11,252.44
25840,10014,42,1,66.96,66.96
25841,10015,45,2,70.89,141.78
25842,10015,53,3,44.65,133.95
25843,10015,13,2,46.68,93.36
25844,10015,19,4,17.48,69.92
25845,10015,3,2,27.19,54.38
25846,10016,22,1,216.01,216.01
25847,10016,3,3,26.6,79.80000000000001
25848,10017,14,3,33.39,100.17
25849,10017,9,2,56.15,112.3
25850,10018,40,4,19.69,78.76
25851,10018,44,3,77.78,233.34
25852,10018,23,2,90.3,180.6
25853,10019,5,1,41.52,41.52
25854,10019,11,3,39.99,119.97
25855,10020,50,2,16.26,32.52
25856,10020,26,3,18.72,56.16
25857,10020,48,3,99.66,298.98
25858,10021,19,2,18.96,37.92
25859,10021,14,3,36.95,110.85000000000001
25860,10021,7,1,14.57,14.57
25861,10022,20,2,13.49,26.98
25862,10023,11,1,42.1,42.1
25863,10023,6,4,22.55,90.2
25864,10024,17,1,142.93,142.93
25865,10024,29,1,36.76,36.76
25866,10024,50,4,15.22,60.88
25867,10025,34,2,33.13,66.26
25868,10025,27,3,21.65,64.94999999999999
25869,10025,31,3,176.83,530.49
25870,10026,19,2,17.65,35.3
25871,10027,33,4,45.16,180.64
25872,10027,11,1,44.87,44.87
25873,10027,5,1,39.68,39.68
25874,10028,6,1,22.84,22.84
25875,10028,34,2,34.74,69.48
25876,10028,41,3,46.57,139.71
25877,10029,7,3,15.73,47.19
25878,10029,36,2,28.37,56.74
25879,10030,14,3,37.83,113.49
25880,10031,12,3,68.9,206.70000000000002
25881,10031,41,4,46.67,186.68
25882,10031,26,3,19.0,57.0
25883,10032,18,1,77.42,77.42
25884,10033,4,2,46.91,93.82
25885,10033,27,4,22.19,88.76
25886,10033,51,4,36.21,144.84
25887,10034,29,4,33.99,135.96
25888,10034,26,1,19.59,19.59
25889,10034,11,4,43.35,173.4
25890,10034,16,3,370.97,1112.91
25891,10034,43,3,84.89,254.67000000000002
25892,10035,47,3,45.81,137.43
25893,10035,11,1,43.23,43.23
25894,10035,21,1,81.59,81.59
25895,10035,26,1,18.17,18.17
25896,10036,19,3,17.56,52.67999999999999
25897,10036,4,2,45.76,91.52
25898,10036,39,2,34.09,68.18
25899,10036,43,4,95.11,380.44
25900,10037,16,1,410.35,410.35
25901,10037,7,1,15.16,15.16
25902,10037,36,3,29.84,89.52
25903,10038,31,1,174.36,174.36
25904,10038,55,1,30.08,30.08
25905,10039,41,2,50.42,100.84
25906,10039,11,3,40.74,122.22
25907,10039,27,3,23.51,70.53
25908,10039,35,1,14.5,14.5
25909,10039,1,4,11.54,46.16
25910,10040,47,3,46.05,138.14999999999998
25911,10040,30,1,99.21,99.21
25912,10040,8,3,116.58,349.74
25913,10041,46,4,59.04,236.16
25914,10041,44,3,69.04,207.12
25915,10042,8,1,118.03,118.03
25916,10042,42,4,65.0,260.0
25917,10043,29,4,36.81,147.24
25918,10043,37,1,58.98,58.98
25919,10043,16,1,371.73,371.73
25920,10044,4,1,44.44,44.44
25921,10044,15,2,51.09,102.18
25922,10045,48,1,104.45,104.45
25923,10046,18,3,69.72,209.16
25924,10047,40,4,19.6,78.4
25925,10048,39,1,33.35,33.35
25926,10048,4,3,49.27,147.81
25927,10048,19,3,18.55,55.650000000000006
25928,10049,38,3,72.51,217.53000000000003
25929,10049,18,4,76.5,306.0
25930,10050,3,4,27.39,109.56
25931,10050,38,4,73.66,294.64
25932,10051,25,4,30.44,121.76
25933,10051,18,4,69.62,278.48
25934,10051,19,4,17.52,70.08
25935,10051,10,1,18.8,18.8
25936,10051,6,3,24.15,72.44999999999999
25937,10052,5,1,41.36,41.36
25938,10052,18,3,70.39,211.17000000000002
25939,10052,10,4,17.79,71.16
25940,10052,34,1,33.36,33.36
25941,10052,51,2,39.59,79.18
25942,10053,47,4,44.64,178.56
25943,10053,12,1,69.18,69.18
25944,10054,48,1,94.62,94.62
25945,10054,52,4,23.87,95.48
25946,10055,14,1,33.56,33.56
25947,10055,36,4,29.92,119.68
25948,10055,3,1,28.18,28.18
25949,10056,7,3,16.19,48.57000000000001
25950,10057,20,2,13.67,27.34
25951,10057,32,4,17.99,71.96
25952,10057,36,2,28.8,57.6
25953,10058,6,3,22.93,68.78999999999999
25954,10058,3,1,26.83,26.83
25955,10058,2,3,87.96,263.88
25956,10058,25,3,29.99,89.97
25957,10059,21,1,82.59,82.59
25958,10059,29,2,35.12,70.24
25959,10059,42,4,62.12,248.48
25960,10059,44,4,76.46,305.84
25961,10060,27,2,21.79,43.58
25962,10060,39,2,31.87,63.74
25963,10060,2,3,86.2,258.6
25964,10060,4,4,48.05,192.2
25965,10061,16,1,402.41,402.41
25966,10061,45,4,68.36,273.44
25967,10061,17,4,152.04,608.16
25968,10062,15,1,55.51,55.51
25969,10062,43,1,85.95,85.95
25970,10063,24,2,20.65,41.3
25971,10063,10,1,18.59,18.59
25972,10064,31,4,192.87,771.48
25973,10064,5,3,39.13,117.39000000000001
25974,10064,47,1,49.17,49.17
25975,10065,52,3,24.19,72.57000000000001
25976,10065,35,3,14.29,42.87
25977,10066,35,4,15.34,61.36
25978,10066,44,1,69.48,69.48
25979,10067,9,4,53.04,212.16
25980,10067,17,2,138.69,277.38
25981,10067,10,3,18.49,55.47
25982,10067,26,4,17.83,71.32
25983,10067,43,3,87.54,262.62
25984,10068,42,3,64.15,192.45000000000002
25985,10069,16,2,415.84,831.68
25986,10069,22,1,236.34,236.34
25987,10070,26,4,17.74,70.96
25988,10071,49,1,26.6,26.6
25989,10071,34,3,34.6,103.80000000000001
25990,10071,23,2,100.52,201.04
25991,10072,28,2,67.35,134.7
25992,10072,14,4,36.41,145.64
25993,10073,3,2,28.64,57.28
25994,10073,11,3,44.51,133.53
25995,10073,4,4,47.14,188.56
25996,10074,19,3,19.6,58.800000000000004
25997,10075,1,4,12.11,48.44
25998,10075,44,3,76.06,228.18
25999,10076,50,3,14.28,42.839999999999996
26000,10076,34,4,31.52,126.08
26001,10076,7,1,15.25,15.25
26002,10076,36,2,30.51,61.02
26003,10076,1,3,11.9,35.7
26004,10077,25,3,26.65,79.94999999999999
26005,10077,11,3,40.38,121.14000000000001
26006,10077,34,3,34.78,104.34
26007,10077,42,3,69.36,208.07999999999998
26008,10077,10,1,18.94,18.94
26009,10078,6,3,23.08,69.24
26010,10079,15,3,50.36,151.07999999999998
26011,10079,55,3,31.0,93.0
26012,10079,31,1,188.77,188.77
26013,10079,13,1,48.52,48.52
26014,10080,43,4,93.23,372.92
26015,10081,5,1,40.24,40.24
26016,10081,46,2,58.91,117.82
26017,10082,5,3,41.11,123.33
26018,10082,50,4,14.84,59.36
26019,10083,33,1,43.69,43.69
26020,10083,5,4,40.38,161.52
26021,10083,15,3,55.19,165.57
26022,10084,11,3,46.0,138.0
26023,10084,5,4,38.98,155.92
26024,10084,47,1,49.05,49.05
26025,10084,50,1,14.49,14.49
26026,10085,15,4,54.27,217.08
26027,10085,7,2,16.17,32.34
26028,10085,17,1,156.03,156.03
26029,10086,49,1,27.46,27.46
26030,10086,7,1,15.47,15.47
26031,10087,24,4,20.67,82.68
26032,10087,21,2,93.11,186.22
26033,10088,25,3,27.89,83.67
26034,10089,27,4,22.21,88.84
26035,10089,26,3,18.77,56.31
26036,10090,19,4,17.76,71.04
26037,10090,10,2,19.4,38.8
26038,10091,25,4,26.85,107.4
26039,10092,47,1,42.9,42.9
26040,10092,8,2,129.77,259.54
26041,10092,1,3,12.87,38.61
26042,10092,18,2,71.94,143.88
26043,10092,42,3,64.01,192.03000000000003
26044,10093,5,1,39.01,39.01
26045,10094,50,4,15.05,60.2
26046,10095,30,2,93.33,186.66
26047,10095,27,3,22.07,66.21000000000001
26048,10095,47,4,44.81,179.24
26049,10095,20,4,14.62,58.48
26050,10096,6,2,23.07,46.14
26051,10096,21,2,87.51,175.02
26052,10096,23,4,96.34,385.36
26053,10096,44,1,78.97,78.97
26054,10097,9,4,56.49,225.96
26055,10097,7,1,16.28,16.28
26056,10097,19,4,19.49,77.96
26057,10097,22,1,230.45,230.45
26058,10097,51,2,38.95,77.9
26059,10098,55,3,31.73,95.19
26060,10098,39,1,34.06,34.06
26061,10098,16,3,379.67,1139.01
26062,10099,4,1,42.94,42.94
26063,10099,37,4,58.12,232.48
26064,10099,51,3,36.44,109.32
26065,10100,16,1,402.54,402.54
26066,10100,42,4,64.99,259.96
26067,10100,38,4,76.58,306.32
26068,10101,30,1,95.82,95.82
26069,10101,14,1,34.49,34.49
26070,10102,7,3,15.9,47.7
26071,10102,11,2,43.51,87.02
26072,10102,45,4,74.63,298.52
26073,10103,49,4,25.72,102.88
26074,10103,28,1,63.03,63.03
26075,10103,6,2,23.83,47.66
26076,10103,31,4,173.93,695.72
26077,10104,52,2,21.61,43.22
26078,10105,54,4,22.5,90.0
26079,10105,36,2,30.01,60.02
26080,10105,39,3,32.34,97.02000000000001
26081,10106,27,4,23.54,94.16
26082,10106,20,4,13.72,54.88
26083,10107,48,4,101.61,406.44
26084,10107,54,2,21.48,42.96
26085,10107,3,3,26.64,79.92
26086,10107,52,4,23.36,93.44
26087,10108,50,3,16.44,49.32000000000001
26088,10108,46,3,57.73,173.19
26089,10108,42,3,67.54,202.62
26090,10108,14,2,34.64,69.28
26091,10109,37,2,57.02,114.04
26092,10109,30,2,97.81,195.62
26093,10109,40,2,19.35,38.7
26094,10109,11,2,43.49,86.98
26095,10110,46,4,55.97,223.88
26096,10110,42,1,69.17,69.17
26097,10111,3,1,26.87,26.87
26098,10111,35,3,15.07,45.21
26099,10112,20,1,14.68,14.68
26100,10113,49,3,24.29,72.87
26101,10114,4,3,43.57,130.71
26102,10114,2,4,89.93,359.72
26103,10114,53,4,45.65,182.6
26104,10115,11,1,41.7,41.7
26105,10115,22,2,209.94,419.88
26106,10115,53,4,42.09,168.36
26107,10116,36,1,29.83,29.83
26108,10116,39,1,30.79,30.79
26109,10116,40,1,19.64,19.64
26110,10116,16,1,368.9,368.9
26111,10116,41,2,49.55,99.1
26112,10117,10,2,17.24,34.48
26113,10118,11,2,41.29,82.58
26114,10118,20,1,15.0,15.0
26115,10119,49,2,25.7,51.4
26116,10120,7,2,14.7,29.4
26117,10120,46,1,59.56,59.56
26118,10120,26,4,19.01,76.04
26119,10121,16,3,380.01,1140.03
26120,10121,52,2,23.28,46.56
26121,10122,4,4,48.9,195.6
26122,10122,25,1,28.84,28.84
26123,10123,35,2,16.16,32.32
26124,10123,33,3,47.66,142.98
26125,10124,27,2,21.23,42.46
26126,10124,53,2,42.56,85.12
26127,10125,52,3,24.12,72.36
26128,10126,51,1,40.18,40.18
26129,10126,39,3,34.18,102.53999999999999
26130,10127,43,2,86.19,172.38
26131,10127,40,1,18.6,18.6
26132,10127,49,3,24.92,74.76
26133,10128,36,4,28.5,114.0
26134,10128,46,2,59.38,118.76
26135,10128,15,3,50.65,151.95
26136,10129,30,2,93.07,186.14
26137,10129,27,1,21.15,21.15
26138,10130,49,3,27.1,81.30000000000001
26139,10131,51,1,37.77,37.77
26140,10131,20,2,14.77,29.54
26141,10131,22,1,232.92,232.92
26142,10131,10,1,19.21,19.21
26143,10131,46,4,59.67,238.68
26144,10132,16,3,371.37,1114.1100000000001
26145,10132,55,3,31.0,93.0
26146,10132,1,4,11.71,46.84
26147,10132,10,2,19.72,39.44
26148,10133,13,2,51.99,103.98
26149,10133,15,4,53.81,215.24
26150,10133,40,2,19.37,38.74
26151,10133,29,1,35.36,35.36
26152,10133,20,2,15.15,30.3
26153,10134,37,1,52.62,52.62
26154,10134,54,1,24.07,24.07
26155,10135,44,1,76.5,76.5
26156,10135,40,3,17.96,53.88
26157,10136,10,1,18.57,18.57
26158,10136,23,4,100.33,401.32
26159,10136,15,3,51.74,155.22
26160,10137,20,4,15.36,61.44
26161,10137,29,3,36.89,110.67
26162,10137,27,4,21.99,87.96
26163,10138,18,1,73.16,73.16
26164,10138,6,1,23.86,23.86
26165,10138,1,1,12.55,12.55
26166,10138,30,1,101.37,101.37
26167,10139,49,1,24.19,24.19
26168,10140,36,1,28.5,28.5
26169,10140,6,1,21.89,21.89
26170,10141,54,3,21.17,63.510000000000005
26171,10142,19,1,17.64,17.64
26172,10142,22,3,231.64,694.92
26173,10142,30,4,90.42,361.68
26174,10143,47,3,44.1,132.3
26175,10144,5,2,41.21,82.42
26176,10144,37,4,53.33,213.32
26177,10144,22,3,238.53,715.59
26178,10144,39,4,34.64,138.56
26179,10145,9,2,53.55,107.1
26180,10146,15,3,55.5,166.5
26181,10146,8,3,114.25,342.75
26182,10146,11,4,41.74,166.96
26183,10146,2,4,92.97,371.88
26184,10147,33,4,43.65,174.6
26185,10147,13,3,49.74,149.22
26186,10148,2,3,86.17,258.51
26187,10148,28,4,66.84,267.36
26188,10148,54,3,22.33,66.99
26189,10149,51,1,40.83,40.83
26190,10149,47,1,43.76,43.76
26191,10149,25,1,26.98,26.98
26192,10149,52,2,23.77,47.54
26193,10149,39,1,31.57,31.57
26194,10150,7,2,14.57,29.14
26195,10150,42,1,66.91,66.91
26196,10151,12,1,67.07,67.07
26197,10151,39,1,34.5,34.5
26198,10151,35,4,15.16,60.64
26199,10152,38,2,74.99,149.98
26200,10152,24,2,19.98,39.96
26201,10153,52,4,24.12,96.48
26202,10154,10,1,18.18,18.18
26203,10154,31,4,192.73,770.92
26204,10154,44,4,75.62,302.48
26205,10154,14,1,38.1,38.1
26206,10154,46,3,53.32,159.96
26207,10155,45,3,66.72,200.16
26208,10156,49,2,25.83,51.66
26209,10156,27,3,21.79,65.37
26210,10157,51,1,37.27,37.27
26211,10157,23,4,101.67,406.68
26212,10158,32,1,18.92,18.92
26213,10158,51,3,37.28,111.84
26214,10158,30,4,98.39,393.56
26215,10158,7,3,14.36,43.08
26216,10158,36,3,29.5,88.5
26217,10159,23,3,91.4,274.20000000000005
26218,10159,7,3,14.25,42.75
26219,10159,39,3,33.59,100.77000000000001
26220,10160,31,3,182.58,547.74
26221,10160,39,4,31.56,126.24
26222,10160,21,3,93.39,280.17
26223,10161,26,4,18.68,74.72
26224,10161,19,3,18.27,54.81
26225,10161,7,4,15.68,62.72
26226,10161,24,1,19.43,19.43
26227,10161,50,1,15.94,15.94
26228,10162,10,3,17.23,51.69
26229,10162,47,3,42.88,128.64000000000001
26230,10163,41,2,49.85,99.7
26231,10163,9,1,57.04,57.04
26232,10163,48,1,93.96,93.96
26233,10164,14,3,35.07,105.21000000000001
26234,10164,53,2,45.97,91.94
26235,10164,21,2,92.07,184.14
26236,10164,49,4,24.47,97.88
26237,10164,28,4,61.73,246.92
26238,10165,36,3,29.78,89.34
26239,10166,9,1,52.61,52.61
26240,10167,39,4,30.43,121.72
26241,10168,34,2,33.98,67.96
26242,10168,47,4,45.85,183.4
26243,10168,36,3,27.45,82.35
26244,10169,7,1,16.32,16.32
26245,10169,24,2,21.69,43.38
26246,10170,17,3,143.41,430.23
26247,10170,3,1,27.92,27.92
26248,10170,31,4,182.86,731.44
26249,10171,43,2,87.91,175.82
26250,10172,14,1,38.22,38.22
26251,10172,48,3,96.69,290.07
26252,10172,42,3,68.44,205.32
26253,10173,40,3,17.27,51.81
26254,10174,53,1,41.06,41.06
26255,10175,24,1,21.7,21.7
26256,10175,23,2,94.94,189.88
26257,10175,16,4,365.0,1460.0
26258,10176,19,1,17.45,17.45
26259,10176,5,3,41.24,123.72
26260,10176,4,1,48.71,48.71
26261,10177,19,1,19.25,19.25
26262,10177,46,4,60.01,240.04
26263,10178,27,1,22.15,22.15
26264,10178,40,1,18.61,18.61
26265,10178,19,1,19.64,19.64
26266,10179,48,4,98.86,395.44
26267,10179,38,1,73.79,73.79
26268,10179,43,4,91.69,366.76
26269,10180,38,4,70.5,282.0
26270,10180,20,3,14.98,44.94
26271,10181,47,2,49.06,98.12
26272,10182,17,2,158.8,317.6
26273,10182,31,1,193.78,193.78
26274,10182,41,4,46.83,187.32
26275,10182,26,3,18.58,55.739999999999995
26276,10183,29,1,34.14,34.14
26277,10183,5,4,39.48,157.92
26278,10183,49,3,26.31,78.92999999999999
26279,10184,10,4,18.32,73.28
26280,10185,29,3,35.72,107.16
26281,10186,39,2,33.2,66.4
26282,10187,16,2,399.99,799.98
26283,10187,43,3,96.74,290.21999999999997
26284,10187,39,3,31.01,93.03
26285,10187,44,3,72.35,217.04999999999998
26286,10188,52,4,23.65,94.6
26287,10189,1,1,11.79,11.79
26288,10190,49,1,25.62,25.62
26289,10190,44,2,71.13,142.26
26290,10191,29,4,37.85,151.4
26291,10191,42,1,66.05,66.05
26292,10191,30,1,94.44,94.44
26293,10192,6,4,21.44,85.76
26294,10193,2,3,90.05,270.15
26295,10193,45,3,70.28,210.84
26296,10194,37,1,53.91,53.91
26297,10194,39,2,32.57,65.14
26298,10194,13,1,48.31,48.31
26299,10195,51,4,38.9,155.6
26300,10195,15,2,54.31,108.62
26301,10196,18,1,70.58,70.58
26302,10196,12,2,66.4,132.8
26303,10196,45,4,67.6,270.4
26304,10196,9,3,60.21,180.63
26305,10197,35,1,16.2,16.2
26306,10197,36,2,27.48,54.96
26307,10197,11,4,42.79,171.16
26308,10198,52,1,23.6,23.6
26309,10198,4,3,45.95,137.85000000000002
26310,10198,32,4,17.62,70.48
26311,10199,3,2,28.11,56.22
26312,10199,43,2,87.26,174.52
26313,10200,4,4,44.66,178.64
26314,10200,47,4,46.38,185.52
26315,10200,37,1,58.18,58.18
26316,10201,24,2,21.88,43.76
26317,10201,17,1,155.04,155.04
26318,10201,53,4,46.14,184.56
26319,10201,11,1,40.5,40.5
26320,10202,47,3,45.63,136.89000000000001
26321,10202,31,3,176.88,530.64
26322,10203,31,1,193.39,193.39
26323,10204,54,4,21.4,85.6
26324,10204,52,4,21.7,86.8
26325,10205,43,2,96.67,193.34
26326,10205,52,1,22.76,22.76
26327,10206,29,4,37.17,148.68
26328,10206,53,3,45.63,136.89000000000001
26329,10207,22,2,225.9,451.8
26330,10207,30,4,100.69,402.76
26331,10207,46,2,58.05,116.1
26332,10208,49,3,24.19,72.57000000000001
26333,10208,32,3,18.85,56.550000000000004
26334,10208,48,1,95.45,95.45
26335,10209,28,1,59.37,59.37
26336,10210,30,2,102.93,205.86
26337,10210,19,2,17.45,34.9
26338,10210,52,4,22.12,88.48
26339,10210,34,3,32.13,96.39000000000001
26340,10210,18,1,76.89,76.89
26341,10211,17,1,155.59,155.59
26342,10211,34,2,30.59,61.18
26343,10211,33,1,46.52,46.52
26344,10212,39,3,34.29,102.87
26345,10212,28,1,67.85,67.85
26346,10212,3,1,30.43,30.43
26347,10212,52,1,23.66,23.66
26348,10212,12,4,63.07,252.28
26349,10213,35,3,14.66,43.980000000000004
26350,10213,30,2,101.5,203.0
26351,10213,26,1,17.57,17.57
26352,10213,55,1,29.98,29.98
26353,10213,27,2,23.28,46.56
26354,10214,55,3,31.88,95.64
26355,10214,34,3,33.78,101.34
26356,10214,20,1,15.4,15.4
26357,10214,40,2,17.52,35.04
26358,10214,48,3,96.5,289.5
26359,10215,29,3,35.93,107.78999999999999
26360,10216,53,3,46.1,138.3
26361,10216,22,1,214.35,214.35
26362,10216,1,2,12.68,25.36
26363,10217,20,2,14.98,29.96
26364,10217,17,3,155.46,466.38
26365,10218,48,3,90.72,272.15999999999997
26366,10218,3,2,28.62,57.24
26367,10218,18,2,72.6,145.2
26368,10219,15,4,50.57,202.28
26369,10220,41,3,47.47,142.41
26370,10220,23,2,100.66,201.32
26371,10220,20,1,14.34,14.34
26372,10221,31,2,184.59,369.18
26373,10221,51,2,39.28,78.56
26374,10221,47,2,46.25,92.5
26375,10222,1,2,11.84,23.68
26376,10222,18,3,69.45,208.35000000000002
26377,10223,40,2,17.28,34.56
26378,10224,16,1,387.25,387.25
26379,10224,14,1,36.81,36.81
26380,10224,41,3,50.33,150.99
26381,10225,23,4,104.03,416.12
26382,10226,33,4,44.05,176.2
26383,10226,38,2,72.82,145.64
26384,10227,12,2,69.49,138.98
26385,10227,36,2,27.47,54.94
26386,10228,32,1,18.95,18.95
26387,10228,37,3,57.43,172.29
26388,10229,46,1,54.99,54.99
26389,10229,13,3,50.61,151.82999999999998
26390,10229,2,4,83.3,333.2
26391,10230,17,3,139.38,418.14
26392,10230,37,4,59.35,237.4
26393,10231,33,3,47.86,143.57999999999998
26394,10231,1,3,11.85,35.55
26395,10232,23,2,102.01,204.02
26396,10232,47,3,45.09,135.27
26397,10232,51,4,37.61,150.44
26398,10233,43,4,91.53,366.12
26399,10233,7,4,15.93,63.72
26400,10233,10,3,17.65,52.949999999999996
26401,10233,46,1,54.75,54.75
26402,10234,46,4,55.42,221.68
26403,10235,10,2,19.39,38.78
26404,10235,53,1,42.91,42.91
26405,10236,35,1,16.28,16.28
26406,10236,26,1,17.43,17.43
26407,10236,34,3,35.09,105.27000000000001
26408,10236,25,4,30.67,122.68
26409,10237,15,4,53.97,215.88
26410,10237,18,4,74.05,296.2
26411,10237,32,1,17.88,17.88
26412,10237,34,2,32.9,65.8
26413,10238,36,3,29.45,88.35
26414,10238,10,4,17.62,70.48
26415,10238,5,4,40.47,161.88
26416,10238,34,3,31.57,94.71000000000001
26417,10238,29,3,34.34,103.02000000000001
26418,10239,6,1,22.45,22.45
26419,10240,25,2,27.45,54.9
26420,10240,46,2,54.56,109.12
26421,10241,50,4,15.27,61.08
26422,10241,19,1,18.66,18.66
26423,10242,51,1,38.05,38.05
26424,10243,3,2,27.52,55.04
26425,10243,29,1,38.18,38.18
26426,10244,43,2,93.41,186.82
26427,10244,50,3,16.07,48.21
26428,10245,10,4,17.16,68.64
26429,10245,38,3,70.69,212.07
26430,10246,54,1,21.45,21.45
26431,10246,55,4,29.79,119.16
26432,10247,10,2,17.96,35.92
26433,10248,17,4,139.76,559.04
26434,10248,44,1,75.28,75.28
26435,10248,42,4,63.66,254.64
26436,10249,52,4,22.66,90.64
26437,10249,37,1,56.62,56.62
26438,10249,2,3,81.69,245.07
26439,10250,55,2,30.94,61.88
26440,10250,6,4,21.37,85.48
26441,10250,49,2,26.05,52.1
26442,10251,39,3,34.22,102.66
26443,10251,53,1,45.81,45.81
26444,10252,10,1,18.41,18.41
26445,10252,55,1,32.27,32.27
26446,10252,45,1,71.63,71.63
26447,10252,1,2,12.57,25.14
26448,10252,53,2,41.24,82.48
26449,10253,15,1,52.94,52.94
26450,10254,33,1,47.76,47.76
26451,10255,8,1,115.15,115.15
26452,10255,44,3,75.89,227.67000000000002
26453,10255,46,3,57.72,173.16
26454,10255,13,3,48.47,145.41
26455,10255,32,2,18.44,36.88
26456,10256,17,2,154.07,308.14
26457,10257,37,2,52.76,105.52
26458,10257,14,4,36.61,146.44
26459,10257,39,2,35.17,70.34
26460,10258,7,2,16.42,32.84
26461,10259,55,3,30.59,91.77
26462,10260,33,2,48.62,97.24
26463,10260,36,2,27.55,55.1
26464,10261,41,1,46.94,46.94
26465,10261,22,2,213.34,426.68
26466,10261,4,4,47.62,190.48
26467,10261,15,4,49.43,197.72
26468,10261,40,2,19.63,39.26
26469,10262,44,3,77.22,231.66
26470,10262,51,4,38.44,153.76
26471,10262,26,3,19.29,57.87
26472,10263,5,1,36.2,36.2
26473,10264,32,3,18.04,54.12
26474,10264,14,2,37.04,74.08
26475,10264,7,2,15.49,30.98
26476,10265,31,4,181.5,726.0
26477,10265,22,2,227.93,455.86
26478,10266,26,2,19.03,38.06
26479,10267,32,1,17.33,17.33
26480,10267,45,4,73.78,295.12
26481,10268,11,1,42.32,42.32
26482,10269,26,3,17.34,52.019999999999996
26483,10269,10,4,19.08,76.32
26484,10270,19,4,18.51,74.04
26485,10270,43,2,88.82,177.64
26486,10271,19,3,17.16,51.480000000000004
26487,10272,48,2,97.16,194.32
26488,10272,34,4,30.69,122.76
26489,10272,15,3,56.72,170.16
26490,10272,45,3,66.68,200.04000000000002
26491,10273,46,3,55.14,165.42000000000002
26492,10274,49,2,24.61,49.22
26493,10274,15,2,49.91,99.82
26494,10274,13,4,47.4,189.6
26495,10275,47,3,47.25,141.75
26496,10275,54,4,23.26,93.04
26497,10275,44,4,71.05,284.2
26498,10275,31,4,172.41,689.64
26499,10275,6,2,21.06,42.12
26500,10276,45,1,70.75,70.75
26501,10277,24,2,19.4,38.8
26502,10277,35,1,14.34,14.34
26503,10277,16,2,404.78,809.56
26504,10278,35,2,14.68,29.36
26505,10278,26,2,18.0,36.0
26506,10279,31,3,197.12,591.36
26507,10279,29,4,33.88,135.52
26508,10279,34,4,31.77,127.08
26509,10280,55,4,32.48,129.92
26510,10280,27,2,23.08,46.16
26511,10280,45,2,69.32,138.64
26512,10281,54,3,22.2,66.6
26513,10281,36,2,29.43,58.86
26514,10282,44,2,78.82,157.64
26515,10282,26,1,18.26,18.26
26516,10282,2,3,84.67,254.01
26517,10283,41,4,45.64,182.56
26518,10283,15,4,56.8,227.2
26519,10283,31,2,173.05,346.1
26520,10284,41,4,51.77,207.08
26521,10284,9,2,60.46,120.92
26522,10284,2,4,83.36,333.44
26523,10285,23,3,101.03,303.09000000000003
26524,10285,28,1,67.89,67.89
26525,10285,37,1,54.37,54.37
26526,10286,33,2,45.99,91.98
26527,10287,14,2,37.99,75.98
26528,10287,29,1,36.54,36.54
26529,10287,17,3,153.95,461.84999999999997
26530,10288,42,4,63.87,255.48
26531,10288,25,3,30.09,90.27
26532,10288,10,1,19.53,19.53
26533,10288,39,3,33.7,101.10000000000001
26534,10288,26,3,18.01,54.03
26535,10289,3,2,27.17,54.34
26536,10289,1,1,11.53,11.53
26537,10290,13,3,48.57,145.71
26538,10290,23,1,102.16,102.16
26539,10290,39,2,33.45,66.9
26540,10290,21,4,89.62,358.48
26541,10291,25,3,28.32,84.96000000000001
26542,10291,32,3,19.72,59.16
26543,10291,12,1,62.9,62.9
26544,10291,24,4,20.87,83.48
26545,10292,12,4,61.83,247.32
26546,10292,50,4,14.66,58.64
26547,10292,7,1,15.7,15.7
26548,10292,35,1,16.12,16.12
26549,10293,13,3,47.15,141.45
26550,10294,54,1,22.33,22.33
26551,10294,21,1,84.89,84.89
26552,10295,53,1,42.94,42.94
26553,10295,26,3,18.13,54.39
26554,10295,44,1,74.28,74.28
26555,10296,13,1,46.13,46.13
26556,10296,10,1,17.64,17.64
26557,10297,16,2,380.51,761.02
26558,10297,33,3,47.63,142.89000000000001
26559,10297,50,3,14.26,42.78
26560,10297,37,4,53.5,214.0
26561,10298,50,3,14.32,42.96
26562,10298,7,1,15.56,15.56
26563,10298,46,4,56.04,224.16
26564,10298,31,3,174.59,523.77
26565,10299,23,3,102.89,308.67
26566,10300,25,1,29.59,29.59
26567,10300,26,3,18.66,55.980000000000004
26568,10300,49,2,24.12,48.24
26569,10300,24,2,20.57,41.14
26570,10300,1,3,11.45,34.349999999999994
26571,10301,16,1,408.56,408.56
26572,10301,43,4,85.29,341.16
26573,10301,32,1,19.11,19.11
26574,10301,17,1,148.59,148.59
26575,10301,5,1,38.85,38.85
26576,10302,53,3,45.36,136.07999999999998
26577,10303,46,1,60.13,60.13
26578,10304,11,4,41.09,164.36
26579,10304,4,3,43.57,130.71
26580,10304,40,2,17.98,35.96
26581,10304,45,2,64.83,129.66
26582,10305,26,4,18.58,74.32
26583,10306,38,3,71.04,213.12
26584,10306,22,4,212.26,849.04
26585,10307,50,1,15.18,15.18
26586,10308,46,2,55.47,110.94
26587,10308,9,4,53.07,212.28
26588,10309,21,2,80.92,161.84
26589,10309,14,4,38.36,153.44
26590,10310,17,3,144.74,434.22
26591,10311,11,3,42.56,127.68
26592,10311,29,1,38.38,38.38
26593,10311,1,2,12.31,24.62
26594,10311,51,1,40.55,40.55
26595,10312,13,1,50.13,50.13
26596,10312,15,2,56.64,113.28
26597,10312,53,1,41.25,41.25
26598,10313,2,2,91.86,183.72
26599,10313,9,3,58.79,176.37
26600,10313,16,3,390.97,1172.91
26601,10313,38,2,69.25,138.5
26602,10314,28,3,67.65,202.95000000000002
26603,10315,55,1,32.11,32.11
26604,10315,12,4,61.85,247.4
26605,10315,25,2,29.58,59.16
26606,10316,25,1,30.41,30.41
26607,10316,42,3,62.26,186.78
26608,10316,20,2,14.47,28.94
26609,10316,15,3,53.05,159.14999999999998
26610,10316,12,1,62.43,62.43
26611,10317,15,2,50.67,101.34
26612,10318,6,3,22.43,67.28999999999999
26613,10318,17,1,144.74,144.74
26614,10318,27,4,22.78,91.12
26615,10319,25,2,27.59,55.18
26616,10319,18,4,68.44,273.76
26617,10320,37,3,58.36,175.07999999999998
26618,10320,50,1,15.93,15.93
26619,10320,54,2,22.72,45.44
26620,10321,4,3,46.42,139.26
26621,10321,32,2,17.41,34.82
26622,10321,20,1,14.91,14.91
26623,10322,12,1,67.62,67.62
26624,10322,27,4,21.12,84.48
26625,10322,28,4,61.07,244.28
26626,10322,23,4,101.31,405.24
26627,10322,3,2,30.22,60.44
26628,10323,22,2,210.88,421.76
26629,10323,30,4,101.79,407.16
26630,10323,12,2,70.9,141.8
26631,10323,41,3,52.73,158.19
26632,10324,46,4,55.79,223.16
26633,10324,18,1,73.67,73.67
26634,10324,29,3,36.27,108.81
26635,10325,8,1,119.42,119.42
26636,10325,17,3,151.81,455.43
26637,10325,11,4,40.29,161.16
26638,10326,32,2,19.11,38.22
26639,10327,30,4,103.36,413.44
26640,10327,7,3,15.25,45.75
26641,10327,38,4,77.1,308.4
26642,10328,35,2,16.21,32.42
26643,10328,13,4,48.28,193.12
26644,10329,34,1,33.86,33.86
26645,10330,8,4,125.68,502.72
26646,10330,38,1,73.59,73.59
26647,10330,43,3,94.22,282.65999999999997
26648,10330,49,2,25.75,51.5
26649,10331,7,3,14.54,43.62
26650,10331,20,2,15.23,30.46
26651,10332,55,2,29.34,58.68
26652,10333,36,2,29.31,58.62
26653,10333,32,1,19.07,19.07
26654,10334,18,1,73.77,73.77
26655,10334,40,2,19.19,38.38
26656,10334,21,3,91.41,274.23
26657,10334,25,1,29.48,29.48
26658,10335,35,1,16.19,16.19
26659,10335,13,2,49.99,99.98
26660,10336,7,3,14.73,44.19
26661,10336,43,2,86.27,172.54
26662,10337,44,4,69.67,278.68
26663,10338,38,1,72.99,72.99
26664,10338,27,4,20.92,83.68
26665,10338,31,2,181.05,362.1
26666,10339,45,4,73.37,293.48
26667,10339,53,2,42.93,85.86
26668,10339,5,4,39.71,158.84
26669,10340,10,3,19.18,57.54
26670,10340,3,1,30.22,30.22
26671,10341,44,3,78.54,235.62
26672,10341,37,2,55.66,111.32
26673,10342,49,3,26.22,78.66
26674,10342,42,3,70.7,212.10000000000002
26675,10343,54,3,21.0,63.0
26676,10344,18,2,70.17,140.34
26677,10344,30,2,102.62,205.24
26678,10344,23,3,99.8,299.4
26679,10345,28,2,63.96,127.92
26680,10345,11,2,41.03,82.06
26681,10345,24,1,19.38,19.38
26682,10345,40,2,19.23,38.46
26683,10346,18,1,73.19,73.19
26684,10346,43,4,89.94,359.76
26685,10346,31,1,197.76,197.76
26686,10346,20,4,15.25,61.0
26687,10346,44,2,79.03,158.06
26688,10347,6,3,22.23,66.69
26689,10347,13,4,49.31,197.24
26690,10348,7,3,15.36,46.08
26691,10348,27,3,21.64,64.92
26692,10348,28,2,67.74,135.48
26693,10349,2,4,81.04,324.16
26694,10349,23,2,92.24,184.48
26695,10349,41,3,52.8,158.39999999999998
26696,10349,38,1,77.65,77.65
26697,10349,40,1,18.29,18.29
26698,10350,18,1,69.14,69.14
26699,10351,27,4,21.0,84.0
26700,10352,54,1,22.23,22.23
26701,10352,10,1,19.25,19.25
26702,10353,28,2,66.75,133.5
26703,10354,47,1,43.17,43.17
26704,10354,37,1,53.24,53.24
26705,10354,19,3,18.68,56.04
26706,10355,13,1,49.21,49.21
26707,10355,2,1,91.03,91.03
26708,10356,4,4,48.58,194.32
26709,10357,21,2,88.85,177.7
26710,10357,40,3,18.3,54.900000000000006
26711,10357,19,1,17.23,17.23
26712,10358,41,1,48.43,48.43
26713,10358,31,2,187.36,374.72
26714,10359,46,3,56.4,169.2
26715,10359,15,2,55.48,110.96
26716,10359,47,2,48.76,97.52
26717,10359,3,4,26.96,107.84
26718,10359,23,1,96.41,96.41
26719,10360,2,1,81.09,81.09
26720,10360,22,3,212.24,636.72
26721,10360,25,2,29.06,58.12
26722,10361,33,2,47.89,95.78
26723,10361,50,3,16.26,48.78
26724,10361,28,3,66.05,198.14999999999998
26725,10362,54,1,23.23,23.23
26726,10362,43,2,93.58,187.16
26727,10362,18,3,76.08,228.24
26728,10363,27,2,23.95,47.9
26729,10363,8,4,114.44,457.76
26730,10363,35,4,16.42,65.68
26731,10364,9,3,57.32,171.96
26732,10364,3,2,27.89,55.78
26733,10364,10,3,19.56,58.67999999999999
26734,10364,22,4,231.0,924.0
26735,10365,45,1,72.77,72.77
26736,10365,25,2,28.8,57.6
26737,10365,26,1,17.45,17.45
26738,10365,15,4,55.23,220.92
26739,10366,32,2,18.72,37.44
26740,10366,41,4,50.19,200.76
26741,10366,3,1,27.67,27.67
26742,10367,48,2,100.39,200.78
26743,10367,50,2,14.33,28.66
26744,10367,20,1,13.97,13.97
26745,10368,53,1,44.26,44.26
26746,10368,38,2,78.5,157.0
26747,10368,14,3,35.61,106.83
26748,10368,47,2,46.65,93.3
26749,10369,36,1,29.97,29.97
26750,10369,24,1,19.4,19.4
26751,10370,37,3,56.68,170.04
26752,10370,2,1,83.01,83.01
26753,10370,12,3,65.38,196.14
26754,10371,41,3,51.58,154.74
26755,10371,45,1,64.95,64.95
26756,10372,1,3,12.6,37.8
26757,10373,30,1,100.7,100.7
26758,10374,9,2,52.8,105.6
26759,10374,23,2,93.14,186.28
26760,10374,48,1,96.37,96.37
26761,10374,15,4,52.31,209.24
26762,10374,55,2,32.68,65.36
26763,10375,13,2,50.25,100.5
26764,10375,3,1,28.75,28.75
26765,10375,55,1,29.73,29.73
26766,10375,53,1,44.38,44.38
26767,10375,16,1,388.1,388.1
26768,10376,34,2,31.44,62.88
26769,10376,1,4,12.98,51.92
26770,10376,12,1,67.24,67.24
26771,10376,55,2,31.67,63.34
26772,10376,46,3,53.34,160.02
26773,10377,24,4,19.55,78.2
26774,10377,45,1,70.29,70.29
26775,10377,30,1,102.26,102.26
26776,10377,7,2,14.81,29.62
26777,10377,27,4,23.4,93.6
26778,10378,10,4,18.45,73.8
26779,10379,20,1,13.36,13.36
26780,10379,24,3,19.84,59.519999999999996
26781,10379,3,4,28.53,114.12
26782,10380,29,2,37.81,75.62
26783,10380,31,2,182.82,365.64
26784,10380,4,4,43.45,173.8
26785,10381,3,2,28.34,56.68
26786,10382,13,4,46.76,187.04
26787,10382,39,1,31.23,31.23
26788,10382,54,1,21.94,21.94
26789,10383,53,1,43.01,43.01
26790,10383,48,3,95.26,285.78000000000003
26791,10384,37,2,58.19,116.38
26792,10384,45,4,74.56,298.24
26793,10385,40,3,17.51,52.53
26794,10385,32,1,18.97,18.97
26795,10385,38,3,71.2,213.60000000000002
26796,10386,25,3,28.51,85.53
26797,10386,41,3,52.01,156.03
26798,10386,21,1,82.02,82.02
26799,10386,6,1,21.71,21.71
26800,10387,3,3,29.11,87.33
26801,10387,9,3,53.6,160.8
26802,10388,23,4,93.14,372.56
26803,10388,30,1,91.99,91.99
26804,10389,1,2,12.29,24.58
26805,10390,14,2,37.79,75.58
26806,10390,35,2,16.07,32.14
26807,10390,24,4,19.84,79.36
26808,10391,48,1,104.37,104.37
26809,10391,21,3,87.61,262.83
26810,10391,23,4,98.32,393.28
26811,10392,34,2,33.12,66.24
26812,10392,35,2,15.54,31.08
26813,10392,40,3,19.76,59.28
26814,10393,30,3,90.89,272.67
26815,10393,19,4,19.65,78.6
26816,10393,17,2,151.16,302.32
26817,10394,23,1,102.57,102.57
26818,10394,19,1,17.46,17.46
26819,10394,44,1,70.47,70.47
26820,10394,35,1,15.19,15.19
26821,10395,46,4,55.91,223.64
26822,10395,53,4,43.82,175.28
26823,10396,24,1,21.16,21.16
26824,10396,7,2,14.55,29.1
26825,10397,45,4,69.37,277.48
26826,10397,5,1,37.92,37.92
26827,10398,2,4,85.42,341.68
26828,10398,47,3,47.45,142.35000000000002
26829,10398,48,4,102.13,408.52
26830,10399,53,4,41.97,167.88
26831,10399,17,2,142.65,285.3
26832,10400,33,4,46.17,184.68
26833,10400,20,4,14.83,59.32
26834,10400,13,1,51.81,51.81
26835,10400,41,1,49.61,49.61
26836,10400,47,1,44.86,44.86
26837,10401,2,3,84.06,252.18
26838,10402,14,1,38.26,38.26
26839,10403,33,1,46.89,46.89
26840,10404,33,3,45.94,137.82
26841,10405,51,4,38.95,155.8
26842,10405,54,3,23.08,69.24
26843,10405,16,2,389.22,778.44
26844,10406,22,2,233.68,467.36
26845,10406,25,4,30.37,121.48
26846,10407,55,1,30.83,30.83
26847,10407,14,2,35.56,71.12
26848,10408,10,2,19.26,38.52
26849,10408,16,2,375.99,751.98
26850,10408,52,2,23.05,46.1
26851,10409,14,2,35.84,71.68
26852,10409,21,1,91.32,91.32
26853,10409,6,2,22.72,45.44
26854,10409,26,2,18.13,36.26
26855,10409,31,1,179.81,179.81
26856,10410,38,4,69.13,276.52
26857,10410,25,4,27.38,109.52
26858,10411,37,2,57.5,115.0
26859,10411,23,1,92.59,92.59
26860,10411,19,3,17.68,53.04
26861,10412,5,3,38.69,116.07
26862,10412,39,2,31.22,62.44
26863,10413,1,2,13.08,26.16
26864,10413,20,3,13.83,41.49
26865,10413,52,3,21.25,63.75
26866,10413,33,3,49.47,148.41
26867,10413,2,2,86.59,173.18
26868,10414,5,3,40.06,120.18
26869,10414,51,3,41.67,125.01
26870,10415,44,2,72.27,144.54
26871,10416,53,1,42.01,42.01
26872,10417,24,3,20.76,62.28
26873,10417,26,3,19.62,58.86
26874,10417,31,2,186.38,372.76
26875,10418,39,1,33.81,33.81
26876,10418,38,2,79.1,158.2
26877,10419,28,1,61.95,61.95
26878,10419,17,1,143.02,143.02
26879,10420,44,3,76.79,230.37
26880,10421,14,2,35.54,71.08
26881,10422,51,3,37.84,113.52000000000001
26882,10422,55,2,29.7,59.4
26883,10422,8,2,114.55,229.1
26884,10422,1,2,13.02,26.04
26885,10422,47,4,43.06,172.24
26886,10423,12,1,69.09,69.09
26887,10423,9,3,52.77,158.31
26888,10424,18,3,78.32,234.95999999999998
26889,10424,21,3,92.24,276.71999999999997
26890,10425,18,4,73.83,295.32
26891,10426,39,2,32.07,64.14
26892,10426,15,2,51.35,102.7
26893,10426,9,1,59.0,59.0
26894,10426,55,2,31.38,62.76
26895,10426,18,3,78.53,235.59
26896,10427,41,2,52.3,104.6
26897,10427,31,1,182.18,182.18
26898,10427,7,3,16.21,48.63
26899,10427,8,1,125.58,125.58
26900,10427,35,4,14.92,59.68
26901,10428,40,1,19.18,19.18
26902,10428,32,3,18.44,55.32000000000001
26903,10428,25,3,27.12,81.36
26904,10429,49,3,26.39,79.17
26905,10430,7,2,16.42,32.84
26906,10431,16,2,364.43,728.86
26907,10432,47,4,43.73,174.92
26908,10432,10,3,19.46,58.38
26909,10433,18,1,71.35,71.35
26910,10433,40,1,19.48,19.48
26911,10433,44,4,69.57,278.28
26912,10434,49,1,26.02,26.02
26913,10434,28,2,60.57,121.14
26914,10434,50,2,14.36,28.72
26915,10435,42,2,68.57,137.14
26916,10436,3,3,28.24,84.72
26917,10437,28,1,62.03,62.03
26918,10437,1,3,12.04,36.12
26919,10438,51,2,38.53,77.06
26920,10438,35,3,16.22,48.66
26921,10439,1,4,12.61,50.44
26922,10439,54,2,20.96,41.92
26923,10439,34,3,30.91,92.73
26924,10440,27,1,24.17,24.17
26925,10440,15,4,56.29,225.16
26926,10440,43,3,89.68,269.04
26927,10440,2,1,90.66,90.66
26928,10440,20,1,13.99,13.99
26929,10441,34,2,34.28,68.56
26930,10441,19,4,17.46,69.84
26931,10441,41,2,45.65,91.3
26932,10442,46,3,56.63,169.89000000000001
26933,10443,47,4,45.07,180.28
26934,10443,25,1,29.65,29.65
26935,10443,35,1,16.01,16.01
26936,10444,26,3,17.19,51.57000000000001
26937,10445,23,3,102.82,308.46
26938,10445,42,1,70.03,70.03
26939,10445,36,4,27.54,110.16
26940,10445,16,2,381.7,763.4
26941,10445,43,2,89.37,178.74
26942,10446,4,4,44.59,178.36
26943,10446,29,3,34.18,102.53999999999999
26944,10447,37,4,58.97,235.88
26945,10447,29,4,33.27,133.08
26946,10447,36,1,29.93,29.93
26947,10447,6,4,24.17,96.68
26948,10447,38,3,69.09,207.27
26949,10448,28,4,67.72,270.88
26950,10448,35,4,15.42,61.68
26951,10448,29,4,36.32,145.28
26952,10448,41,4,46.26,185.04
26953,10448,48,1,98.16,98.16
26954,10449,3,1,26.6,26.6
26955,10449,42,1,67.34,67.34
26956,10449,11,2,45.66,91.32
26957,10450,46,2,52.86,105.72
26958,10451,4,1,45.59,45.59
26959,10451,18,4,78.19,312.76
26960,10451,25,2,27.43,54.86
26961,10452,30,1,93.83,93.83
26962,10453,28,2,62.01,124.02
26963,10453,48,3,101.74,305.21999999999997
26964,10453,31,2,182.06,364.12
26965,10454,9,3,54.09,162.27
26966,10455,37,1,60.4,60.4
26967,10456,32,1,17.69,17.69
26968,10456,36,3,26.67,80.01
26969,10456,2,1,83.76,83.76
26970,10457,48,3,91.96,275.88
26971,10457,42,3,70.87,212.61
26972,10457,46,4,59.78,239.12
26973,10458,30,3,103.9,311.70000000000005
26974,10458,53,3,40.9,122.69999999999999
26975,10459,28,4,59.26,237.04
26976,10459,55,3,32.8,98.39999999999999
26977,10459,52,2,22.16,44.32
26978,10459,6,3,21.55,64.65
26979,10460,49,2,27.42,54.84
26980,10460,28,1,66.97,66.97
26981,10461,27,1,22.4,22.4
26982,10461,54,1,21.16,21.16
26983,10461,32,2,18.25,36.5
26984,10461,18,4,75.75,303.0
26985,10461,39,1,31.87,31.87
26986,10462,50,1,15.91,15.91
26987,10463,23,3,98.8,296.4
26988,10463,11,1,39.97,39.97
26989,10463,5,3,40.21,120.63
26990,10464,10,2,19.18,38.36
26991,10464,3,1,26.95,26.95
26992,10465,33,4,47.36,189.44
26993,10465,13,2,48.93,97.86
26994,10465,51,3,38.94,116.82
26995,10466,11,4,41.63,166.52
26996,10466,34,4,31.29,125.16
26997,10467,33,2,45.21,90.42
26998,10468,19,3,18.96,56.88
26999,10468,46,2,53.99,107.98
27000,10469,25,2,26.72,53.44
27001,10469,12,1,71.24,71.24
27002,10469,34,3,32.7,98.10000000000001
27003,10470,42,3,64.74,194.21999999999997
27004,10470,9,1,56.56,56.56
27005,10470,2,4,88.7,354.8
27006,10471,10,4,17.96,71.84
27007,10472,36,2,27.94,55.88
27008,10472,41,4,47.96,191.84
27009,10472,11,3,42.05,126.14999999999999
27010,10473,52,4,22.85,91.4
27011,10473,2,4,80.77,323.08
27012,10474,40,2,19.39,38.78
27013,10474,28,3,60.69,182.07
27014,10474,26,3,18.96,56.88
27015,10475,37,1,53.61,53.61
27016,10475,17,3,156.16,468.48
27017,10475,48,2,90.79,181.58
27018,10475,55,3,32.18,96.53999999999999
27019,10476,49,3,26.51,79.53
27020,10476,21,3,86.16,258.48
27021,10476,4,1,46.19,46.19
27022,10477,13,4,47.89,191.56
27023,10478,26,4,17.99,71.96
27024,10478,6,4,21.78,87.12
27025,10479,27,2,22.41,44.82
27026,10479,11,3,41.35,124.05000000000001
27027,10480,26,3,17.51,52.53
27028,10480,46,3,56.46,169.38
27029,10480,32,3,19.79,59.37
27030,10481,2,3,80.95,242.85000000000002
27031,10481,29,3,34.45,103.35000000000001
27032,10482,7,1,15.17,15.17
27033,10482,5,2,37.89,75.78
27034,10483,5,2,37.7,75.4
27035,10483,41,4,49.21,196.84
27036,10483,35,4,14.83,59.32
27037,10484,26,1,19.17,19.17
27038,10484,10,1,19.51,19.51
27039,10484,22,1,226.15,226.15
27040,10485,34,1,33.5,33.5
27041,10485,51,3,37.29,111.87
27042,10485,37,3,59.05,177.14999999999998
27043,10486,9,2,53.4,106.8
27044,10487,35,1,15.1,15.1
27045,10487,28,4,67.41,269.64
27046,10487,31,4,187.22,748.88
27047,10487,23,1,92.58,92.58
27048,10488,47,2,47.63,95.26
27049,10488,37,4,56.94,227.76
27050,10488,49,3,23.84,71.52
27051,10488,32,3,18.43,55.29
27052,10489,42,2,68.32,136.64
27053,10490,52,1,21.84,21.84
27054,10490,18,1,72.14,72.14
27055,10491,2,3,81.04,243.12
27056,10491,24,2,19.43,38.86
27057,10491,27,1,22.44,22.44
27058,10492,35,2,16.0,32.0
27059,10492,18,1,69.56,69.56
27060,10492,33,4,48.72,194.88
27061,10492,11,2,41.54,83.08
27062,10493,9,1,57.07,57.07
27063,10493,49,3,24.4,73.19999999999999
27064,10493,34,3,33.27,99.81
27065,10493,37,2,55.37,110.74
27066,10493,13,1,51.11,51.11
27067,10494,31,3,197.61,592.83
27068,10494,37,4,54.35,217.4
27069,10494,47,1,47.06,47.06
27070,10494,20,2,14.5,29.0
27071,10494,15,3,52.23,156.69
27072,10495,7,2,16.32,32.64
27073,10495,27,2,22.13,44.26
27074,10495,33,3,44.99,134.97
27075,10495,3,1,27.66,27.66
27076,10495,54,3,21.31,63.92999999999999
27077,10496,33,4,47.11,188.44
27078,10497,17,1,155.47,155.47
27079,10497,27,3,23.19,69.57000000000001
27080,10497,33,3,44.88,134.64000000000001
27081,10498,16,2,367.27,734.54
27082,10498,1,3,12.46,37.38
27083,10498,19,2,18.61,37.22
27084,10499,2,2,89.55,179.1
27085,10500,27,3,22.53,67.59
27086,10500,17,2,142.68,285.36
27087,10500,9,1,59.29,59.29
27088,10500,54,1,21.33,21.33
27089,10500,20,2,13.56,27.12
27090,10501,3,4,29.92,119.68
27091,10502,12,1,63.1,63.1
27092,10502,50,3,14.7,44.099999999999994
27093,10502,49,4,24.01,96.04
27094,10502,26,3,18.47,55.41
27095,10503,53,4,40.81,163.24
27096,10503,43,2,87.88,175.76
27097,10503,22,3,232.49,697.47
27098,10503,3,3,28.87,86.61
27099,10504,38,2,68.71,137.42
27100,10504,29,2,38.5,77.0
27101,10504,10,3,18.42,55.260000000000005
27102,10504,15,2,54.75,109.5
27103,10505,41,1,46.24,46.24
27104,10506,6,3,23.3,69.9
27105,10506,15,1,56.09,56.09
27106,10506,10,1,18.38,18.38
27107,10507,5,1,37.42,37.42
27108,10508,29,4,34.0,136.0
27109,10508,25,4,28.32,113.28
27110,10509,5,4,39.0,156.0
27111,10509,28,2,65.14,130.28
27112,10509,37,3,53.9,161.7
27113,10510,28,1,62.81,62.81
27114,10510,30,2,95.46,190.92
27115,10510,16,1,374.45,374.45
27116,10510,23,4,102.0,408.0
27117,10510,39,3,33.94,101.82
27118,10511,24,2,20.24,40.48
27119,10511,38,1,71.4,71.4
27120,10511,27,2,21.56,43.12
27121,10511,44,4,79.17,316.68
27122,10512,50,2,15.11,30.22
27123,10513,5,2,38.44,76.88
27124,10514,50,2,16.24,32.48
27125,10514,22,2,221.93,443.86
27126,10514,52,1,22.91,22.91
27127,10514,8,1,115.29,115.29
27128,10514,55,1,28.59,28.59
27129,10515,26,3,19.03,57.09
27130,10516,18,2,73.07,146.14
27131,10516,21,3,83.39,250.17000000000002
27132,10516,49,3,24.92,74.76
27133,10516,46,1,58.43,58.43
27134,10516,53,1,41.46,41.46
27135,10517,8,2,120.0,240.0
27136,10517,12,1,61.79,61.79
27137,10517,39,1,33.23,33.23
27138,10518,11,3,42.08,126.24
27139,10518,8,2,119.06,238.12
27140,10518,37,1,53.18,53.18
27141,10519,28,2,66.48,132.96
27142,10519,48,4,100.31,401.24
27143,10519,3,1,28.03,28.03
27144,10520,31,2,180.88,361.76
27145,10520,9,2,57.24,114.48
27146,10520,47,1,43.43,43.43
27147,10520,17,4,142.9,571.6
27148,10520,7,1,16.49,16.49
27149,10521,46,4,53.95,215.8
27150,10522,5,3,36.48,109.44
27151,10523,29,2,34.69,69.38
27152,10523,42,3,65.89,197.67000000000002
27153,10523,27,2,23.69,47.38
27154,10523,55,1,31.52,31.52
27155,10524,27,2,21.19,42.38
27156,10524,45,2,65.19,130.38
27157,10524,42,2,69.68,139.36
27158,10524,16,1,407.29,407.29
27159,10524,50,1,14.96,14.96
27160,10525,43,4,89.2,356.8
27161,10525,45,1,69.01,69.01
27162,10526,20,4,13.7,54.8
27163,10526,24,4,20.31,81.24
27164,10527,45,3,68.82,206.45999999999998
27165,10527,33,4,46.59,186.36
27166,10527,15,2,56.74,113.48
27167,10528,39,4,32.06,128.24
27168,10529,19,1,17.95,17.95
27169,10529,27,1,22.11,22.11
27170,10530,7,4,14.62,58.48
27171,10530,6,4,22.12,88.48
27172,10530,25,4,27.65,110.6
27173,10531,13,1,50.41,50.41
27174,10531,18,4,74.02,296.08
27175,10532,41,1,50.64,50.64
27176,10532,33,2,48.53,97.06
27177,10532,24,3,20.95,62.849999999999994
27178,10533,4,2,47.0,94.0
27179,10533,8,4,130.52,522.08
27180,10534,2,1,83.25,83.25
27181,10535,12,2,66.95,133.9
27182,10535,19,3,17.49,52.47
27183,10536,15,2,53.35,106.7
27184,10537,45,3,72.21,216.63
27185,10537,2,2,88.98,177.96
27186,10537,53,1,40.89,40.89
27187,10538,45,1,74.7,74.7
27188,10538,7,4,14.67,58.68
27189,10538,38,4,69.94,279.76
27190,10538,55,2,32.29,64.58
27191,10539,39,1,32.42,32.42
27192,10540,52,3,21.82,65.46000000000001
27193,10540,30,3,99.25,297.75
27194,10540,48,1,100.52,100.52
27195,10541,23,2,90.89,181.78
27196,10541,20,2,13.87,27.74
27197,10542,55,4,30.23,120.92
27198,10542,9,4,53.14,212.56
27199,10542,25,4,27.94,111.76
27200,10543,1,1,12.05,12.05
27201,10543,39,3,35.0,105.0
27202,10543,6,2,21.14,42.28
27203,10543,27,2,24.13,48.26
27204,10544,39,1,32.2,32.2
27205,10544,11,2,42.37,84.74
27206,10545,25,4,27.12,108.48
27207,10546,22,1,234.75,234.75
27208,10546,39,4,31.07,124.28
27209,10547,32,4,18.87,75.48
27210,10548,48,3,100.57,301.71
27211,10548,27,2,21.5,43.0
27212,10548,22,4,228.36,913.44
27213,10549,45,1,72.28,72.28
27214,10549,53,4,44.14,176.56
27215,10549,43,3,90.97,272.90999999999997
27216,10550,5,2,37.55,75.1
27217,10551,1,3,11.53,34.589999999999996
27218,10551,31,2,172.48,344.96
27219,10552,10,3,17.67,53.010000000000005
27220,10552,48,1,102.93,102.93
27221,10552,23,3,103.16,309.48
27222,10553,8,2,123.11,246.22
27223,10553,5,3,40.34,121.02000000000001
27224,10553,36,1,29.47,29.47
27225,10554,43,2,94.85,189.7
27226,10555,46,3,58.64,175.92000000000002
27227,10555,32,4,19.11,76.44
27228,10556,37,2,57.68,115.36
27229,10556,28,3,60.99,182.97
27230,10556,36,3,29.03,87.09
27231,10556,22,1,234.14,234.14
27232,10556,6,3,22.67,68.01
27233,10557,43,4,93.41,373.64
27234,10557,6,3,21.04,63.12
27235,10557,19,2,18.21,36.42
27236,10558,55,2,32.53,65.06
27237,10558,48,3,101.5,304.5
27238,10558,21,1,90.04,90.04
27239,10558,13,3,47.89,143.67000000000002
27240,10559,10,2,17.85,35.7
27241,10559,3,1,28.29,28.29
27242,10560,37,1,59.23,59.23
27243,10560,15,1,53.66,53.66
27244,10561,6,3,21.75,65.25
27245,10561,33,3,48.67,146.01
27246,10562,36,4,30.18,120.72
27247,10562,28,1,60.1,60.1
27248,10562,7,2,14.74,29.48
27249,10563,51,2,36.2,72.4
27250,10563,15,3,52.44,157.32
27251,10563,13,4,48.28,193.12
27252,10564,32,4,19.49,77.96
27253,10564,20,3,14.22,42.660000000000004
27254,10564,44,3,69.91,209.73
27255,10565,2,3,85.94,257.82
27256,10566,6,4,23.71,94.84
27257,10567,14,4,38.04,152.16
27258,10567,50,4,16.43,65.72
27259,10568,20,3,13.91,41.730000000000004
27260,10568,33,3,43.68,131.04
27261,10568,43,4,90.87,363.48
27262,10568,50,3,15.95,47.849999999999994
27263,10569,34,1,31.76,31.76
27264,10569,55,2,32.38,64.76
27265,10570,3,2,27.73,55.46
27266,10570,45,3,72.81,218.43
27267,10571,10,2,18.53,37.06
27268,10571,38,2,74.25,148.5
27269,10571,43,2,88.42,176.84
27270,10571,48,4,94.5,378.0
27271,10572,30,2,102.96,205.92
27272,10572,40,2,17.62,35.24
27273,10572,26,1,19.47,19.47
27274,10573,37,2,60.0,120.0
27275,10574,42,4,66.22,264.88
27276,10574,13,3,49.71,149.13
27277,10575,43,1,95.06,95.06
27278,10575,39,2,33.07,66.14
27279,10575,6,4,21.42,85.68
27280,10575,4,1,47.02,47.02
27281,10575,36,4,29.39,117.56
27282,10576,17,2,152.07,304.14
27283,10576,4,2,47.73,95.46
27284,10576,38,1,78.99,78.99
27285,10576,11,4,44.18,176.72
27286,10577,36,1,28.33,28.33
27287,10577,16,2,385.31,770.62
27288,10577,47,2,43.53,87.06
27289,10577,25,4,28.17,112.68
27290,10577,38,1,77.71,77.71
27291,10578,51,4,39.68,158.72
27292,10579,45,1,69.4,69.4
27293,10579,40,1,19.16,19.16
27294,10579,55,1,30.86,30.86
27295,10580,42,2,70.03,140.06
27296,10581,49,4,26.71,106.84
27297,10581,31,1,177.3,177.3
27298,10581,45,4,68.93,275.72
27299,10582,3,4,26.71,106.84
27300,10582,6,4,21.27,85.08
27301,10582,47,1,48.34,48.34
27302,10583,33,3,44.64,133.92000000000002
27303,10583,54,4,22.34,89.36
27304,10583,17,1,151.6,151.6
27305,10583,6,2,23.62,47.24
27306,10584,8,2,118.92,237.84
27307,10584,53,4,41.46,165.84
27308,10584,17,2,151.27,302.54
27309,10584,44,1,75.13,75.13
27310,10585,30,4,101.75,407.0
27311,10585,50,3,14.45,43.349999999999994
27312,10585,18,2,71.74,143.48
27313,10586,15,1,54.49,54.49
27314,10587,8,3,122.81,368.43
27315,10587,23,2,100.44,200.88
27316,10588,7,4,15.15,60.6
27317,10589,27,3,22.98,68.94
27318,10590,37,2,58.98,117.96
27319,10590,32,3,19.07,57.21
27320,10590,6,1,24.0,24.0
27321,10591,33,3,48.47,145.41
27322,10591,51,1,37.46,37.46
27323,10591,21,1,83.33,83.33
27324,10592,36,2,28.13,56.26
27325,10592,1,2,12.85,25.7
27326,10592,24,4,20.34,81.36
27327,10592,50,1,15.41,15.41
27328,10593,13,3,47.35,142.05
27329,10593,24,4,20.68,82.72
27330,10593,5,3,38.55,115.64999999999999
27331,10593,18,1,71.26,71.26
27332,10593,7,1,15.4,15.4
27333,10594,35,1,14.97,14.97
27334,10595,3,4,30.32,121.28
27335,10596,24,3,20.57,61.71
27336,10596,20,1,14.49,14.49
27337,10597,35,3,15.52,46.56
27338,10597,9,1,59.95,59.95
27339,10597,8,2,116.85,233.7
27340,10598,5,3,36.2,108.60000000000001
27341,10598,43,2,95.39,190.78
27342,10598,24,3,21.46,64.38
27343,10598,50,3,14.64,43.92
27344,10599,36,3,28.15,84.44999999999999
27345,10599,2,4,91.67,366.68
27346,10599,17,4,151.22,604.88
27347,10599,54,1,23.79,23.79
27348,10599,3,3,28.92,86.76
27349,10600,9,1,59.24,59.24
27350,10600,49,3,25.36,76.08
27351,10600,39,1,31.01,31.01
27352,10601,50,3,15.18,45.54
27353,10602,53,4,41.67,166.68
27354,10603,51,4,40.85,163.4
27355,10603,34,2,33.98,67.96
27356,10603,8,3,119.8,359.4
27357,10603,22,2,224.97,449.94
27358,10603,2,3,80.81,242.43
27359,10604,24,4,19.49,77.96
27360,10604,36,4,29.57,118.28
27361,10605,37,2,59.8,119.6
27362,10605,26,3,18.19,54.57000000000001
27363,10605,53,4,44.65,178.6
27364,10606,52,1,22.66,22.66
27365,10607,45,4,71.98,287.92
27366,10608,12,3,63.65,190.95
27367,10608,39,3,32.27,96.81
27368,10608,47,3,48.44,145.32
27369,10608,26,2,17.87,35.74
27370,10608,8,1,126.44,126.44
27371,10609,16,2,372.98,745.96
27372,10609,53,1,45.33,45.33
27373,10609,15,1,57.08,57.08
27374,10609,33,2,49.41,98.82
27375,10610,50,4,16.14,64.56
27376,10610,5,3,39.66,118.97999999999999
27377,10610,7,2,15.25,30.5
27378,10611,42,4,69.74,278.96
27379,10611,2,3,92.52,277.56
27380,10612,29,4,33.94,135.76
27381,10612,53,3,42.63,127.89000000000001
27382,10612,18,4,69.77,279.08
27383,10613,35,2,15.24,30.48
27384,10613,40,2,17.16,34.32
27385,10613,28,1,63.3,63.3
27386,10614,11,4,44.07,176.28
27387,10614,25,2,27.84,55.68
27388,10614,49,3,26.04,78.12
27389,10615,53,4,40.04,160.16
27390,10615,23,1,98.9,98.9
27391,10615,36,1,26.93,26.93
27392,10615,21,1,85.51,85.51
27393,10616,37,1,55.78,55.78
27394,10617,51,4,40.83,163.32
27395,10617,8,2,116.07,232.14
27396,10617,38,4,68.59,274.36
27397,10618,29,3,38.49,115.47
27398,10618,38,4,73.51,294.04
27399,10618,49,3,24.58,73.74
27400,10619,18,1,78.6,78.6
27401,10619,49,4,25.89,103.56
27402,10619,6,2,21.8,43.6
27403,10619,10,4,18.62,74.48
27404,10619,47,3,45.66,136.98
27405,10620,37,1,55.18,55.18
27406,10620,11,4,44.74,178.96
27407,10620,28,3,66.78,200.34
27408,10620,13,4,50.42,201.68
27409,10620,35,3,14.37,43.11
27410,10621,7,2,15.84,31.68
27411,10621,15,3,50.85,152.55
27412,10621,32,1,18.2,18.2
27413,10621,13,2,45.81,91.62
27414,10621,16,4,364.92,1459.68
27415,10622,21,3,82.68,248.04000000000002
27416,10622,31,4,181.84,727.36
27417,10622,50,3,14.85,44.55
27418,10623,38,2,71.3,142.6
27419,10623,19,1,19.28,19.28
27420,10623,55,4,30.58,122.32
27421,10623,33,1,42.81,42.81
27422,10624,45,4,66.16,264.64
27423,10624,24,1,21.58,21.58
27424,10624,14,1,35.34,35.34
27425,10625,26,4,19.02,76.08
27426,10625,50,1,16.45,16.45
27427,10625,5,4,39.72,158.88
27428,10626,51,2,41.22,82.44
27429,10626,33,4,46.18,184.72
27430,10627,24,1,21.85,21.85
27431,10628,22,4,225.89,903.56
27432,10628,14,3,35.23,105.69
27433,10629,25,1,30.67,30.67
27434,10629,17,1,159.32,159.32
27435,10630,31,1,174.45,174.45
27436,10631,38,2,70.49,140.98
27437,10631,2,4,82.12,328.48
27438,10631,48,2,91.62,183.24
27439,10631,15,4,50.78,203.12
27440,10632,36,2,28.75,57.5
27441,10633,24,1,21.72,21.72
27442,10633,17,4,155.14,620.56
27443,10633,44,2,74.45,148.9
27444,10633,1,2,11.99,23.98
27445,10633,35,4,14.93,59.72
27446,10634,10,2,17.62,35.24
27447,10634,39,1,30.65,30.65
27448,10635,19,3,18.54,55.62
27449,10635,21,2,85.2,170.4
27450,10635,51,3,40.0,120.0
27451,10635,29,1,34.29,34.29
27452,10636,23,3,103.74,311.21999999999997
27453,10637,11,3,45.31,135.93
27454,10638,8,1,120.72,120.72
27455,10639,27,2,21.01,42.02
27456,10639,52,4,23.14,92.56
27457,10640,31,1,184.42,184.42
27458,10640,21,4,86.9,347.6
27459,10640,33,3,43.33,129.99
27460,10641,43,4,83.93,335.72
27461,10641,25,2,27.01,54.02
27462,10641,37,3,60.31,180.93
27463,10642,8,1,129.06,129.06
27464,10643,1,1,12.47,12.47
27465,10643,3,4,27.58,110.32
27466,10644,49,1,26.33,26.33
27467,10644,13,3,50.49,151.47
27468,10645,22,2,222.79,445.58
27469,10645,11,1,42.27,42.27
27470,10646,34,2,31.95,63.9
27471,10646,21,1,83.55,83.55
27472,10646,13,1,47.42,47.42
27473,10647,55,1,28.97,28.97
27474,10647,15,4,53.08,212.32
27475,10647,34,1,30.74,30.74
27476,10648,17,1,147.61,147.61
27477,10648,27,1,22.89,22.89
27478,10649,40,3,17.12,51.36
27479,10649,33,1,47.62,47.62
27480,10649,3,3,29.88,89.64
27481,10650,6,4,23.37,93.48
27482,10650,13,4,47.9,191.6
27483,10650,14,4,34.73,138.92
27484,10650,25,3,30.02,90.06
27485,10651,2,2,84.45,168.9
27486,10651,34,1,31.84,31.84
27487,10651,30,1,103.58,103.58
27488,10652,10,1,18.76,18.76
27489,10652,54,2,21.32,42.64
27490,10652,33,4,43.1,172.4
27491,10652,3,3,28.74,86.22
27492,10653,10,1,18.85,18.85
27493,10653,48,4,102.05,408.2
27494,10654,17,2,139.46,278.92
27495,10654,12,3,65.12,195.36
27496,10655,19,4,18.19,72.76
27497,10656,1,4,11.56,46.24
27498,10656,49,2,23.88,47.76
27499,10657,12,4,69.66,278.64
27500,10658,16,3,413.08,1239.24
27501,10659,9,1,52.68,52.68
27502,10659,4,1,47.66,47.66
27503,10659,2,4,86.74,346.96
27504,10659,35,3,15.03,45.089999999999996
27505,10660,4,4,49.07,196.28
27506,10661,42,2,70.03,140.06
27507,10661,38,1,74.3,74.3
27508,10662,30,4,98.5,394.0
27509,10662,5,1,36.15,36.15
27510,10663,21,1,83.93,83.93
27511,10664,1,4,12.83,51.32
27512,10664,10,2,19.54,39.08
27513,10664,43,4,92.5,370.0
27514,10665,48,4,102.44,409.76
27515,10665,42,1,62.15,62.15
27516,10665,27,2,22.2,44.4
27517,10665,35,1,15.42,15.42
27518,10666,24,1,21.71,21.71
27519,10666,7,3,15.77,47.31
27520,10666,22,3,235.12,705.36
27521,10667,22,3,231.15,693.45
27522,10668,41,1,46.01,46.01
27523,10669,21,2,89.4,178.8
27524,10669,53,3,40.7,122.10000000000001
27525,10669,39,1,34.87,34.87
27526,10669,49,4,27.45,109.8
27527,10670,28,4,61.05,244.2
27528,10671,13,4,50.39,201.56
27529,10672,54,1,22.23,22.23
27530,10672,35,2,16.24,32.48
27531,10672,29,1,34.18,34.18
27532,10673,13,1,50.19,50.19
27533,10673,6,4,20.93,83.72
27534,10674,10,1,17.16,17.16
27535,10674,2,2,91.47,182.94
27536,10675,22,2,237.18,474.36
27537,10675,17,1,155.61,155.61
27538,10675,47,4,45.61,182.44
27539,10676,6,3,22.31,66.92999999999999
27540,10676,49,2,23.75,47.5
27541,10676,20,3,14.48,43.44
27542,10677,5,4,38.27,153.08
27543,10678,44,2,72.52,145.04
27544,10679,45,1,73.29,73.29
27545,10679,17,2,140.94,281.88
27546,10679,38,4,71.98,287.92
27547,10679,31,3,195.47,586.41
27548,10679,19,4,17.47,69.88
27549,10680,40,2,18.01,36.02
27550,10680,45,3,74.33,222.99
27551,10680,3,4,27.66,110.64
27552,10681,48,4,104.0,416.0
27553,10681,38,2,71.27,142.54
27554,10681,8,1,129.31,129.31
27555,10681,15,2,55.94,111.88
27556,10681,52,4,21.41,85.64
27557,10682,29,4,38.47,153.88
27558,10682,47,3,47.21,141.63
27559,10682,9,2,59.39,118.78
27560,10682,17,2,156.2,312.4
27561,10682,42,2,71.06,142.12
27562,10683,4,2,48.12,96.24
27563,10683,3,4,26.74,106.96
27564,10683,45,4,70.93,283.72
27565,10684,41,3,45.62,136.85999999999999
27566,10684,24,3,21.07,63.21
27567,10684,27,1,21.78,21.78
27568,10685,28,2,64.94,129.88
27569,10685,24,4,20.09,80.36
27570,10685,34,2,30.53,61.06
27571,10686,55,3,31.4,94.19999999999999
27572,10686,23,4,90.59,362.36
27573,10686,8,4,131.2,524.8
27574,10686,47,1,43.4,43.4
27575,10687,32,4,19.61,78.44
27576,10687,18,3,72.58,217.74
27577,10687,53,3,45.85,137.55
27578,10688,49,2,23.77,47.54
27579,10689,22,4,227.94,911.76
27580,10689,39,4,30.81,123.24
27581,10689,35,3,16.13,48.39
27582,10690,8,4,115.83,463.32
27583,10691,43,4,87.26,349.04
27584,10692,50,4,14.48,57.92
27585,10692,14,1,37.91,37.91
27586,10692,35,1,16.19,16.19
27587,10693,45,1,71.02,71.02
27588,10693,11,3,41.04,123.12
27589,10693,22,1,209.78,209.78
27590,10694,42,1,70.89,70.89
27591,10694,54,3,24.12,72.36
27592,10694,26,3,18.53,55.59
27593,10695,38,1,75.99,75.99
27594,10695,15,4,56.69,226.76
27595,10696,36,3,28.18,84.53999999999999
27596,10696,21,2,92.0,184.0
27597,10696,27,2,24.02,48.04
27598,10697,31,3,173.87,521.61
27599,10698,42,4,69.69,278.76
27600,10699,17,3,143.92,431.76
27601,10699,11,2,45.5,91.0
27602,10700,3,1,27.44,27.44
27603,10700,52,1,21.5,21.5
27604,10700,8,1,130.73,130.73
27605,10700,20,4,13.9,55.6
27606,10700,36,3,28.16,84.48
27607,10701,18,2,77.54,155.08
27608,10701,29,4,33.96,135.84
27609,10701,10,3,19.35,58.050000000000004
27610,10702,15,2,53.73,107.46
27611,10702,17,2,139.82,279.64
27612,10702,26,3,19.49,58.47
27613,10703,32,2,17.43,34.86
27614,10703,2,3,89.3,267.9
27615,10703,11,4,43.11,172.44
27616,10704,10,2,17.33,34.66
27617,10705,12,3,70.55,211.64999999999998
27618,10705,27,1,23.65,23.65
27619,10705,4,1,45.36,45.36
27620,10706,12,2,66.13,132.26
27621,10706,44,4,71.95,287.8
27622,10706,26,2,18.51,37.02
27623,10707,50,4,14.42,57.68
27624,10707,24,3,19.52,58.56
27625,10708,3,1,29.19,29.19
27626,10709,42,2,63.77,127.54
27627,10709,38,2,71.83,143.66
27628,10709,18,3,69.98,209.94
27629,10710,15,1,51.6,51.6
27630,10710,9,1,59.43,59.43
27631,10710,22,2,214.73,429.46
27632,10710,14,2,35.5,71.0
27633,10711,37,1,56.34,56.34
27634,10712,41,1,46.55,46.55
27635,10713,52,3,22.96,68.88
27636,10714,27,2,23.41,46.82
27637,10714,39,3,31.44,94.32000000000001
27638,10714,26,2,17.82,35.64
27639,10714,44,3,73.74,221.21999999999997
27640,10715,28,3,60.74,182.22
27641,10715,6,3,23.33,69.99
27642,10715,43,3,89.89,269.67
27643,10716,38,2,77.84,155.68
27644,10716,49,1,24.61,24.61
27645,10717,4,1,44.16,44.16
27646,10718,19,1,18.37,18.37
27647,10718,33,3,49.02,147.06
27648,10718,54,2,22.03,44.06
27649,10718,34,3,33.31,99.93
27650,10718,21,3,89.75,269.25
27651,10719,26,1,18.11,18.11
27652,10720,18,4,76.4,305.6
27653,10720,16,1,412.73,412.73
27654,10720,45,3,64.88,194.64
27655,10721,3,4,28.36,113.44
27656,10722,31,1,180.84,180.84
27657,10722,15,1,51.84,51.84
27658,10722,48,3,95.51,286.53000000000003
27659,10723,15,4,50.94,203.76
27660,10723,28,2,65.73,131.46
27661,10723,9,2,58.71,117.42
27662,10723,47,4,45.93,183.72
27663,10723,33,3,44.79,134.37
27664,10724,21,4,89.87,359.48
27665,10724,46,4,59.82,239.28
27666,10724,24,4,21.29,85.16
27667,10725,8,4,125.52,502.08
27668,10725,42,2,63.67,127.34
27669,10726,30,3,102.95,308.85
27670,10727,16,1,376.57,376.57
27671,10727,34,1,34.52,34.52
27672,10728,26,4,17.26,69.04
27673,10728,31,3,172.16,516.48
27674,10729,11,3,41.11,123.33
27675,10729,27,3,22.83,68.49
27676,10729,33,4,47.54,190.16
27677,10730,35,1,16.1,16.1
27678,10731,16,2,368.96,737.92
27679,10731,8,3,118.52,355.56
27680,10731,47,2,43.97,87.94
27681,10732,10,4,19.09,76.36
27682,10732,24,4,19.13,76.52
27683,10732,17,1,140.53,140.53
27684,10733,40,3,19.69,59.07000000000001
27685,10733,38,3,71.43,214.29000000000002
27686,10734,45,2,67.11,134.22
27687,10734,22,3,210.33,630.99
27688,10734,39,1,32.65,32.65
27689,10735,55,2,29.21,58.42
27690,10735,31,2,183.94,367.88
27691,10736,41,3,48.15,144.45
27692,10736,55,3,30.18,90.53999999999999
27693,10736,28,4,65.37,261.48
27694,10737,20,2,13.76,27.52
27695,10737,8,3,131.93,395.79
27696,10737,12,4,67.52,270.08
27697,10737,19,3,17.96,53.88
27698,10738,37,4,54.31,217.24
27699,10738,2,1,92.7,92.7
27700,10738,11,4,41.92,167.68
27701,10738,51,3,37.73,113.19
27702,10739,52,3,21.53,64.59
27703,10740,5,2,39.2,78.4
27704,10740,15,1,52.3,52.3
27705,10740,29,4,33.33,133.32
27706,10740,11,1,43.15,43.15
27707,10740,47,4,43.07,172.28
27708,10741,24,4,19.15,76.6
27709,10741,5,4,37.18,148.72
27710,10742,28,2,63.64,127.28
27711,10742,33,3,42.8,128.39999999999998
27712,10742,25,4,29.72,118.88
27713,10742,49,1,25.7,25.7
27714,10742,7,1,15.02,15.02
27715,10743,37,1,55.41,55.41
27716,10743,28,3,66.31,198.93
27717,10743,24,4,21.3,85.2
27718,10744,39,3,31.4,94.19999999999999
27719,10744,47,2,48.1,96.2
27720,10744,28,4,61.3,245.2
27721,10745,10,1,18.57,18.57
27722,10745,26,4,17.59,70.36
27723,10745,44,2,71.04,142.08
27724,10746,54,3,20.95,62.849999999999994
27725,10746,49,2,26.54,53.08
27726,10746,31,3,171.27,513.8100000000001
27727,10747,23,1,95.72,95.72
27728,10747,10,4,18.5,74.0
27729,10748,31,4,184.03,736.12
27730,10748,24,1,20.12,20.12
27731,10749,48,3,92.31,276.93
27732,10749,50,3,14.35,43.05
27733,10749,39,2,31.6,63.2
27734,10750,8,4,125.52,502.08
27735,10751,48,1,103.44,103.44
27736,10751,12,4,63.67,254.68
27737,10752,21,4,90.52,362.08
27738,10752,27,4,22.6,90.4
27739,10752,18,1,74.0,74.0
27740,10753,14,3,38.43,115.28999999999999
27741,10754,43,4,84.32,337.28
27742,10754,13,2,47.26,94.52
27743,10754,44,4,73.45,293.8
27744,10755,39,3,34.07,102.21000000000001
27745,10755,55,4,32.08,128.32
27746,10756,50,3,14.27,42.81
27747,10756,43,2,90.91,181.82
27748,10756,2,1,82.89,82.89
27749,10756,1,1,12.83,12.83
27750,10757,19,2,17.62,35.24
27751,10757,34,2,34.32,68.64
27752,10757,38,4,73.67,294.68
27753,10757,45,2,73.67,147.34
27754,10757,24,3,19.04,57.12
27755,10758,10,4,18.72,74.88
27756,10758,19,1,19.73,19.73
27757,10758,26,4,19.34,77.36
27758,10759,24,1,20.08,20.08
27759,10759,3,1,29.53,29.53
27760,10760,29,1,35.61,35.61
27761,10760,1,2,12.7,25.4
27762,10760,15,1,53.89,53.89
27763,10761,53,4,41.2,164.8
27764,10761,4,4,44.76,179.04
27765,10762,8,3,131.75,395.25
27766,10762,11,3,42.49,127.47
27767,10763,30,2,90.78,181.56
27768,10764,23,3,104.39,313.17
27769,10765,22,2,226.21,452.42
27770,10765,38,4,69.15,276.6
27771,10765,10,1,17.71,17.71
27772,10765,37,3,60.41,181.23
27773,10766,53,1,45.6,45.6
27774,10766,49,3,26.03,78.09
27775,10767,16,1,415.42,415.42
27776,10767,14,4,34.94,139.76
27777,10767,8,3,116.73,350.19
27778,10768,8,3,129.93,389.79
27779,10769,3,1,30.65,30.65
27780,10769,54,2,22.41,44.82
27781,10770,41,1,47.66,47.66
27782,10770,5,3,38.67,116.01
27783,10770,43,4,85.5,342.0
27784,10771,45,2,73.6,147.2
27785,10771,6,1,23.58,23.58
27786,10771,52,3,21.76,65.28
27787,10771,47,3,47.39,142.17000000000002
27788,10772,45,1,71.93,71.93
27789,10772,32,1,19.13,19.13
27790,10772,48,2,95.68,191.36
27791,10772,50,1,14.92,14.92
27792,10773,2,1,81.4,81.4
27793,10773,33,1,43.34,43.34
27794,10773,23,1,104.04,104.04
27795,10774,45,4,72.37,289.48
27796,10774,16,4,405.97,1623.88
27797,10775,20,3,15.2,45.599999999999994
27798,10775,11,2,40.24,80.48
27799,10775,16,3,390.39,1171.17
27800,10775,3,2,27.08,54.16
27801,10775,29,1,34.44,34.44
27802,10776,32,1,17.29,17.29
27803,10776,36,3,30.74,92.22
27804,10776,35,2,16.16,32.32
27805,10777,14,3,38.1,114.30000000000001
27806,10778,28,3,60.97,182.91
27807,10778,35,1,16.05,16.05
27808,10779,49,4,25.75,103.0
27809,10779,12,1,63.84,63.84
27810,10779,53,2,45.53,91.06
27811,10780,13,1,49.1,49.1
27812,10781,3,2,28.13,56.26
27813,10781,22,4,212.67,850.68
27814,10782,2,4,89.26,357.04
27815,10783,47,2,46.58,93.16
27816,10783,9,2,57.27,114.54
27817,10784,33,4,46.09,184.36
27818,10784,7,4,15.15,60.6
27819,10784,52,4,24.02,96.08
27820,10785,39,4,31.48,125.92
27821,10785,34,4,33.78,135.12
27822,10786,30,2,94.42,188.84
27823,10786,41,4,45.61,182.44
27824,10786,39,2,33.8,67.6
27825,10787,24,2,19.49,38.98
27826,10787,30,2,97.86,195.72
27827,10787,1,4,12.82,51.28
27828,10787,34,1,35.07,35.07
27829,10788,42,1,65.42,65.42
27830,10789,2,4,91.66,366.64
27831,10789,36,2,28.63,57.26
27832,10789,38,4,78.48,313.92
27833,10789,31,2,180.31,360.62
27834,10789,18,4,72.0,288.0
27835,10790,47,2,49.24,98.48
27836,10790,26,4,17.12,68.48
27837,10790,33,4,46.07,184.28
27838,10790,32,3,19.08,57.239999999999995
27839,10791,35,4,14.79,59.16
27840,10791,40,1,17.24,17.24
27841,10792,49,3,25.76,77.28
27842,10792,40,4,17.49,69.96
27843,10792,6,3,22.18,66.53999999999999
27844,10792,53,2,44.9,89.8
27845,10793,41,2,51.36,102.72
27846,10793,2,4,90.78,363.12
27847,10793,10,2,18.21,36.42
27848,10793,13,1,47.98,47.98
27849,10794,45,1,74.52,74.52
27850,10794,29,1,37.86,37.86
27851,10794,4,3,46.86,140.57999999999998
27852,10794,8,4,127.43,509.72
27853,10795,6,2,23.0,46.0
27854,10795,16,4,385.17,1540.68
27855,10796,50,4,15.09,60.36
27856,10796,48,3,97.41,292.23
27857,10796,32,2,19.48,38.96
27858,10797,29,1,35.52,35.52
27859,10797,8,2,122.09,244.18
27860,10798,3,2,28.08,56.16
27861,10799,54,3,21.7,65.1
27862,10799,45,4,67.95,271.8
27863,10800,41,3,46.72,140.16
27864,10800,37,1,55.85,55.85
27865,10800,35,1,14.63,14.63
27866,10800,40,2,19.35,38.7
27867,10800,31,4,174.46,697.84
27868,10801,53,1,43.2,43.2
27869,10801,36,4,28.01,112.04
27870,10802,32,4,19.4,77.6
27871,10802,4,2,44.98,89.96
27872,10802,6,4,22.29,89.16
27873,10803,50,1,16.05,16.05
27874,10803,14,4,37.89,151.56
27875,10803,48,4,95.06,380.24
27876,10803,11,1,44.29,44.29
27877,10803,29,3,35.97,107.91
27878,10804,15,1,53.94,53.94
27879,10805,1,3,12.55,37.650000000000006
27880,10805,14,4,34.81,139.24
27881,10805,51,4,37.22,148.88
27882,10806,41,4,50.12,200.48
27883,10806,2,2,86.27,172.54
27884,10807,13,4,51.03,204.12
27885,10807,47,4,46.32,185.28
27886,10807,34,1,33.76,33.76
27887,10807,5,1,37.63,37.63
27888,10808,37,1,56.55,56.55
27889,10808,23,1,94.26,94.26
27890,10808,48,2,99.58,199.16
27891,10809,45,3,65.03,195.09
27892,10810,25,3,29.53,88.59
27893,10811,18,2,72.42,144.84
27894,10811,12,4,62.11,248.44
27895,10811,31,4,171.61,686.44
27896,10812,5,3,36.97,110.91
27897,10812,54,2,21.58,43.16
27898,10812,46,4,53.43,213.72
27899,10813,6,2,23.53,47.06
27900,10813,48,1,94.26,94.26
27901,10813,37,4,56.47,225.88
27902,10813,31,4,188.22,752.88
27903,10813,18,3,72.3,216.89999999999998
27904,10814,33,2,46.43,92.86
27905,10814,32,2,18.99,37.98
27906,10814,18,1,72.87,72.87
27907,10814,14,1,37.82,37.82
27908,10815,34,1,31.1,31.1
27909,10816,54,3,22.7,68.1
27910,10816,11,3,40.54,121.62
27911,10816,20,2,14.42,28.84
27912,10816,45,1,65.94,65.94
27913,10816,42,4,63.86,255.44
27914,10817,6,2,21.93,43.86
27915,10818,39,2,33.7,67.4
27916,10819,23,2,103.53,207.06
27917,10819,24,3,19.16,57.480000000000004
27918,10820,38,2,75.66,151.32
27919,10820,32,1,18.38,18.38
27920,10821,42,1,70.39,70.39
27921,10821,45,4,67.99,271.96
27922,10821,37,2,55.28,110.56
27923,10822,46,1,59.11,59.11
27924,10822,49,2,26.11,52.22
27925,10822,21,1,88.87,88.87
27926,10823,32,3,18.83,56.489999999999995
27927,10824,40,2,17.47,34.94
27928,10824,15,2,49.46,98.92
27929,10824,13,2,49.31,98.62
27930,10824,36,1,27.2,27.2
27931,10824,37,3,59.53,178.59
27932,10825,11,1,40.88,40.88
27933,10825,8,1,125.56,125.56
27934,10825,33,2,48.84,97.68
27935,10826,30,4,103.57,414.28
27936,10827,41,1,47.91,47.91
27937,10827,47,2,43.84,87.68
27938,10828,51,1,39.88,39.88
27939,10828,39,4,32.75,131.0
27940,10828,46,3,58.16,174.48
27941,10829,2,1,81.99,81.99
27942,10830,6,1,23.44,23.44
27943,10831,50,1,15.77,15.77
27944,10831,15,4,50.75,203.0
27945,10832,33,2,48.7,97.4
27946,10833,43,2,86.0,172.0
27947,10833,48,1,90.64,90.64
27948,10833,10,2,17.2,34.4
27949,10834,19,1,18.47,18.47
27950,10834,1,4,13.17,52.68
27951,10835,9,1,58.88,58.88
27952,10835,36,1,28.18,28.18
27953,10835,23,1,90.67,90.67
27954,10835,3,2,28.09,56.18
27955,10836,35,2,16.19,32.38
27956,10836,24,2,21.53,43.06
27957,10836,40,4,19.75,79.0
27958,10837,52,2,24.1,48.2
27959,10837,55,1,30.39,30.39
27960,10837,47,2,43.77,87.54
27961,10838,38,2,78.96,157.92
27962,10838,27,4,23.03,92.12
27963,10839,3,4,27.59,110.36
27964,10839,50,4,15.34,61.36
27965,10840,13,2,52.58,105.16
27966,10840,30,1,91.33,91.33
27967,10840,20,3,13.97,41.910000000000004
27968,10841,8,4,128.85,515.4
27969,10841,9,4,59.47,237.88
27970,10841,48,1,100.76,100.76
27971,10842,48,1,102.32,102.32
27972,10842,16,1,406.71,406.71
27973,10843,43,2,94.64,189.28
27974,10843,29,3,37.73,113.19
27975,10843,54,4,22.2,88.8
27976,10844,26,3,19.09,57.269999999999996
27977,10845,35,4,15.41,61.64
27978,10845,37,1,57.37,57.37
27979,10845,8,2,127.88,255.76
27980,10845,10,3,17.74,53.22
27981,10846,48,2,98.6,197.2
27982,10847,11,4,45.19,180.76
27983,10847,14,3,36.94,110.82
27984,10847,21,3,92.75,278.25
27985,10848,37,1,55.1,55.1
27986,10848,4,1,45.11,45.11
27987,10849,40,3,18.95,56.849999999999994
27988,10849,5,2,41.66,83.32
27989,10849,43,3,88.56,265.68
27990,10849,53,3,43.13,129.39000000000001
27991,10849,11,4,41.98,167.92
27992,10850,6,2,21.03,42.06
27993,10850,27,1,24.13,24.13
27994,10851,1,2,12.83,25.66
27995,10851,28,1,63.91,63.91
27996,10852,42,1,70.57,70.57
27997,10852,10,4,18.11,72.44
27998,10853,12,2,64.9,129.8
27999,10853,3,2,29.86,59.72
28000,10854,17,1,154.79,154.79
28001,10854,42,3,65.49,196.46999999999997
28002,10854,31,4,193.73,774.92
28003,10855,35,4,14.27,57.08
28004,10856,38,4,72.02,288.08
28005,10856,51,1,38.87,38.87
28006,10857,4,2,48.81,97.62
28007,10857,2,3,88.62,265.86
28008,10857,8,4,119.37,477.48
28009,10858,6,1,21.2,21.2
28010,10858,53,2,42.25,84.5
28011,10858,45,2,73.96,147.92
28012,10859,25,2,28.54,57.08
28013,10859,53,1,44.26,44.26
28014,10860,21,1,89.31,89.31
28015,10860,7,1,15.08,15.08
28016,10860,4,3,48.15,144.45
28017,10861,17,2,154.81,309.62
28018,10861,36,4,27.92,111.68
28019,10861,14,2,34.32,68.64
28020,10862,55,3,29.76,89.28
28021,10863,23,1,96.77,96.77
28022,10864,1,2,12.64,25.28
28023,10864,36,4,27.56,110.24
28024,10864,14,1,33.26,33.26
28025,10865,26,1,18.19,18.19
28026,10866,34,1,31.46,31.46
28027,10866,43,2,92.42,184.84
28028,10867,49,4,24.55,98.2
28029,10867,14,2,33.85,67.7
28030,10868,48,2,100.74,201.48
28031,10868,49,3,25.97,77.91
28032,10868,1,3,12.95,38.849999999999994
28033,10868,43,3,83.74,251.21999999999997
28034,10868,45,1,72.26,72.26
28035,10869,35,4,14.27,57.08
28036,10869,48,1,91.26,91.26
28037,10869,10,1,17.77,17.77
28038,10870,35,1,14.76,14.76
28039,10870,23,4,101.67,406.68
28040,10871,47,2,45.65,91.3
28041,10871,44,4,78.47,313.88
28042,10871,20,4,14.18,56.72
28043,10872,9,2,59.63,119.26
28044,10872,45,2,72.7,145.4
28045,10872,21,4,93.27,373.08
28046,10872,5,3,37.92,113.76
28047,10872,12,3,67.51,202.53000000000003
28048,10873,29,4,38.12,152.48
28049,10873,9,4,59.54,238.16
28050,10873,23,3,96.47,289.40999999999997
28051,10873,44,2,72.34,144.68
28052,10874,6,2,22.05,44.1
28053,10874,5,2,41.39,82.78
28054,10874,20,2,14.74,29.48
28055,10874,52,4,23.96,95.84
28056,10875,11,4,40.93,163.72
28057,10875,12,2,70.02,140.04
28058,10875,5,1,40.35,40.35
28059,10876,20,1,13.39,13.39
28060,10876,17,4,138.22,552.88
28061,10876,37,4,55.2,220.8
28062,10877,52,4,22.64,90.56
28063,10877,24,1,20.74,20.74
28064,10877,18,3,74.77,224.31
28065,10878,46,1,52.89,52.89
28066,10878,51,4,40.63,162.52
28067,10879,51,2,40.9,81.8
28068,10879,16,4,372.4,1489.6
28069,10880,11,2,42.91,85.82
28070,10880,30,3,101.72,305.15999999999997
28071,10880,43,2,87.39,174.78
28072,10880,40,3,19.79,59.37
28073,10880,4,2,48.51,97.02
28074,10881,55,2,29.02,58.04
28075,10882,6,3,22.12,66.36
28076,10883,38,3,74.43,223.29000000000002
28077,10883,25,4,29.2,116.8
28078,10884,42,4,70.12,280.48
28079,10884,5,2,37.85,75.7
28080,10885,41,2,48.25,96.5
28081,10885,25,1,30.49,30.49
28082,10886,36,2,27.02,54.04
28083,10886,45,2,68.82,137.64
28084,10886,50,1,16.43,16.43
28085,10887,38,4,69.72,278.88
28086,10887,3,1,28.97,28.97
28087,10887,37,2,55.92,111.84
28088,10888,40,1,18.65,18.65
28089,10888,47,3,48.02,144.06
28090,10889,24,1,21.4,21.4
28091,10890,43,2,86.58,173.16
28092,10891,51,3,38.93,116.78999999999999
28093,10891,44,3,72.58,217.74
28094,10891,23,1,93.73,93.73
28095,10892,2,1,90.19,90.19
28096,10892,38,3,75.25,225.75
28097,10892,28,2,67.26,134.52
28098,10893,46,3,60.33,180.99
28099,10893,49,1,26.23,26.23
28100,10894,33,1,45.43,45.43
28101,10894,24,4,19.61,78.44
28102,10894,4,2,44.05,88.1
28103,10894,10,1,18.69,18.69
28104,10895,31,3,191.08,573.24
28105,10896,27,2,22.34,44.68
28106,10896,24,3,21.34,64.02
28107,10896,5,3,37.23,111.69
28108,10897,38,3,76.03,228.09
28109,10897,24,2,20.58,41.16
28110,10898,55,1,28.79,28.79
28111,10899,15,4,54.74,218.96
28112,10899,43,2,86.96,173.92
28113,10899,26,2,18.52,37.04
28114,10899,33,3,47.91,143.73
28115,10900,13,2,47.99,95.98
28116,10900,42,3,63.26,189.78
28117,10900,33,3,47.86,143.57999999999998
28118,10901,42,1,62.21,62.21
28119,10901,17,1,148.74,148.74
28120,10902,6,3,22.81,68.42999999999999
28121,10902,2,1,86.14,86.14
28122,10902,22,3,217.25,651.75
28123,10902,34,4,34.66,138.64
28124,10902,1,4,12.94,51.76
28125,10903,13,3,50.88,152.64000000000001
28126,10903,2,2,87.62,175.24
28127,10903,46,2,56.4,112.8
28128,10904,36,2,29.05,58.1
28129,10904,20,2,14.75,29.5
28130,10905,3,2,27.17,54.34
28131,10905,13,2,45.9,91.8
28132,10906,54,3,23.16,69.48
28133,10906,53,1,41.4,41.4
28134,10906,7,4,16.35,65.4
28135,10907,24,1,19.32,19.32
28136,10907,38,1,70.14,70.14
28137,10907,10,3,19.15,57.449999999999996
28138,10908,8,1,120.14,120.14
28139,10908,14,1,37.24,37.24
28140,10908,44,4,74.05,296.2
28141,10908,43,2,90.81,181.62
28142,10908,34,2,33.62,67.24
28143,10909,40,2,17.37,34.74
28144,10910,4,2,45.85,91.7
28145,10910,6,1,22.28,22.28
28146,10910,1,4,12.0,48.0
28147,10911,10,3,19.17,57.510000000000005
28148,10912,47,2,43.13,86.26
28149,10912,44,4,71.0,284.0
28150,10912,20,2,14.61,29.22
28151,10912,12,4,64.4,257.6
28152,10913,14,1,33.81,33.81
28153,10914,11,4,40.32,161.28
28154,10914,51,2,41.44,82.88
28155,10914,50,2,16.32,32.64
28156,10914,43,2,88.13,176.26
28157,10915,7,2,16.16,32.32
28158,10916,40,4,18.09,72.36
28159,10917,13,4,47.34,189.36
28160,10917,37,3,59.76,179.28
28161,10917,28,4,62.28,249.12
28162,10918,24,2,21.75,43.5
28163,10918,17,4,152.44,609.76
28164,10918,10,3,17.75,53.25
28165,10918,31,3,196.43,589.29
28166,10918,18,1,75.3,75.3
28167,10919,24,4,19.01,76.04
28168,10919,50,4,15.73,62.92
28169,10919,10,3,18.49,55.47
28170,10920,52,1,22.69,22.69
28171,10920,21,3,83.27,249.81
28172,10921,17,3,149.3,447.90000000000003
28173,10921,6,4,22.56,90.24
28174,10922,35,4,14.68,58.72
28175,10923,15,4,54.95,219.8
28176,10924,39,3,32.1,96.30000000000001
28177,10924,40,4,18.53,74.12
28178,10924,3,2,30.21,60.42
28179,10925,31,4,197.82,791.28
28180,10926,39,3,33.9,101.69999999999999
28181,10927,31,2,183.81,367.62
28182,10927,32,3,19.61,58.83
28183,10927,51,2,37.49,74.98
28184,10928,20,3,13.62,40.86
28185,10928,5,1,36.49,36.49
28186,10928,55,3,31.82,95.46000000000001
28187,10929,15,1,53.79,53.79
28188,10929,41,1,45.92,45.92
28189,10929,55,3,28.94,86.82000000000001
28190,10930,51,2,37.48,74.96
28191,10930,22,4,235.13,940.52
28192,10931,19,1,18.47,18.47
28193,10932,50,2,15.43,30.86
28194,10932,14,1,33.26,33.26
28195,10932,26,3,19.2,57.599999999999994
28196,10932,29,1,35.25,35.25
28197,10933,3,2,26.75,53.5
28198,10934,26,1,19.35,19.35
28199,10934,52,3,21.57,64.71000000000001
28200,10934,15,1,52.64,52.64
28201,10935,13,1,49.31,49.31
28202,10935,17,3,140.78,422.34000000000003
28203,10935,52,4,23.07,92.28
28204,10936,24,3,21.37,64.11
28205,10936,35,1,14.93,14.93
28206,10937,6,4,23.64,94.56
28207,10938,30,2,103.36,206.72
28208,10938,47,4,43.42,173.68
28209,10938,46,3,55.28,165.84
28210,10938,43,4,92.6,370.4
28211,10938,37,2,57.77,115.54
28212,10939,17,3,152.88,458.64
28213,10939,19,1,18.29,18.29
28214,10940,14,2,34.91,69.82
28215,10940,2,1,90.47,90.47
28216,10941,51,3,40.93,122.78999999999999
28217,10941,43,1,91.35,91.35
28218,10942,49,1,25.65,25.65
28219,10942,43,4,88.39,353.56
28220,10942,27,1,21.48,21.48
28221,10942,46,4,56.55,226.2
28222,10942,18,4,75.03,300.12
28223,10943,54,3,23.98,71.94
28224,10943,30,2,99.47,198.94
28225,10943,1,3,12.48,37.44
28226,10943,3,1,27.58,27.58
28227,10944,36,3,29.21,87.63
28228,10945,48,2,100.08,200.16
28229,10945,1,1,11.6,11.6
28230,10945,43,4,86.19,344.76
28231,10946,24,4,21.58,86.32
28232,10946,34,3,32.68,98.03999999999999
28233,10946,12,1,64.4,64.4
28234,10947,5,4,41.56,166.24
28235,10947,35,3,14.47,43.410000000000004
28236,10947,41,4,46.95,187.8
28237,10947,26,4,19.03,76.12
28238,10948,17,3,141.22,423.65999999999997
28239,10949,46,4,52.67,210.68
28240,10950,48,1,92.04,92.04
28241,10951,28,2,68.1,136.2
28242,10951,30,1,101.86,101.86
28243,10951,40,1,17.71,17.71
28244,10951,10,1,18.22,18.22
28245,10951,42,4,64.2,256.8
28246,10952,50,2,15.51,31.02
28247,10952,27,2,23.12,46.24
28248,10953,18,4,78.84,315.36
28249,10954,39,4,34.2,136.8
28250,10954,41,1,46.25,46.25
28251,10954,30,3,95.76,287.28000000000003
28252,10955,30,4,90.82,363.28
28253,10955,38,1,73.39,73.39
28254,10956,4,4,47.6,190.4
28255,10956,10,1,19.62,19.62
28256,10956,43,4,88.96,355.84
28257,10956,38,2,73.38,146.76
28258,10956,1,3,13.09,39.269999999999996
28259,10957,50,3,15.5,46.5
28260,10957,32,2,19.11,38.22
28261,10957,40,2,18.78,37.56
28262,10958,50,3,15.39,46.17
28263,10958,14,2,37.15,74.3
28264,10958,42,4,62.69,250.76
28265,10959,44,4,72.88,291.52
28266,10959,48,2,95.9,191.8
28267,10960,3,3,29.33,87.99
28268,10960,2,4,83.0,332.0
28269,10961,53,4,40.46,161.84
28270,10962,48,1,98.11,98.11
28271,10962,24,3,20.39,61.17
28272,10962,15,4,52.99,211.96
28273,10962,7,2,15.97,31.94
28274,10962,51,2,40.21,80.42
28275,10963,23,1,97.77,97.77
28276,10963,25,2,27.46,54.92
28277,10964,26,2,19.78,39.56
28278,10964,53,3,43.65,130.95
28279,10964,24,2,21.84,43.68
28280,10964,22,2,218.67,437.34
28281,10965,54,3,23.11,69.33
28282,10965,19,1,17.14,17.14
28283,10966,48,2,91.6,183.2
28284,10966,43,1,85.57,85.57
28285,10966,19,3,18.76,56.28
28286,10967,38,1,74.86,74.86
28287,10968,28,2,64.05,128.1
28288,10968,26,3,18.89,56.67
28289,10968,1,3,11.49,34.47
28290,10968,42,3,67.74,203.21999999999997
28291,10969,16,1,414.71,414.71
28292,10969,34,4,32.14,128.56
28293,10969,45,1,68.54,68.54
28294,10969,28,1,65.48,65.48
28295,10969,47,1,46.53,46.53
28296,10970,27,1,22.86,22.86
28297,10970,12,1,69.53,69.53
28298,10971,29,4,34.67,138.68
28299,10971,53,4,43.98,175.92
28300,10971,49,1,26.44,26.44
28301,10971,43,1,92.05,92.05
28302,10972,24,4,19.91,79.64
28303,10973,23,3,91.05,273.15
28304,10973,8,3,128.05,384.15000000000003
28305,10974,22,3,219.89,659.67
28306,10975,12,2,68.55,137.1
28307,10975,2,4,91.83,367.32
28308,10976,25,2,30.22,60.44
28309,10976,14,3,36.12,108.35999999999999
28310,10977,41,1,48.2,48.2
28311,10977,31,1,185.03,185.03
28312,10977,15,1,49.44,49.44
28313,10978,22,4,232.84,931.36
28314,10978,52,3,23.48,70.44
28315,10979,54,4,23.8,95.2
28316,10979,10,2,18.02,36.04
28317,10980,17,3,146.47,439.40999999999997
28318,10980,19,4,18.07,72.28
28319,10980,14,4,33.3,133.2
28320,10980,16,2,406.09,812.18
28321,10980,13,1,45.76,45.76
28322,10981,10,4,19.18,76.72
28323,10981,22,3,212.95,638.8499999999999
28324,10981,1,3,11.55,34.650000000000006
28325,10982,32,1,19.54,19.54
28326,10982,45,1,68.89,68.89
28327,10982,36,4,27.44,109.76
28328,10982,23,2,96.59,193.18
28329,10982,6,2,22.44,44.88
28330,10983,32,1,17.8,17.8
28331,10983,5,2,36.33,72.66
28332,10983,52,1,21.72,21.72
28333,10983,7,3,15.38,46.14
28334,10984,39,2,35.01,70.02
28335,10985,26,3,19.29,57.87
28336,10986,26,4,18.13,72.52
28337,10986,52,3,21.26,63.78
28338,10986,16,1,406.15,406.15
28339,10986,45,4,71.95,287.8
28340,10986,46,4,53.92,215.68
28341,10987,50,3,16.12,48.36
28342,10988,3,3,28.68,86.03999999999999
28343,10988,39,3,33.79,101.37
28344,10988,15,4,50.32,201.28
28345,10989,48,1,94.53,94.53
28346,10989,25,4,29.4,117.6
28347,10989,44,2,74.6,149.2
28348,10989,5,1,38.63,38.63
28349,10989,9,2,60.11,120.22
28350,10990,31,2,178.38,356.76
28351,10990,27,3,21.64,64.92
28352,10991,48,3,97.05,291.15
28353,10991,14,4,33.76,135.04
28354,10991,3,1,29.24,29.24
28355,10992,54,2,21.33,42.66
28356,10992,47,2,48.77,97.54
28357,10993,44,1,74.43,74.43
28358,10994,55,2,30.15,60.3
28359,10994,39,1,32.84,32.84
28360,10994,5,2,37.17,74.34
28361,10995,54,4,23.98,95.92
28362,10995,5,2,36.24,72.48
28363,10996,15,3,49.72,149.16
28364,10997,41,2,51.42,102.84
28365,10997,32,4,18.48,73.92
28366,10997,3,1,26.73,26.73
28367,10997,20,4,15.31,61.24
28368,10997,42,3,69.77,209.31
28369,10998,55,2,32.42,64.84
28370,10998,31,2,182.74,365.48
28371,10998,27,4,22.0,88.0
28372,10999,37,4,54.53,218.12
28373,10999,34,4,34.18,136.72
28374,11000,8,3,117.13,351.39
28375,11000,55,2,29.08,58.16
28376,11000,47,3,44.21,132.63
28377,11000,17,2,152.27,304.54
28378,11000,21,1,81.24,81.24
28379,11001,30,1,97.46,97.46
28380,11002,24,4,19.91,79.64
28381,11002,44,2,76.14,152.28
28382,11003,13,3,48.5,145.5
28383,11003,40,1,19.28,19.28
28384,11003,22,2,236.59,473.18
28385,11003,9,1,54.15,54.15
28386,11004,53,4,45.62,182.48
28387,11004,6,1,23.88,23.88
28388,11005,3,1,30.36,30.36
28389,11005,8,3,124.5,373.5
28390,11006,11,3,44.28,132.84
28391,11006,51,2,40.94,81.88
28392,11007,5,2,37.15,74.3
28393,11007,35,4,15.42,61.68
28394,11008,36,1,28.02,28.02
28395,11009,27,1,22.83,22.83
28396,11010,10,3,18.5,55.5
28397,11011,52,3,23.81,71.42999999999999
28398,11011,32,4,18.61,74.44
28399,11011,8,3,121.01,363.03000000000003
28400,11012,18,4,78.5,314.0
28401,11013,30,2,96.93,193.86
28402,11013,7,4,14.46,57.84
28403,11013,1,1,12.05,12.05
28404,11013,28,4,59.92,239.68
28405,11013,26,4,19.63,78.52
28406,11014,48,1,92.09,92.09
28407,11014,4,1,46.18,46.18
28408,11014,31,4,195.18,780.72
28409,11014,16,4,371.72,1486.88
28410,11014,21,2,80.95,161.9
28411,11015,50,3,15.9,47.7
28412,11015,9,3,59.48,178.44
28413,11016,10,2,18.57,37.14
28414,11017,28,4,60.61,242.44
28415,11017,36,2,28.12,56.24
28416,11017,48,3,97.65,292.95000000000005
28417,11017,22,2,217.81,435.62
28418,11017,1,1,11.4,11.4
28419,11018,46,2,59.21,118.42
28420,11019,53,3,42.31,126.93
28421,11020,42,2,68.9,137.8
28422,11020,21,2,87.71,175.42
28423,11020,53,1,43.23,43.23
28424,11020,6,3,23.62,70.86
28425,11020,20,1,15.04,15.04
28426,11021,3,1,30.46,30.46
28427,11021,43,2,93.78,187.56
28428,11021,47,1,49.46,49.46
28429,11022,44,2,75.87,151.74
28430,11022,24,2,19.91,39.82
28431,11022,20,1,14.63,14.63
28432,11022,50,1,14.31,14.31
28433,11023,55,2,29.85,59.7
28434,11023,36,2,30.76,61.52
28435,11023,38,2,76.7,153.4
28436,11024,31,3,178.77,536.3100000000001
28437,11025,52,2,22.88,45.76
28438,11025,17,1,155.98,155.98
28439,11025,51,2,40.83,81.66
28440,11025,18,2,76.16,152.32
28441,11026,19,4,17.62,70.48
28442,11026,49,2,24.44,48.88
28443,11026,24,1,20.08,20.08
28444,11027,19,4,18.65,74.6
28445,11028,36,2,29.37,58.74
28446,11028,3,3,27.33,81.99
28447,11029,24,1,21.78,21.78
28448,11029,10,4,17.64,70.56
28449,11029,50,4,16.39,65.56
28450,11030,19,2,18.37,36.74
28451,11030,25,2,26.99,53.98
28452,11031,44,3,78.0,234.0
28453,11031,46,4,52.82,211.28
28454,11032,39,2,31.94,63.88
28455,11033,55,2,31.91,63.82
28456,11034,19,4,19.45,77.8
28457,11035,55,2,31.62,63.24
28458,11035,13,2,46.35,92.7
28459,11035,24,4,19.08,76.32
28460,11035,46,4,54.71,218.84
28461,11036,17,4,151.45,605.8
28462,11037,14,2,36.7,73.4
28463,11038,22,2,217.2,434.4
28464,11038,1,1,11.79,11.79
28465,11038,34,4,33.85,135.4
28466,11038,9,4,54.55,218.2
28467,11038,28,3,60.42,181.26
28468,11039,19,4,19.51,78.04
28469,11039,14,3,38.47,115.41
28470,11040,36,2,29.4,58.8
28471,11041,12,3,65.11,195.32999999999998
28472,11041,45,3,66.09,198.27
28473,11042,34,2,34.17,68.34
28474,11043,43,2,95.18,190.36
28475,11044,33,3,45.62,136.85999999999999
28476,11044,19,4,18.79,75.16
28477,11044,39,2,32.15,64.3
28478,11045,33,3,44.12,132.35999999999999
28479,11045,13,1,49.97,49.97
28480,11045,18,4,74.06,296.24
28481,11045,39,3,31.42,94.26
28482,11045,27,2,24.1,48.2
28483,11046,54,1,21.65,21.65
28484,11046,46,1,55.31,55.31
28485,11047,16,2,372.79,745.58
28486,11047,17,4,140.43,561.72
28487,11047,49,2,24.95,49.9
28488,11047,53,1,41.64,41.64
28489,11047,9,3,55.63,166.89000000000001
28490,11048,7,4,14.95,59.8
28491,11048,46,4,55.01,220.04
28492,11048,40,2,17.13,34.26
28493,11049,45,4,68.59,274.36
28494,11049,27,3,21.4,64.19999999999999
28495,11049,39,4,33.48,133.92
28496,11049,11,2,40.9,81.8
28497,11050,4,1,42.84,42.84
28498,11050,8,2,126.28,252.56
28499,11050,5,2,38.82,77.64
28500,11051,13,3,46.6,139.8
28501,11051,18,1,70.43,70.43
28502,11051,49,4,26.22,104.88
28503,11052,33,3,49.29,147.87
28504,11052,19,2,19.22,38.44
28505,11052,40,3,19.54,58.62
28506,11052,27,2,24.01,48.02
28507,11053,8,2,120.96,241.92
28508,11054,47,4,48.02,192.08
28509,11054,52,2,23.62,47.24
28510,11054,37,4,54.48,217.92
28511,11055,53,3,45.3,135.89999999999998
28512,11055,32,4,18.22,72.88
28513,11055,50,4,14.82,59.28
28514,11056,29,2,35.33,70.66
28515,11056,46,2,55.12,110.24
28516,11056,6,1,23.88,23.88
28517,11057,41,3,49.56,148.68
28518,11058,27,4,22.77,91.08
28519,11058,23,3,90.57,271.71
28520,11058,31,3,182.96,548.88
28521,11059,50,2,14.55,29.1
28522,11059,14,1,35.09,35.09
28523,11059,17,3,153.04,459.12
28524,11060,43,4,88.36,353.44
28525,11060,55,4,31.23,124.92
28526,11060,30,4,103.68,414.72
28527,11061,49,2,26.44,52.88
28528,11061,41,3,52.48,157.44
28529,11061,13,4,48.09,192.36
28530,11062,32,1,17.33,17.33
28531,11062,34,1,30.94,30.94
28532,11063,19,1,17.92,17.92
28533,11063,27,1,22.85,22.85
28534,11063,44,1,71.29,71.29
28535,11063,32,1,19.2,19.2
28536,11064,22,1,213.37,213.37
28537,11065,35,2,14.37,28.74
28538,11065,17,4,147.64,590.56
28539,11065,23,3,93.33,279.99
28540,11065,54,2,22.51,45.02
28541,11065,34,2,33.16,66.32
28542,11066,20,3,15.29,45.87
28543,11066,16,2,417.39,834.78
28544,11066,13,3,49.94,149.82
28545,11066,28,2,63.96,127.92
28546,11066,17,2,149.16,298.32
28547,11067,13,4,47.05,188.2
28548,11067,52,3,22.45,67.35
28549,11068,14,3,37.56,112.68
28550,11068,24,4,21.73,86.92
28551,11068,43,3,86.18,258.54
28552,11069,1,1,12.06,12.06
28553,11070,8,1,116.91,116.91
28554,11070,1,3,12.09,36.269999999999996
28555,11071,1,3,12.75,38.25
28556,11071,22,2,214.24,428.48
28557,11072,6,3,23.02,69.06
28558,11072,19,1,19.77,19.77
28559,11073,50,4,14.76,59.04
28560,11073,48,2,104.21,208.42
28561,11073,39,4,35.17,140.68
28562,11073,36,1,30.29,30.29
28563,11074,9,1,54.38,54.38
28564,11075,35,4,15.29,61.16
28565,11075,25,1,27.87,27.87
28566,11075,47,3,46.37,139.10999999999999
28567,11076,7,3,14.78,44.339999999999996
28568,11076,49,4,24.82,99.28
28569,11076,4,2,48.68,97.36
28570,11077,2,2,82.64,165.28
28571,11077,17,4,150.95,603.8
28572,11078,1,3,11.73,35.19
28573,11078,26,1,17.9,17.9
28574,11078,4,2,43.32,86.64
28575,11079,30,2,95.43,190.86
28576,11079,51,3,36.68,110.03999999999999
28577,11079,49,3,26.74,80.22
28578,11079,6,4,23.33,93.32
28579,11080,44,3,68.64,205.92000000000002
28580,11080,35,2,15.29,30.58
28581,11081,16,2,410.06,820.12
28582,11082,37,4,55.48,221.92
28583,11082,22,1,226.93,226.93
28584,11083,11,4,45.19,180.76
28585,11083,33,2,44.23,88.46
28586,11084,3,4,29.17,116.68
28587,11084,42,2,64.35,128.7
28588,11085,12,2,69.33,138.66
28589,11085,14,3,35.1,105.30000000000001
28590,11086,31,2,180.69,361.38
28591,11086,45,4,68.7,274.8
28592,11087,53,4,43.76,175.04
28593,11087,38,3,74.26,222.78000000000003
28594,11087,34,4,33.42,133.68
28595,11088,31,4,194.09,776.36
28596,11088,54,3,21.67,65.01
28597,11088,52,1,22.78,22.78
28598,11088,4,4,44.04,176.16
28599,11088,40,3,18.6,55.800000000000004
28600,11089,11,1,44.74,44.74
28601,11089,43,3,86.34,259.02
28602,11090,24,3,21.56,64.67999999999999
28603,11090,4,4,48.7,194.8
28604,11090,6,2,23.8,47.6
28605,11090,23,1,93.27,93.27
28606,11090,2,2,83.23,166.46
28607,11091,39,3,34.3,102.89999999999999
28608,11092,19,4,18.61,74.44
28609,11092,17,4,154.87,619.48
28610,11093,22,3,216.44,649.3199999999999
28611,11093,37,1,57.72,57.72
28612,11093,32,4,19.38,77.52
28613,11094,42,4,63.32,253.28
28614,11094,9,3,60.23,180.69
28615,11095,48,3,104.2,312.6
28616,11095,46,2,59.97,119.94
28617,11095,43,1,93.77,93.77
28618,11096,3,2,26.92,53.84
28619,11096,29,4,34.46,137.84
28620,11097,45,4,65.99,263.96
28621,11098,38,2,69.28,138.56
28622,11099,25,3,28.93,86.78999999999999
28623,11100,36,3,30.17,90.51
28624,11100,9,3,52.92,158.76
28625,11100,31,3,180.21,540.63
28626,11100,47,4,44.64,178.56
28627,11101,55,1,28.57,28.57
28628,11101,40,2,18.45,36.9
28629,11101,48,2,102.56,205.12
28630,11101,51,1,40.23,40.23
28631,11101,17,3,143.54,430.62
28632,11102,55,4,30.15,120.6
28633,11102,36,3,30.06,90.17999999999999
28634,11103,18,1,75.82,75.82
28635,11104,50,2,15.01,30.02
28636,11105,18,1,69.26,69.26
28637,11106,18,1,71.16,71.16
28638,11106,49,3,26.4,79.19999999999999
28639,11106,10,1,18.28,18.28
28640,11107,9,2,56.0,112.0
28641,11107,41,1,49.93,49.93
28642,11108,39,4,34.95,139.8
28643,11108,26,1,19.03,19.03
28644,11108,21,2,86.09,172.18
28645,11109,53,1,42.4,42.4
28646,11109,33,4,43.44,173.76
28647,11110,53,4,41.98,167.92
28648,11110,5,2,36.35,72.7
28649,11110,23,2,101.17,202.34
28650,11111,48,2,100.37,200.74
28651,11111,19,1,18.51,18.51
28652,11111,45,4,68.91,275.64
28653,11112,15,4,55.71,222.84
28654,11112,10,3,18.08,54.239999999999995
28655,11113,29,3,35.03,105.09
28656,11113,15,1,53.73,53.73
28657,11114,12,1,64.49,64.49
28658,11114,17,4,144.17,576.68
28659,11115,38,1,69.47,69.47
28660,11115,20,4,14.74,58.96
28661,11116,26,1,17.75,17.75
28662,11116,45,3,69.67,209.01
28663,11116,51,1,36.38,36.38
28664,11117,17,3,146.96,440.88
28665,11117,48,2,95.73,191.46
28666,11118,54,4,21.07,84.28
28667,11118,51,2,36.12,72.24
28668,11118,24,4,20.6,82.4
28669,11119,21,2,86.97,173.94
28670,11119,50,1,14.79,14.79
28671,11120,19,2,19.28,38.56
28672,11120,3,3,29.4,88.19999999999999
28673,11120,47,4,43.73,174.92
28674,11120,10,2,18.57,37.14
28675,11121,19,1,19.16,19.16
28676,11121,46,3,56.88,170.64000000000001
28677,11121,6,1,22.59,22.59
28678,11121,29,2,33.46,66.92
28679,11121,51,1,41.29,41.29
28680,11122,5,4,37.93,151.72
28681,11122,8,4,121.75,487.0
28682,11122,38,3,76.95,230.85000000000002
28683,11123,47,3,47.45,142.35000000000002
28684,11124,45,3,69.33,207.99
28685,11124,31,3,171.97,515.91
28686,11124,13,4,49.56,198.24
28687,11124,5,3,38.03,114.09
28688,11124,40,4,18.19,72.76
28689,11125,32,4,18.7,74.8
28690,11126,21,3,82.63,247.89
28691,11126,43,4,92.63,370.52
28692,11127,42,1,67.63,67.63
28693,11127,55,1,32.52,32.52
28694,11127,29,3,37.62,112.85999999999999
28695,11128,41,1,50.79,50.79
28696,11128,53,3,44.35,133.05
28697,11128,33,1,49.1,49.1
28698,11129,32,4,19.49,77.96
28699,11129,22,2,209.23,418.46
28700,11130,36,1,30.18,30.18
28701,11130,27,1,21.83,21.83
28702,11130,50,4,15.52,62.08
28703,11130,17,4,157.29,629.16
28704,11131,27,4,23.14,92.56
28705,11131,20,3,13.9,41.7
28706,11131,18,3,72.75,218.25
28707,11132,25,1,27.37,27.37
28708,11132,46,1,56.47,56.47
28709,11132,29,1,36.47,36.47
28710,11132,35,4,15.98,63.92
28711,11133,12,1,66.6,66.6
28712,11133,19,1,17.73,17.73
28713,11133,14,2,35.28,70.56
28714,11133,17,4,142.86,571.44
28715,11133,18,2,72.81,145.62
28716,11134,12,2,65.31,130.62
28717,11134,15,2,49.43,98.86
28718,11135,7,3,15.0,45.0
28719,11135,46,1,53.55,53.55
28720,11135,54,3,23.83,71.49
28721,11135,55,4,30.95,123.8
28722,11136,8,2,127.07,254.14
28723,11136,15,3,56.88,170.64000000000001
28724,11136,48,2,93.87,187.74
28725,11137,2,4,85.79,343.16
28726,11137,18,2,74.37,148.74
28727,11137,54,3,23.37,70.11
28728,11137,10,2,19.4,38.8
28729,11137,8,3,122.49,367.46999999999997
28730,11138,34,3,34.68,104.03999999999999
28731,11138,40,2,17.7,35.4
28732,11138,36,2,28.24,56.48
28733,11139,32,4,17.29,69.16
28734,11139,35,1,16.19,16.19
28735,11139,47,2,43.21,86.42
28736,11139,54,1,23.69,23.69
28737,11140,16,1,380.2,380.2
28738,11140,13,2,50.42,100.84
28739,11140,15,1,51.34,51.34
28740,11141,37,1,58.66,58.66
28741,11141,16,3,386.4,1159.1999999999998
28742,11142,47,2,46.21,92.42
28743,11143,50,1,16.26,16.26
28744,11143,31,3,173.16,519.48
28745,11143,40,1,18.33,18.33
28746,11143,41,3,50.74,152.22
28747,11144,51,3,36.28,108.84
28748,11144,7,2,16.12,32.24
28749,11144,49,3,24.72,74.16
28750,11145,45,3,70.29,210.87
28751,11145,14,3,33.48,100.44
28752,11146,44,2,77.3,154.6
28753,11147,28,3,67.95,203.85000000000002
28754,11147,42,2,64.78,129.56
28755,11147,15,2,50.37,100.74
28756,11147,44,2,70.15,140.3
28757,11148,42,3,64.39,193.17000000000002
28758,11149,13,1,51.46,51.46
28759,11149,53,3,42.34,127.02000000000001
28760,11150,20,3,14.31,42.93
28761,11151,25,2,28.04,56.08
28762,11152,25,1,29.36,29.36
28763,11152,9,3,56.25,168.75
28764,11152,5,4,38.04,152.16
28765,11152,43,2,91.72,183.44
28766,11153,12,2,69.97,139.94
28767,11153,52,4,22.16,88.64
28768,11153,1,2,12.91,25.82
28769,11154,55,4,31.24,124.96
28770,11155,46,3,55.9,167.7
28771,11156,9,4,55.44,221.76
28772,11156,30,3,90.67,272.01
28773,11156,28,4,67.3,269.2
28774,11157,28,2,65.14,130.28
28775,11157,36,3,28.05,84.15
28776,11157,26,4,19.56,78.24
28777,11157,29,2,34.92,69.84
28778,11158,27,1,21.37,21.37
28779,11159,40,2,17.65,35.3
28780,11160,28,4,67.16,268.64
28781,11160,42,2,64.59,129.18
28782,11160,30,3,97.79,293.37
28783,11161,32,1,19.04,19.04
28784,11161,28,3,62.74,188.22
28785,11161,53,2,44.46,88.92
28786,11162,7,2,14.38,28.76
28787,11162,16,1,388.19,388.19
28788,11162,31,1,171.53,171.53
28789,11163,50,4,14.56,58.24
28790,11163,45,3,73.11,219.32999999999998
28791,11163,8,1,126.98,126.98
28792,11164,37,2,58.7,117.4
28793,11164,55,1,32.45,32.45
28794,11165,15,3,50.93,152.79
28795,11165,8,1,123.87,123.87
28796,11166,21,1,87.49,87.49
28797,11166,14,1,36.77,36.77
28798,11166,40,2,17.13,34.26
28799,11166,17,2,140.67,281.34
28800,11166,7,4,15.84,63.36
28801,11167,45,3,72.56,217.68
28802,11168,20,2,14.47,28.94
28803,11168,26,4,17.36,69.44
28804,11168,48,1,92.31,92.31
28805,11169,3,4,26.81,107.24
28806,11169,52,2,21.32,42.64
28807,11169,6,3,21.71,65.13
28808,11170,16,4,399.03,1596.12
28809,11170,40,4,17.4,69.6
28810,11170,35,1,14.49,14.49
28811,11171,16,3,374.06,1122.18
28812,11171,6,3,21.88,65.64
28813,11171,54,4,23.62,94.48
28814,11172,13,4,47.71,190.84
28815,11172,39,3,33.26,99.78
28816,11173,10,2,18.2,36.4
28817,11173,30,1,102.22,102.22
28818,11174,9,4,55.58,222.32
28819,11174,29,3,34.27,102.81
28820,11174,42,4,71.41,285.64
28821,11175,50,4,15.06,60.24
28822,11175,21,1,93.11,93.11
28823,11176,47,4,48.91,195.64
28824,11176,30,3,96.12,288.36
28825,11176,51,4,38.44,153.76
28826,11177,26,1,19.51,19.51
28827,11177,38,2,70.53,141.06
28828,11178,49,3,24.88,74.64
28829,11178,38,2,68.65,137.3
28830,11178,45,3,68.12,204.36
28831,11179,43,4,94.78,379.12
28832,11179,46,4,52.7,210.8
28833,11180,39,2,30.62,61.24
28834,11180,50,1,14.76,14.76
28835,11181,2,1,92.49,92.49
28836,11181,50,1,15.71,15.71
28837,11181,42,3,66.33,198.99
28838,11181,25,3,30.34,91.02
28839,11181,24,4,21.09,84.36
28840,11182,44,4,79.17,316.68
28841,11182,16,1,387.75,387.75
28842,11182,41,1,46.96,46.96
28843,11183,3,4,29.61,118.44
28844,11184,11,4,43.73,174.92
28845,11184,31,2,175.81,351.62
28846,11184,41,4,51.15,204.6
28847,11185,46,3,59.34,178.02
28848,11185,44,1,78.21,78.21
28849,11186,28,4,67.08,268.32
28850,11186,26,1,19.7,19.7
28851,11187,55,4,31.84,127.36
28852,11187,9,4,53.71,214.84
28853,11187,29,1,35.61,35.61
28854,11188,3,4,27.38,109.52
28855,11188,9,1,60.24,60.24
28856,11189,28,2,66.17,132.34
28857,11189,36,3,30.8,92.4
28858,11189,4,2,44.27,88.54
28859,11190,39,4,33.35,133.4
28860,11190,53,3,45.75,137.25
28861,11191,4,2,42.89,85.78
28862,11192,20,3,13.84,41.519999999999996
28863,11193,15,1,52.74,52.74
28864,11193,34,3,31.15,93.44999999999999
28865,11194,32,3,19.13,57.39
28866,11194,35,2,15.54,31.08
28867,11194,7,2,14.52,29.04
28868,11195,47,2,44.97,89.94
28869,11196,53,4,42.72,170.88
28870,11196,14,4,36.13,144.52
28871,11196,24,1,20.89,20.89
28872,11197,17,4,143.04,572.16
28873,11197,37,3,59.38,178.14000000000001
28874,11198,32,3,18.39,55.17
28875,11198,6,4,21.84,87.36
28876,11198,5,3,37.69,113.07
28877,11199,29,4,36.14,144.56
28878,11200,20,2,14.4,28.8
28879,11200,9,2,57.44,114.88
28880,11201,16,4,390.34,1561.36
28881,11201,43,3,85.05,255.14999999999998
28882,11202,54,2,22.16,44.32
28883,11203,52,2,22.64,45.28
28884,11203,32,2,18.55,37.1
28885,11203,10,1,17.88,17.88
28886,11203,42,4,70.62,282.48
28887,11204,38,2,70.17,140.34
28888,11204,19,3,19.7,59.099999999999994
28889,11204,30,4,91.48,365.92
28890,11204,48,3,94.64,283.92
28891,11204,21,4,91.37,365.48
28892,11205,24,4,21.98,87.92
28893,11205,43,1,85.83,85.83
28894,11206,16,4,402.16,1608.64
28895,11206,9,1,59.33,59.33
28896,11207,40,4,17.55,70.2
28897,11207,19,4,19.65,78.6
28898,11208,24,2,21.58,43.16
28899,11208,26,1,18.87,18.87
28900,11208,50,3,14.35,43.05
28901,11209,42,1,69.11,69.11
28902,11209,28,2,62.96,125.92
28903,11210,42,3,65.03,195.09
28904,11211,37,3,53.04,159.12
28905,11211,34,1,34.72,34.72
28906,11212,38,2,78.91,157.82
28907,11212,53,1,44.28,44.28
28908,11212,4,3,46.18,138.54
28909,11213,11,3,41.42,124.26
28910,11213,30,1,93.78,93.78
28911,11213,34,2,30.73,61.46
28912,11213,10,2,17.19,34.38
28913,11214,35,3,15.31,45.93
28914,11214,9,4,55.23,220.92
28915,11215,15,1,51.57,51.57
28916,11215,10,2,17.51,35.02
28917,11215,26,4,19.41,77.64
28918,11216,39,2,30.86,61.72
28919,11217,41,2,47.14,94.28
28920,11217,39,3,31.15,93.44999999999999
28921,11217,52,4,22.42,89.68
28922,11217,22,1,220.93,220.93
28923,11218,46,1,54.48,54.48
28924,11218,54,4,21.38,85.52
28925,11218,30,2,100.81,201.62
28926,11218,21,3,84.64,253.92000000000002
28927,11218,49,2,23.98,47.96
28928,11219,10,2,18.6,37.2
28929,11219,22,1,212.27,212.27
28930,11219,15,4,54.77,219.08
28931,11220,33,3,42.76,128.28
28932,11221,5,3,39.31,117.93
28933,11221,45,2,70.21,140.42
28934,11222,2,4,81.39,325.56
28935,11223,1,3,11.41,34.230000000000004
28936,11223,47,3,44.23,132.69
28937,11224,40,1,19.16,19.16
28938,11224,2,1,88.06,88.06
28939,11224,10,4,17.39,69.56
28940,11225,15,3,50.88,152.64000000000001
28941,11225,41,3,48.58,145.74
28942,11226,37,1,58.51,58.51
28943,11226,16,2,379.12,758.24
28944,11226,31,4,173.55,694.2
28945,11227,1,4,12.75,51.0
28946,11227,11,2,44.0,88.0
28947,11228,55,1,32.53,32.53
28948,11229,11,2,44.06,88.12
28949,11230,1,2,12.95,25.9
28950,11230,36,2,30.05,60.1
28951,11230,25,1,29.36,29.36
28952,11230,46,2,59.09,118.18
28953,11231,32,1,19.09,19.09
28954,11232,34,4,32.15,128.6
28955,11232,32,2,18.8,37.6
28956,11233,2,3,86.95,260.85
28957,11233,3,4,26.81,107.24
28958,11233,26,4,17.16,68.64
28959,11233,16,2,395.03,790.06
28960,11234,24,4,21.44,85.76
28961,11235,11,3,40.99,122.97
28962,11235,38,3,71.63,214.89
28963,11235,24,1,21.01,21.01
28964,11236,46,4,57.59,230.36
28965,11236,41,1,45.81,45.81
28966,11237,10,2,18.7,37.4
28967,11237,36,2,27.29,54.58
28968,11237,35,4,15.22,60.88
28969,11238,30,3,95.59,286.77
28970,11238,46,1,58.0,58.0
28971,11238,8,3,117.75,353.25
28972,11238,15,1,53.14,53.14
28973,11239,12,2,65.98,131.96
28974,11240,21,4,93.22,372.88
28975,11240,44,2,74.02,148.04
28976,11240,7,4,14.6,58.4
28977,11241,4,2,46.98,93.96
28978,11241,38,2,72.96,145.92
28979,11242,32,2,18.22,36.44
28980,11242,25,3,28.29,84.87
28981,11243,55,1,29.32,29.32
28982,11243,28,4,64.23,256.92
28983,11243,9,2,58.4,116.8
28984,11244,29,2,36.52,73.04
28985,11244,37,3,58.9,176.7
28986,11245,39,3,32.63,97.89000000000001
28987,11245,13,1,46.92,46.92
28988,11246,43,1,96.09,96.09
28989,11247,2,1,86.63,86.63
28990,11247,52,2,23.39,46.78
28991,11247,44,3,70.42,211.26
28992,11248,26,4,18.42,73.68
28993,11248,19,1,19.63,19.63
28994,11248,20,1,13.31,13.31
28995,11249,51,3,39.9,119.69999999999999
28996,11249,39,3,32.65,97.94999999999999
28997,11250,46,3,58.6,175.8
28998,11251,29,2,34.1,68.2
28999,11251,11,2,41.74,83.48
29000,11251,43,3,92.42,277.26
29001,11252,5,2,40.28,80.56
29002,11252,34,1,34.73,34.73
29003,11252,35,2,15.84,31.68
29004,11252,3,4,30.79,123.16
29005,11253,18,4,69.93,279.72
29006,11253,16,4,399.96,1599.84
29007,11254,22,1,225.48,225.48
29008,11254,48,3,93.71,281.13
29009,11254,19,3,18.23,54.69
29010,11254,14,3,36.36,109.08
29011,11254,47,3,46.72,140.16
29012,11255,13,1,50.83,50.83
29013,11255,20,3,15.07,45.21
29014,11255,36,2,26.88,53.76
29015,11256,46,2,57.41,114.82
29016,11257,19,3,17.41,52.230000000000004
29017,11257,49,3,23.95,71.85
29018,11258,48,3,98.37,295.11
29019,11259,14,1,34.06,34.06
29020,11260,6,1,22.56,22.56
29021,11261,42,4,71.2,284.8
29022,11261,32,1,18.31,18.31
29023,11261,28,4,66.88,267.52
29024,11262,44,4,71.34,285.36
29025,11262,54,4,21.8,87.2
29026,11262,34,3,33.86,101.58
29027,11263,33,1,47.92,47.92
29028,11264,39,2,33.33,66.66
29029,11264,48,1,98.12,98.12
29030,11264,28,4,60.42,241.68
29031,11265,1,4,11.5,46.0
29032,11266,53,3,45.78,137.34
29033,11266,50,4,14.99,59.96
29034,11266,5,4,39.27,157.08
29035,11266,35,3,15.76,47.28
29036,11267,30,1,93.59,93.59
29037,11268,37,1,56.93,56.93
29038,11268,47,3,43.65,130.95
29039,11269,36,1,27.26,27.26
29040,11270,9,4,55.52,222.08
29041,11270,23,1,91.98,91.98
29042,11270,54,1,23.11,23.11
29043,11271,33,2,44.97,89.94
29044,11271,30,3,92.9,278.70000000000005
29045,11271,35,3,16.25,48.75
29046,11271,34,4,32.21,128.84
29047,11272,19,1,17.56,17.56
29048,11273,52,1,21.66,21.66
29049,11273,8,3,128.39,385.16999999999996
29050,11273,28,4,67.25,269.0
29051,11274,42,2,67.31,134.62
29052,11274,36,3,28.54,85.62
29053,11274,39,3,34.66,103.97999999999999
29054,11274,1,3,11.66,34.980000000000004
29055,11274,31,1,176.75,176.75
29056,11275,29,1,36.39,36.39
29057,11276,54,1,22.51,22.51
29058,11276,24,2,21.72,43.44
29059,11277,26,3,18.01,54.03
29060,11277,34,4,34.6,138.4
29061,11277,49,1,27.45,27.45
29062,11278,2,4,91.03,364.12
29063,11279,9,4,53.06,212.24
29064,11279,15,1,55.59,55.59
29065,11280,44,2,70.01,140.02
29066,11281,40,4,19.2,76.8
29067,11281,32,4,18.57,74.28
29068,11281,29,4,33.75,135.0
29069,11281,35,4,15.95,63.8
29070,11282,3,2,30.06,60.12
29071,11282,20,4,13.48,53.92
29072,11283,9,2,57.08,114.16
29073,11283,19,1,19.65,19.65
29074,11283,28,3,59.13,177.39000000000001
29075,11283,4,3,49.4,148.2
29076,11283,55,2,28.77,57.54
29077,11284,29,3,35.62,106.85999999999999
29078,11284,48,4,94.51,378.04
29079,11284,13,1,49.96,49.96
29080,11285,36,1,30.65,30.65
29081,11285,20,3,13.65,40.95
29082,11285,6,4,23.76,95.04
29083,11286,4,3,47.57,142.71
29084,11286,50,3,14.98,44.94
29085,11286,51,3,40.74,122.22
29086,11287,5,3,38.96,116.88
29087,11287,19,3,18.23,54.69
29088,11287,23,1,90.48,90.48
29089,11288,34,1,33.17,33.17
29090,11288,53,1,43.01,43.01
29091,11289,22,3,235.44,706.3199999999999
29092,11289,47,3,48.97,146.91
29093,11289,3,4,26.69,106.76
29094,11290,31,4,176.91,707.64
29095,11290,32,1,19.6,19.6
29096,11290,34,3,31.42,94.26
29097,11290,16,2,403.15,806.3
29098,11291,46,1,58.64,58.64
29099,11291,36,2,26.95,53.9
29100,11291,52,4,22.72,90.88
29101,11292,43,3,92.81,278.43
29102,11292,11,4,40.3,161.2
29103,11293,42,1,68.87,68.87
29104,11293,45,3,67.5,202.5
29105,11294,11,4,40.69,162.76
29106,11295,25,3,26.96,80.88
29107,11295,48,1,92.12,92.12
29108,11295,26,3,18.09,54.269999999999996
29109,11295,51,4,40.39,161.56
29110,11296,35,1,15.55,15.55
29111,11296,30,3,99.04,297.12
29112,11297,26,2,17.92,35.84
29113,11297,20,3,14.01,42.03
29114,11297,27,4,23.97,95.88
29115,11297,14,3,36.74,110.22
29116,11298,23,2,90.29,180.58
29117,11298,40,1,17.25,17.25
29118,11299,17,2,140.49,280.98
29119,11299,8,1,127.64,127.64
29120,11299,33,1,45.18,45.18
29121,11300,53,3,45.71,137.13
29122,11301,39,2,33.81,67.62
29123,11301,8,1,121.98,121.98
29124,11301,16,2,401.78,803.56
29125,11302,28,2,66.86,133.72
29126,11303,42,2,64.46,128.92
29127,11304,17,3,150.82,452.46
29128,11304,25,3,30.21,90.63
29129,11305,1,4,12.43,49.72
29130,11305,24,3,21.9,65.69999999999999
29131,11305,9,2,54.48,108.96
29132,11306,7,1,15.73,15.73
29133,11306,55,3,32.94,98.82
29134,11306,12,4,65.54,262.16
29135,11306,49,2,24.29,48.58
29136,11306,35,4,15.08,60.32
29137,11307,21,2,82.4,164.8
29138,11307,27,4,21.15,84.6
29139,11307,37,2,59.39,118.78
29140,11307,3,1,28.58,28.58
29141,11308,36,4,28.9,115.6
29142,11308,16,2,393.6,787.2
29143,11308,42,4,66.88,267.52
29144,11309,46,4,52.65,210.6
29145,11309,39,3,34.92,104.76
29146,11310,12,1,64.51,64.51
29147,11310,43,1,91.21,91.21
29148,11310,5,4,41.73,166.92
29149,11311,22,3,238.14,714.42
29150,11311,33,1,43.59,43.59
29151,11311,11,2,42.32,84.64
29152,11312,7,1,16.41,16.41
29153,11312,30,3,101.25,303.75
29154,11313,22,1,212.92,212.92
29155,11313,21,4,89.45,357.8
29156,11314,32,3,18.43,55.29
29157,11314,55,1,32.95,32.95
29158,11314,16,3,381.84,1145.52
29159,11315,34,2,31.1,62.2
29160,11315,28,2,61.49,122.98
29161,11315,54,1,24.1,24.1
29162,11315,38,2,79.19,158.38
29163,11316,15,2,53.33,106.66
29164,11316,30,4,93.23,372.92
29165,11316,27,3,23.41,70.23
29166,11316,3,1,27.48,27.48
29167,11316,46,4,54.21,216.84
29168,11317,1,4,11.78,47.12
29169,11318,27,1,22.42,22.42
29170,11319,35,2,14.42,28.84
29171,11319,25,3,29.53,88.59
29172,11320,50,4,14.83,59.32
29173,11320,35,2,14.59,29.18
29174,11320,37,2,58.64,117.28
29175,11320,54,1,20.92,20.92
29176,11321,19,3,17.71,53.13
29177,11321,55,1,32.0,32.0
29178,11321,30,3,90.97,272.90999999999997
29179,11322,17,3,150.47,451.40999999999997
29180,11322,9,3,53.11,159.32999999999998
29181,11322,44,1,78.11,78.11
29182,11322,22,4,210.25,841.0
29183,11323,53,3,40.88,122.64000000000001
29184,11323,9,4,57.07,228.28
29185,11324,2,3,85.32,255.95999999999998
29186,11324,36,4,27.77,111.08
29187,11324,30,1,90.91,90.91
29188,11324,23,3,98.59,295.77
29189,11325,46,4,56.18,224.72
29190,11325,16,4,399.7,1598.8
29191,11325,14,3,35.74,107.22
29192,11325,35,3,14.6,43.8
29193,11326,45,4,67.12,268.48
29194,11326,20,3,13.95,41.849999999999994
29195,11327,39,2,32.72,65.44
29196,11327,14,3,36.02,108.06
29197,11328,13,2,50.0,100.0
29198,11328,17,2,146.62,293.24
29199,11328,46,4,60.28,241.12
29200,11328,32,4,18.58,74.32
29201,11329,14,2,37.39,74.78
29202,11330,6,3,23.8,71.4
29203,11330,20,4,13.75,55.0
29204,11331,1,2,12.22,24.44
29205,11332,52,1,23.42,23.42
29206,11332,4,1,48.66,48.66
29207,11332,38,2,71.12,142.24
29208,11333,14,3,35.58,106.74
29209,11333,18,1,72.89,72.89
29210,11333,15,3,50.66,151.98
29211,11333,3,1,27.75,27.75
29212,11333,50,4,15.96,63.84
29213,11334,50,1,15.19,15.19
29214,11334,42,1,68.01,68.01
29215,11334,49,3,25.56,76.67999999999999
29216,11335,17,1,155.42,155.42
29217,11335,31,3,196.35,589.05
29218,11335,55,1,30.15,30.15
29219,11336,17,3,157.4,472.20000000000005
29220,11336,41,3,52.26,156.78
29221,11337,53,4,43.22,172.88
29222,11337,36,4,28.39,113.56
29223,11338,10,1,18.73,18.73
29224,11338,54,3,21.21,63.63
29225,11338,5,3,39.48,118.44
29226,11338,18,3,75.23,225.69
29227,11338,33,2,44.27,88.54
29228,11339,55,2,30.89,61.78
29229,11340,52,2,21.08,42.16
29230,11340,19,3,18.55,55.650000000000006
29231,11341,5,3,40.5,121.5
29232,11341,31,4,194.79,779.16
29233,11342,48,3,97.15,291.45000000000005
29234,11342,19,3,19.36,58.08
29235,11343,14,4,37.04,148.16
29236,11343,32,2,18.69,37.38
29237,11343,7,4,15.83,63.32
29238,11343,13,2,49.14,98.28
29239,11344,50,1,15.76,15.76
29240,11345,45,2,71.41,142.82
29241,11346,44,3,71.26,213.78000000000003
29242,11346,2,4,86.94,347.76
29243,11347,7,4,14.72,58.88
29244,11347,28,3,65.73,197.19
29245,11348,16,3,375.21,1125.6299999999999
29246,11348,54,2,23.61,47.22
29247,11349,16,3,372.3,1116.9
29248,11350,19,3,19.18,57.54
29249,11350,47,2,45.56,91.12
29250,11351,34,2,30.83,61.66
29251,11351,13,1,51.16,51.16
29252,11351,42,1,61.89,61.89
29253,11351,31,2,185.02,370.04
29254,11352,44,3,77.58,232.74
29255,11352,22,2,229.34,458.68
29256,11352,38,1,74.03,74.03
29257,11353,30,4,103.53,414.12
29258,11353,11,2,40.78,81.56
29259,11353,4,3,47.87,143.60999999999999
29260,11354,23,2,95.52,191.04
29261,11355,6,4,22.67,90.68
29262,11356,21,1,86.69,86.69
29263,11356,51,2,36.45,72.9
29264,11356,23,4,101.43,405.72
29265,11357,30,1,99.23,99.23
29266,11357,35,4,14.43,57.72
29267,11358,21,1,85.58,85.58
29268,11358,15,3,51.85,155.55
29269,11358,12,4,64.72,258.88
29270,11358,11,2,42.83,85.66
29271,11358,28,1,60.21,60.21
29272,11359,24,2,20.32,40.64
29273,11359,23,3,92.62,277.86
29274,11359,22,2,234.29,468.58
29275,11359,10,4,19.01,76.04
29276,11360,31,3,193.28,579.84
29277,11360,19,1,19.05,19.05
29278,11360,34,2,31.91,63.82
29279,11361,19,1,19.27,19.27
29280,11361,41,1,51.35,51.35
29281,11362,12,4,66.08,264.32
29282,11363,47,3,46.69,140.07
29283,11363,2,2,86.89,173.78
29284,11364,14,2,34.09,68.18
29285,11364,33,2,43.65,87.3
29286,11364,35,4,15.28,61.12
29287,11364,42,4,64.89,259.56
29288,11364,23,4,92.3,369.2
29289,11365,3,2,27.58,55.16
29290,11365,32,2,18.59,37.18
29291,11365,48,1,100.01,100.01
29292,11365,50,4,14.42,57.68
29293,11365,15,3,52.4,157.2
29294,11366,7,2,16.42,32.84
29295,11366,25,2,27.75,55.5
29296,11366,17,4,159.08,636.32
29297,11367,10,3,17.53,52.59
29298,11368,45,2,72.68,145.36
29299,11368,12,3,70.15,210.45000000000002
29300,11368,9,3,55.93,167.79
29301,11369,8,4,120.01,480.04
29302,11369,10,4,19.33,77.32
29303,11370,33,2,47.1,94.2
29304,11370,24,2,20.03,40.06
29305,11371,13,4,49.2,196.8
29306,11372,4,2,46.06,92.12
29307,11372,32,2,17.75,35.5
29308,11372,45,3,71.56,214.68
29309,11373,47,4,47.93,191.72
29310,11373,22,3,214.95,644.8499999999999
29311,11374,11,3,42.22,126.66
29312,11374,5,4,40.16,160.64
29313,11375,44,3,75.49,226.46999999999997
29314,11375,18,4,72.84,291.36
29315,11375,52,1,23.79,23.79
29316,11376,44,2,75.64,151.28
29317,11376,53,1,44.58,44.58
29318,11376,49,4,26.92,107.68
29319,11376,41,1,51.61,51.61
29320,11377,55,3,32.49,97.47
29321,11377,37,4,59.75,239.0
29322,11377,26,4,19.74,78.96
29323,11377,35,1,15.68,15.68
29324,11378,34,4,34.96,139.84
29325,11379,14,2,37.58,75.16
29326,11379,4,1,48.41,48.41
29327,11379,37,3,59.53,178.59
29328,11379,12,4,68.41,273.64
29329,11380,7,2,14.87,29.74
29330,11381,18,3,74.8,224.39999999999998
29331,11381,42,4,62.83,251.32
29332,11381,27,3,21.53,64.59
29333,11381,53,1,40.19,40.19
29334,11382,17,4,151.96,607.84
29335,11382,3,2,29.87,59.74
29336,11382,19,1,17.37,17.37
29337,11383,15,1,55.05,55.05
29338,11383,51,1,38.15,38.15
29339,11383,28,4,64.92,259.68
29340,11383,18,4,74.63,298.52
29341,11383,4,3,43.14,129.42000000000002
29342,11384,28,2,65.02,130.04
29343,11385,43,3,89.82,269.46
29344,11385,28,2,62.13,124.26
29345,11386,50,4,15.66,62.64
29346,11386,3,2,27.97,55.94
29347,11386,4,3,44.36,133.07999999999998
29348,11386,51,4,36.22,144.88
29349,11387,51,1,40.55,40.55
29350,11388,12,1,63.45,63.45
29351,11388,7,4,16.44,65.76
29352,11388,25,4,26.93,107.72
29353,11389,48,3,104.3,312.9
29354,11389,42,2,65.89,131.78
29355,11389,28,2,66.68,133.36
29356,11389,31,3,186.18,558.54
29357,11389,7,1,15.83,15.83
29358,11390,40,3,19.39,58.17
29359,11391,30,1,101.44,101.44
29360,11391,36,2,26.64,53.28
29361,11391,12,3,70.29,210.87
29362,11392,48,2,102.95,205.9
29363,11392,13,4,51.46,205.84
29364,11392,30,4,92.44,369.76
29365,11393,31,1,193.79,193.79
29366,11393,43,2,92.64,185.28
29367,11394,16,2,376.83,753.66
29368,11394,10,3,17.46,52.38
29369,11394,38,2,74.23,148.46
29370,11395,35,4,14.73,58.92
29371,11396,55,1,31.65,31.65
29372,11396,5,3,38.92,116.76
29373,11396,24,2,21.43,42.86
29374,11396,32,2,18.36,36.72
29375,11397,48,4,92.96,371.84
29376,11397,22,3,230.28,690.84
29377,11397,6,4,22.74,90.96
29378,11397,1,2,12.65,25.3
29379,11398,26,3,19.08,57.239999999999995
29380,11398,7,2,15.0,30.0
29381,11398,20,4,15.07,60.28
29382,11398,19,3,17.73,53.19
29383,11398,39,3,32.24,96.72
29384,11399,20,3,13.97,41.910000000000004
29385,11399,13,3,51.02,153.06
29386,11399,10,3,17.53,52.59
29387,11399,7,4,16.39,65.56
29388,11400,45,4,69.41,277.64
29389,11400,26,2,18.15,36.3
29390,11401,17,4,137.85,551.4
29391,11401,40,2,18.06,36.12
29392,11402,29,1,37.99,37.99
29393,11402,40,2,18.48,36.96
29394,11402,53,3,41.56,124.68
29395,11403,48,1,94.27,94.27
29396,11404,38,1,75.96,75.96
29397,11404,18,2,69.7,139.4
29398,11404,46,4,55.61,222.44
29399,11405,20,2,14.01,28.02
29400,11405,4,1,46.7,46.7
29401,11405,23,2,95.48,190.96
29402,11406,44,4,70.48,281.92
29403,11407,23,3,91.68,275.04
29404,11407,49,2,27.19,54.38
29405,11407,4,1,49.16,49.16
29406,11407,32,4,18.86,75.44
29407,11408,11,3,40.78,122.34
29408,11409,14,1,37.31,37.31
29409,11409,35,4,15.08,60.32
29410,11409,20,1,14.34,14.34
29411,11409,31,2,190.84,381.68
29412,11410,35,3,15.6,46.8
29413,11410,50,4,14.74,58.96
29414,11410,40,2,19.33,38.66
29415,11410,21,4,86.02,344.08
29416,11410,29,4,33.89,135.56
29417,11411,41,2,47.59,95.18
29418,11411,9,1,58.54,58.54
29419,11411,17,4,141.8,567.2
29420,11412,19,3,18.43,55.29
29421,11413,13,2,51.76,103.52
29422,11413,10,1,17.67,17.67
29423,11413,33,1,46.39,46.39
29424,11414,50,1,14.31,14.31
29425,11415,3,1,29.52,29.52
29426,11415,35,1,14.62,14.62
29427,11415,25,1,30.24,30.24
29428,11415,28,4,63.77,255.08
29429,11416,34,4,32.7,130.8
29430,11416,26,1,19.43,19.43
29431,11416,8,1,125.65,125.65
29432,11417,43,1,89.57,89.57
29433,11417,13,3,46.52,139.56
29434,11417,14,4,36.83,147.32
29435,11417,33,3,48.54,145.62
29436,11418,53,4,41.61,166.44
29437,11419,21,2,93.08,186.16
29438,11419,35,4,14.88,59.52
29439,11420,47,4,44.99,179.96
29440,11420,23,2,91.35,182.7
29441,11420,7,2,16.09,32.18
29442,11420,43,3,84.99,254.96999999999997
29443,11420,20,2,13.86,27.72
29444,11421,1,1,11.62,11.62
29445,11421,14,1,36.52,36.52
29446,11421,49,2,24.33,48.66
29447,11422,38,1,69.96,69.96
29448,11423,5,2,36.5,73.0
29449,11423,8,1,117.1,117.1
29450,11424,9,2,52.38,104.76
29451,11425,4,3,48.14,144.42000000000002
29452,11425,55,2,28.93,57.86
29453,11425,9,2,57.27,114.54
29454,11425,12,2,65.55,131.1
29455,11425,28,2,60.27,120.54
29456,11426,29,2,34.45,68.9
29457,11426,13,3,51.42,154.26
29458,11426,36,1,30.75,30.75
29459,11427,49,4,24.77,99.08
29460,11427,36,1,29.75,29.75
29461,11428,25,4,30.54,122.16
29462,11428,40,1,18.07,18.07
29463,11428,14,4,35.54,142.16
29464,11429,6,3,22.55,67.65
29465,11429,21,1,88.41,88.41
29466,11429,36,3,28.92,86.76
29467,11430,47,2,47.33,94.66
29468,11430,2,4,81.91,327.64
29469,11431,4,2,49.48,98.96
29470,11432,15,3,51.32,153.96
29471,11432,19,2,18.17,36.34
29472,11433,44,2,71.8,143.6
29473,11434,14,1,36.23,36.23
29474,11434,50,1,14.82,14.82
29475,11434,54,3,21.59,64.77
29476,11434,46,2,57.24,114.48
29477,11434,8,1,116.53,116.53
29478,11435,2,1,81.62,81.62
29479,11436,54,4,21.57,86.28
29480,11436,19,4,18.99,75.96
29481,11437,44,2,77.53,155.06
29482,11437,3,3,27.7,83.1
29483,11437,29,3,33.92,101.76
29484,11437,19,4,18.95,75.8
29485,11438,22,4,231.83,927.32
29486,11438,31,3,182.45,547.3499999999999
29487,11438,41,3,49.45,148.35000000000002
29488,11439,14,4,35.29,141.16
29489,11440,1,3,12.64,37.92
29490,11440,21,2,88.04,176.08
29491,11440,52,2,21.09,42.18
29492,11440,2,1,90.77,90.77
29493,11440,23,1,91.97,91.97
29494,11441,4,3,44.64,133.92000000000002
29495,11442,46,4,57.33,229.32
29496,11442,50,4,14.43,57.72
29497,11442,16,4,373.88,1495.52
29498,11443,51,3,38.7,116.10000000000001
29499,11444,7,1,15.41,15.41
29500,11444,50,1,14.56,14.56
29501,11445,11,4,42.4,169.6
29502,11445,21,3,91.66,274.98
29503,11445,48,1,91.43,91.43
29504,11446,3,3,27.69,83.07000000000001
29505,11446,16,4,409.65,1638.6
29506,11447,45,1,73.07,73.07
29507,11447,42,3,66.61,199.82999999999998
29508,11447,48,4,102.71,410.84
29509,11448,20,4,13.95,55.8
29510,11448,15,3,55.88,167.64000000000001
29511,11448,53,4,40.9,163.6
29512,11448,19,1,18.82,18.82
29513,11449,20,4,14.39,57.56
29514,11449,52,3,23.46,70.38
29515,11450,13,3,45.76,137.28
29516,11450,54,3,22.98,68.94
29517,11450,55,2,29.73,59.46
29518,11451,14,3,34.85,104.55000000000001
29519,11451,28,1,62.72,62.72
29520,11452,14,3,35.28,105.84
29521,11452,52,2,24.17,48.34
29522,11452,43,4,92.73,370.92
29523,11453,4,2,49.47,98.94
29524,11453,31,1,182.46,182.46
29525,11454,52,4,21.69,86.76
29526,11454,41,3,51.54,154.62
29527,11454,13,4,47.54,190.16
29528,11455,13,3,48.53,145.59
29529,11455,16,4,365.61,1462.44
29530,11455,48,2,97.61,195.22
29531,11456,12,3,68.53,205.59
29532,11456,15,4,50.67,202.68
29533,11456,46,2,57.99,115.98
29534,11456,32,4,17.87,71.48
29535,11456,26,3,18.61,55.83
29536,11457,36,4,28.33,113.32
29537,11457,48,3,95.7,287.1
29538,11457,24,1,19.87,19.87
29539,11458,35,4,14.47,57.88
29540,11458,31,2,195.02,390.04
29541,11458,19,2,18.05,36.1
29542,11458,22,3,237.43,712.29
29543,11458,23,4,90.57,362.28
29544,11459,24,2,20.57,41.14
29545,11459,26,4,17.7,70.8
29546,11459,22,4,233.16,932.64
29547,11459,44,4,74.16,296.64
29548,11459,9,2,57.89,115.78
29549,11460,5,4,39.67,158.68
29550,11460,19,2,18.18,36.36
29551,11460,54,3,21.89,65.67
29552,11461,27,3,23.9,71.69999999999999
29553,11461,31,2,177.43,354.86
29554,11461,24,3,20.8,62.400000000000006
29555,11462,17,1,141.53,141.53
29556,11462,47,2,43.4,86.8
29557,11463,6,2,22.1,44.2
29558,11463,40,2,18.26,36.52
29559,11463,38,4,71.44,285.76
29560,11464,4,1,48.91,48.91
29561,11465,1,1,12.02,12.02
29562,11465,21,3,87.25,261.75
29563,11465,18,1,73.15,73.15
29564,11465,53,1,45.66,45.66
29565,11465,33,3,45.47,136.41
29566,11466,30,1,95.73,95.73
29567,11466,21,3,83.11,249.32999999999998
29568,11467,28,1,63.56,63.56
29569,11467,6,4,22.73,90.92
29570,11468,31,2,188.82,377.64
29571,11468,20,1,15.31,15.31
29572,11468,27,2,21.56,43.12
29573,11469,49,4,26.86,107.44
29574,11470,10,3,18.21,54.63
29575,11470,37,3,55.35,166.05
29576,11470,12,4,63.68,254.72
29577,11470,14,2,37.33,74.66
29578,11470,38,1,76.87,76.87
29579,11471,18,2,72.42,144.84
29580,11471,42,2,66.26,132.52
29581,11471,6,1,23.63,23.63
29582,11472,49,1,25.08,25.08
29583,11473,27,1,22.24,22.24
29584,11473,12,2,65.02,130.04
29585,11473,52,1,22.89,22.89
29586,11473,28,3,62.29,186.87
29587,11474,45,4,73.14,292.56
29588,11475,20,4,14.77,59.08
29589,11476,25,1,29.87,29.87
29590,11476,55,3,30.09,90.27
29591,11476,2,4,90.96,363.84
29592,11477,22,2,215.52,431.04
29593,11478,14,3,34.42,103.26
29594,11478,23,2,99.76,199.52
29595,11478,19,1,19.44,19.44
29596,11479,3,4,29.09,116.36
29597,11479,23,3,103.83,311.49
29598,11479,37,4,58.17,232.68
29599,11479,51,3,36.45,109.35000000000001
29600,11479,5,2,38.06,76.12
29601,11480,45,2,65.56,131.12
29602,11481,7,2,15.69,31.38
29603,11481,55,3,32.03,96.09
29604,11481,35,4,15.48,61.92
29605,11481,28,4,63.17,252.68
29606,11481,40,2,18.18,36.36
29607,11482,46,1,52.44,52.44
29608,11483,18,4,75.97,303.88
29609,11483,17,1,143.25,143.25
29610,11483,14,3,34.78,104.34
29611,11483,54,2,23.37,46.74
29612,11483,3,4,29.69,118.76
29613,11484,8,3,114.85,344.54999999999995
29614,11484,16,1,385.2,385.2
29615,11485,54,3,23.74,71.22
29616,11485,38,3,75.89,227.67000000000002
29617,11485,22,1,221.76,221.76
29618,11486,17,2,147.35,294.7
29619,11486,28,4,65.98,263.92
29620,11486,14,1,37.62,37.62
29621,11486,2,3,88.89,266.67
29622,11487,52,1,21.86,21.86
29623,11488,54,1,22.07,22.07
29624,11488,31,3,171.95,515.8499999999999
29625,11489,34,3,34.25,102.75
29626,11489,4,4,46.54,186.16
29627,11490,26,4,19.19,76.76
29628,11490,40,2,19.39,38.78
29629,11491,46,3,58.67,176.01
29630,11492,50,2,15.61,31.22
29631,11492,36,1,29.58,29.58
29632,11492,55,3,31.45,94.35
29633,11492,24,2,19.48,38.96
29634,11493,11,2,44.35,88.7
29635,11493,44,1,69.76,69.76
29636,11493,32,3,17.66,52.980000000000004
29637,11494,36,4,29.29,117.16
29638,11494,12,2,71.14,142.28
29639,11494,24,2,21.72,43.44
29640,11494,47,4,46.45,185.8
29641,11495,28,1,61.73,61.73
29642,11495,24,3,20.68,62.04
29643,11495,42,2,69.04,138.08
29644,11495,17,3,151.21,453.63
29645,11496,51,3,38.85,116.55000000000001
29646,11496,42,1,65.36,65.36
29647,11497,29,2,36.84,73.68
29648,11497,41,1,52.69,52.69
29649,11497,4,4,45.61,182.44
29650,11497,38,2,79.05,158.1
29651,11498,27,2,21.76,43.52
29652,11498,18,2,74.05,148.1
29653,11499,32,2,18.88,37.76
29654,11499,35,2,15.91,31.82
29655,11499,38,1,72.36,72.36
29656,11500,18,1,75.26,75.26
29657,11500,8,2,125.02,250.04
29658,11501,48,4,97.94,391.76
29659,11502,30,3,95.12,285.36
29660,11503,34,4,31.36,125.44
29661,11503,53,1,45.66,45.66
29662,11504,36,3,29.0,87.0
29663,11505,32,3,19.46,58.38
29664,11505,54,4,23.99,95.96
29665,11505,43,2,95.68,191.36
29666,11506,19,2,19.62,39.24
29667,11507,27,1,20.91,20.91
29668,11508,31,2,192.87,385.74
29669,11508,10,3,19.78,59.34
29670,11508,50,2,15.52,31.04
29671,11509,31,3,184.03,552.09
29672,11509,30,1,103.93,103.93
29673,11509,43,4,88.5,354.0
29674,11509,8,1,118.55,118.55
29675,11510,36,3,30.22,90.66
29676,11510,39,4,34.02,136.08
29677,11510,20,1,15.28,15.28
29678,11511,21,2,90.82,181.64
29679,11511,24,3,19.97,59.91
29680,11511,19,1,17.15,17.15
29681,11511,6,1,23.54,23.54
29682,11512,33,3,47.79,143.37
29683,11512,49,3,26.94,80.82000000000001
29684,11512,34,3,33.39,100.17
29685,11513,33,2,45.93,91.86
29686,11514,26,4,19.44,77.76
29687,11514,12,4,68.49,273.96
29688,11515,29,3,38.32,114.96000000000001
29689,11516,17,2,148.16,296.32
29690,11516,28,4,67.92,271.68
29691,11516,55,1,32.53,32.53
29692,11517,33,4,44.81,179.24
29693,11517,20,1,14.89,14.89
29694,11518,46,1,57.51,57.51
29695,11518,44,4,72.39,289.56
29696,11518,13,4,49.59,198.36
29697,11519,28,1,64.31,64.31
29698,11519,34,2,34.91,69.82
29699,11519,8,2,129.71,259.42
29700,11520,23,4,94.8,379.2
29701,11520,25,3,28.3,84.9
29702,11520,53,3,45.03,135.09
29703,11520,11,3,42.91,128.73
29704,11520,54,4,22.03,88.12
29705,11521,55,4,32.4,129.6
29706,11521,35,4,15.55,62.2
29707,11521,32,4,17.24,68.96
29708,11522,51,4,41.01,164.04
29709,11523,9,3,53.87,161.60999999999999
29710,11523,50,1,16.04,16.04
29711,11523,44,2,78.64,157.28
29712,11524,51,4,36.3,145.2
29713,11524,36,1,30.79,30.79
29714,11524,8,3,126.58,379.74
29715,11524,50,1,14.45,14.45
29716,11524,47,3,46.33,138.99
29717,11525,42,1,62.94,62.94
29718,11526,18,2,75.63,151.26
29719,11527,29,4,37.37,149.48
29720,11527,22,2,216.16,432.32
29721,11528,46,3,53.15,159.45
29722,11529,43,2,92.52,185.04
29723,11529,19,2,19.14,38.28
29724,11529,48,4,93.07,372.28
29725,11530,23,3,92.84,278.52
29726,11530,7,2,15.44,30.88
29727,11530,17,4,154.96,619.84
29728,11531,2,2,92.3,184.6
29729,11532,33,2,43.21,86.42
29730,11532,14,2,34.67,69.34
29731,11532,17,2,138.9,277.8
29732,11532,20,3,15.34,46.019999999999996
29733,11533,43,4,90.92,363.68
29734,11533,19,2,19.33,38.66
29735,11533,35,1,15.67,15.67
29736,11534,24,2,21.38,42.76
29737,11534,15,4,53.43,213.72
29738,11534,14,1,35.18,35.18
29739,11534,40,4,17.37,69.48
29740,11534,43,1,91.01,91.01
29741,11535,11,1,40.89,40.89
29742,11535,24,4,20.01,80.04
29743,11535,37,2,54.04,108.08
29744,11535,31,2,173.34,346.68
29745,11536,40,4,19.16,76.64
29746,11536,39,1,33.7,33.7
29747,11536,29,2,37.76,75.52
29748,11537,52,1,22.14,22.14
29749,11537,18,2,73.44,146.88
29750,11537,51,2,37.17,74.34
29751,11538,44,2,78.08,156.16
29752,11539,37,3,54.5,163.5
29753,11539,20,1,13.83,13.83
29754,11539,48,4,99.68,398.72
29755,11539,35,4,14.9,59.6
29756,11540,7,1,16.13,16.13
29757,11540,12,3,68.08,204.24
29758,11540,18,4,72.21,288.84
29759,11541,1,4,12.7,50.8
29760,11541,19,4,18.87,75.48
29761,11541,47,2,47.74,95.48
29762,11541,45,1,71.92,71.92
29763,11541,21,4,90.69,362.76
29764,11542,22,3,220.8,662.4000000000001
29765,11542,49,2,26.28,52.56
29766,11543,39,4,31.18,124.72
29767,11543,45,1,68.18,68.18
29768,11543,8,2,128.08,256.16
29769,11543,54,3,23.27,69.81
29770,11543,28,4,59.31,237.24
29771,11544,21,3,89.95,269.85
29772,11544,48,4,95.05,380.2
29773,11544,53,1,44.34,44.34
29774,11545,27,3,22.95,68.85
29775,11545,10,4,17.53,70.12
29776,11545,54,2,23.88,47.76
29777,11545,50,2,15.16,30.32
29778,11545,15,3,55.77,167.31
29779,11546,48,3,103.59,310.77
29780,11547,52,4,23.4,93.6
29781,11547,13,4,48.37,193.48
29782,11547,42,4,70.91,283.64
29783,11548,51,1,38.01,38.01
29784,11548,47,3,46.74,140.22
29785,11548,25,2,30.77,61.54
29786,11549,16,1,395.63,395.63
29787,11549,25,3,29.37,88.11
29788,11549,5,2,40.51,81.02
29789,11549,13,4,48.41,193.64
29790,11550,51,2,37.29,74.58
29791,11550,9,4,54.17,216.68
29792,11550,32,3,19.36,58.08
29793,11550,33,4,44.45,177.8
29794,11550,47,1,48.14,48.14
29795,11551,16,4,403.03,1612.12
29796,11552,16,1,374.71,374.71
29797,11552,5,4,41.14,164.56
29798,11552,17,2,146.59,293.18
29799,11553,3,2,28.09,56.18
29800,11554,37,1,52.27,52.27
29801,11555,50,4,15.41,61.64
29802,11556,18,4,75.59,302.36
29803,11557,25,4,28.79,115.16
29804,11557,48,1,92.26,92.26
29805,11557,35,3,14.41,43.230000000000004
29806,11558,21,1,90.74,90.74
29807,11558,34,3,34.78,104.34
29808,11558,52,1,23.55,23.55
29809,11558,24,1,19.2,19.2
29810,11559,52,4,23.26,93.04
29811,11559,9,1,57.47,57.47
29812,11559,36,1,30.67,30.67
29813,11560,52,1,22.96,22.96
29814,11560,6,3,23.59,70.77
29815,11560,35,1,15.74,15.74
29816,11561,54,2,21.13,42.26
29817,11561,17,4,144.87,579.48
29818,11562,24,3,19.18,57.54
29819,11562,23,3,101.1,303.29999999999995
29820,11563,17,3,157.81,473.43
29821,11563,36,3,27.5,82.5
29822,11563,7,1,14.7,14.7
29823,11563,45,1,67.14,67.14
29824,11563,31,1,179.66,179.66
29825,11564,29,3,37.05,111.14999999999999
29826,11564,54,1,22.35,22.35
29827,11564,42,2,71.13,142.26
29828,11565,11,4,43.61,174.44
29829,11565,4,2,47.97,95.94
29830,11566,20,2,14.89,29.78
29831,11566,21,2,88.67,177.34
29832,11567,29,3,33.54,100.62
29833,11567,27,1,21.54,21.54
29834,11567,3,3,29.38,88.14
29835,11568,47,3,47.24,141.72
29836,11568,26,4,17.71,70.84
29837,11568,19,4,18.49,73.96
29838,11568,2,4,82.74,330.96
29839,11569,32,1,17.98,17.98
29840,11569,30,4,103.51,414.04
29841,11569,25,3,27.84,83.52
29842,11570,13,4,50.22,200.88
29843,11570,6,4,21.69,86.76
29844,11570,49,3,26.71,80.13
29845,11571,9,4,52.89,211.56
29846,11571,34,3,32.86,98.58
29847,11571,6,1,21.35,21.35
29848,11571,53,1,42.39,42.39
29849,11572,2,1,87.77,87.77
29850,11572,22,1,225.96,225.96
29851,11572,36,3,27.36,82.08
29852,11572,28,3,61.3,183.89999999999998
29853,11572,48,2,95.87,191.74
29854,11573,22,3,217.35,652.05
29855,11573,19,4,18.23,72.92
29856,11573,53,2,41.29,82.58
29857,11574,39,1,34.91,34.91
29858,11575,47,4,43.13,172.52
29859,11575,31,1,179.92,179.92
29860,11575,46,1,56.81,56.81
29861,11576,46,3,55.09,165.27
29862,11577,6,4,22.78,91.12
29863,11577,38,1,71.96,71.96
29864,11577,5,4,38.71,154.84
29865,11578,5,3,36.45,109.35000000000001
29866,11578,8,2,116.66,233.32
29867,11578,36,4,26.96,107.84
29868,11579,3,3,27.27,81.81
29869,11580,6,3,22.86,68.58
29870,11580,45,3,71.27,213.81
29871,11580,36,2,28.64,57.28
29872,11580,31,1,195.52,195.52
29873,11581,45,4,72.81,291.24
29874,11581,26,4,18.73,74.92
29875,11582,8,2,118.11,236.22
29876,11582,4,1,49.28,49.28
29877,11583,41,1,48.32,48.32
29878,11583,17,3,158.23,474.68999999999994
29879,11583,43,3,90.36,271.08
29880,11584,41,4,45.8,183.2
29881,11584,31,4,182.99,731.96
29882,11584,24,2,20.31,40.62
29883,11585,17,2,140.3,280.6
29884,11586,20,2,15.38,30.76
29885,11587,37,3,58.51,175.53
29886,11587,6,4,22.15,88.6
29887,11588,41,3,48.51,145.53
29888,11588,37,4,55.93,223.72
29889,11589,40,3,18.75,56.25
29890,11590,11,4,45.78,183.12
29891,11590,22,3,230.13,690.39
29892,11590,18,3,76.95,230.85000000000002
29893,11591,9,3,53.37,160.10999999999999
29894,11591,24,2,19.29,38.58
29895,11592,14,1,35.96,35.96
29896,11592,42,2,69.93,139.86
29897,11592,28,4,60.74,242.96
29898,11593,40,2,18.73,37.46
29899,11593,31,1,180.11,180.11
29900,11593,7,1,15.93,15.93
29901,11593,6,1,23.28,23.28
29902,11594,9,1,57.65,57.65
29903,11594,36,4,29.41,117.64
29904,11595,6,3,21.68,65.03999999999999
29905,11595,11,3,40.36,121.08
29906,11596,25,1,26.94,26.94
29907,11596,17,3,149.03,447.09000000000003
29908,11597,54,1,22.88,22.88
29909,11598,30,2,92.74,185.48
29910,11598,14,3,37.49,112.47
29911,11598,18,2,74.12,148.24
29912,11598,20,3,15.36,46.08
29913,11599,44,2,71.09,142.18
29914,11600,28,2,60.86,121.72
29915,11600,5,1,37.63,37.63
29916,11601,8,4,120.09,480.36
29917,11602,29,1,35.47,35.47
29918,11603,11,3,44.39,133.17000000000002
29919,11603,52,3,24.07,72.21000000000001
29920,11603,41,3,46.11,138.32999999999998
29921,11604,17,4,157.12,628.48
29922,11604,24,1,21.27,21.27
29923,11604,18,2,78.07,156.14
29924,11604,23,1,104.22,104.22
29925,11605,22,3,240.4,721.2
29926,11605,33,3,43.47,130.41
29927,11606,36,4,29.29,117.16
29928,11606,48,1,100.75,100.75
29929,11606,55,4,31.02,124.08
29930,11607,50,2,15.74,31.48
29931,11607,3,4,26.62,106.48
29932,11608,29,1,37.76,37.76
29933,11609,52,4,21.82,87.28
29934,11609,54,3,22.16,66.48
29935,11609,11,4,46.02,184.08
29936,11610,8,3,116.9,350.70000000000005
29937,11610,7,2,16.42,32.84
29938,11611,17,3,145.04,435.12
29939,11611,35,2,16.12,32.24
29940,11612,35,4,14.39,57.56
29941,11612,47,1,44.98,44.98
29942,11613,28,1,64.93,64.93
29943,11614,44,4,76.04,304.16
29944,11614,9,4,55.82,223.28
29945,11615,8,3,117.29,351.87
29946,11615,29,2,33.75,67.5
29947,11616,24,1,20.14,20.14
29948,11617,41,2,47.43,94.86
29949,11617,12,2,68.03,136.06
29950,11617,46,1,54.69,54.69
29951,11617,20,4,14.05,56.2
29952,11617,1,1,12.26,12.26
29953,11618,12,2,68.21,136.42
29954,11618,23,4,103.41,413.64
29955,11618,30,1,103.36,103.36
29956,11619,29,2,34.7,69.4
29957,11619,16,1,411.56,411.56
29958,11619,53,4,41.49,165.96
29959,11619,40,4,18.48,73.92
29960,11619,4,3,46.0,138.0
29961,11620,51,4,40.61,162.44
29962,11621,53,3,43.57,130.71
29963,11622,18,3,71.78,215.34
29964,11622,10,3,19.03,57.09
29965,11622,48,3,103.59,310.77
29966,11623,18,2,71.63,143.26
29967,11623,23,4,92.12,368.48
29968,11623,7,1,14.44,14.44
29969,11624,28,1,61.38,61.38
29970,11625,34,4,33.45,133.8
29971,11626,17,2,141.96,283.92
29972,11626,41,4,46.87,187.48
29973,11627,20,1,14.26,14.26
29974,11627,9,1,53.86,53.86
29975,11627,2,1,84.64,84.64
29976,11627,15,2,51.85,103.7
29977,11628,22,2,224.25,448.5
29978,11629,28,3,59.68,179.04
29979,11629,37,4,56.04,224.16
29980,11629,6,2,21.47,42.94
29981,11630,38,2,69.79,139.58
29982,11630,31,1,182.2,182.2
29983,11630,3,4,26.67,106.68
29984,11631,35,4,15.92,63.68
29985,11631,8,3,130.43,391.29
29986,11632,55,1,28.52,28.52
29987,11632,18,1,77.51,77.51
29988,11632,28,3,65.47,196.41
29989,11632,21,1,91.35,91.35
29990,11632,26,3,17.44,52.32000000000001
29991,11633,10,3,19.39,58.17
29992,11633,21,1,89.95,89.95
29993,11633,29,4,34.99,139.96
29994,11633,46,1,52.57,52.57
29995,11634,53,1,40.96,40.96
29996,11634,8,1,115.23,115.23
29997,11635,48,4,97.82,391.28
29998,11635,20,4,15.29,61.16
29999,11636,40,4,17.87,71.48
30000,11636,12,1,62.88,62.88
30001,11637,6,3,22.69,68.07000000000001
30002,11637,1,2,13.01,26.02
30003,11637,39,1,30.93,30.93
30004,11638,54,1,21.77,21.77
30005,11639,3,4,28.2,112.8
30006,11639,1,2,12.45,24.9
30007,11639,8,3,123.81,371.43
30008,11639,22,3,218.72,656.16
30009,11640,52,1,23.18,23.18
30010,11640,25,4,27.3,109.2
30011,11640,26,4,19.66,78.64
30012,11640,7,1,15.31,15.31
30013,11640,55,3,31.17,93.51
30014,11641,1,2,12.91,25.82
30015,11641,37,4,55.62,222.48
30016,11641,11,4,40.37,161.48
30017,11642,52,3,21.93,65.78999999999999
30018,11642,53,1,46.03,46.03
30019,11643,10,1,18.52,18.52
30020,11643,35,3,15.27,45.81
30021,11643,9,2,52.34,104.68
30022,11644,28,4,62.11,248.44
30023,11644,6,1,22.73,22.73
30024,11644,45,1,68.16,68.16
30025,11645,10,1,18.75,18.75
30026,11645,26,4,19.61,78.44
30027,11645,32,2,17.48,34.96
30028,11645,4,2,45.87,91.74
30029,11645,38,1,69.2,69.2
30030,11646,49,4,24.45,97.8
30031,11646,45,3,66.22,198.66
30032,11646,40,4,18.04,72.16
30033,11646,32,2,18.17,36.34
30034,11646,42,3,65.77,197.31
30035,11647,28,4,60.17,240.68
30036,11647,18,3,72.07,216.20999999999998
30037,11647,2,3,92.03,276.09000000000003
30038,11647,6,2,21.28,42.56
30039,11647,33,4,44.63,178.52
30040,11648,30,3,100.82,302.46
30041,11648,19,4,18.08,72.32
30042,11648,48,4,98.96,395.84
30043,11649,32,3,19.09,57.269999999999996
30044,11650,31,4,171.1,684.4
30045,11650,33,3,47.3,141.89999999999998
30046,11651,12,1,69.35,69.35
30047,11652,46,2,54.16,108.32
30048,11653,55,4,29.44,117.76
30049,11653,19,4,18.88,75.52
30050,11654,35,4,15.28,61.12
30051,11654,45,3,66.76,200.28000000000003
30052,11655,33,3,48.78,146.34
30053,11655,26,3,18.36,55.08
30054,11656,9,2,56.3,112.6
30055,11656,49,4,24.78,99.12
30056,11656,32,1,19.15,19.15
30057,11656,31,3,183.65,550.95
30058,11657,12,4,68.89,275.56
30059,11657,19,2,19.73,39.46
30060,11657,41,1,48.56,48.56
30061,11657,42,4,64.17,256.68
30062,11658,46,2,60.17,120.34
30063,11658,30,3,103.05,309.15
30064,11658,18,2,75.82,151.64
30065,11659,13,4,47.15,188.6
30066,11660,14,3,33.98,101.94
30067,11661,52,3,22.01,66.03
30068,11662,19,3,17.3,51.900000000000006
30069,11663,18,4,79.14,316.56
30070,11664,51,2,40.33,80.66
30071,11665,34,3,31.71,95.13
30072,11665,48,4,94.66,378.64
30073,11665,30,3,96.08,288.24
30074,11665,11,1,42.1,42.1
30075,11666,45,1,70.05,70.05
30076,11666,3,3,30.49,91.47
30077,11666,1,1,12.96,12.96
30078,11667,37,2,57.35,114.7
30079,11667,22,3,228.65,685.95
30080,11668,20,4,14.21,56.84
30081,11668,49,1,26.06,26.06
30082,11669,51,1,38.57,38.57
30083,11669,39,1,33.27,33.27
30084,11669,19,3,17.66,52.980000000000004
30085,11669,44,2,78.59,157.18
30086,11670,41,2,46.48,92.96
30087,11670,9,2,55.93,111.86
30088,11670,1,2,12.2,24.4
30089,11671,51,1,36.36,36.36
30090,11671,25,2,30.77,61.54
30091,11671,42,1,62.35,62.35
30092,11671,29,1,35.74,35.74
30093,11672,34,2,32.46,64.92
30094,11672,22,2,233.05,466.1
30095,11672,24,1,21.87,21.87
30096,11672,38,2,74.56,149.12
30097,11672,26,4,19.57,78.28
30098,11673,33,4,48.57,194.28
30099,11673,41,3,51.5,154.5
30100,11673,37,4,58.0,232.0
30101,11674,41,4,45.72,182.88
30102,11674,38,2,75.3,150.6
30103,11675,31,4,171.36,685.44
30104,11675,32,2,19.68,39.36
30105,11676,23,1,90.26,90.26
30106,11676,52,4,23.76,95.04
30107,11676,14,4,34.51,138.04
30108,11676,2,3,87.07,261.21
30109,11677,12,1,64.19,64.19
30110,11677,17,2,151.38,302.76
30111,11677,29,1,34.12,34.12
30112,11678,42,1,68.05,68.05
30113,11678,32,2,18.99,37.98
30114,11678,34,2,31.91,63.82
30115,11678,10,2,18.46,36.92
30116,11679,6,1,21.48,21.48
30117,11679,33,3,45.62,136.85999999999999
30118,11679,20,2,15.3,30.6
30119,11679,3,1,30.11,30.11
30120,11679,9,1,57.91,57.91
30121,11680,2,4,83.76,335.04
30122,11680,10,3,19.69,59.07000000000001
30123,11680,54,4,21.52,86.08
30124,11680,6,2,21.23,42.46
30125,11680,5,4,38.19,152.76
30126,11681,49,2,27.11,54.22
30127,11681,20,3,13.74,41.22
30128,11681,52,3,23.03,69.09
30129,11682,3,3,27.89,83.67
30130,11682,55,3,31.24,93.72
30131,11683,4,1,45.51,45.51
30132,11683,2,1,88.97,88.97
30133,11684,48,1,93.4,93.4
30134,11684,16,2,368.74,737.48
30135,11684,29,3,36.64,109.92
30136,11684,14,3,35.63,106.89000000000001
30137,11685,22,3,222.01,666.03
30138,11685,7,4,14.99,59.96
30139,11686,32,4,19.79,79.16
30140,11686,10,2,19.68,39.36
30141,11686,39,2,34.91,69.82
30142,11686,2,1,81.45,81.45
30143,11686,22,1,210.51,210.51
30144,11687,55,2,32.23,64.46
30145,11688,32,4,19.24,76.96
30146,11689,28,1,63.33,63.33
30147,11689,34,1,32.22,32.22
30148,11690,39,4,32.3,129.2
30149,11691,19,3,17.74,53.22
30150,11691,25,3,28.61,85.83
30151,11692,43,3,89.08,267.24
30152,11692,23,2,92.91,185.82
30153,11692,45,3,70.44,211.32
30154,11692,54,2,21.36,42.72
30155,11692,9,2,59.04,118.08
30156,11693,20,2,14.29,28.58
30157,11693,2,2,91.75,183.5
30158,11693,41,2,48.86,97.72
30159,11694,17,3,157.86,473.58000000000004
30160,11694,40,2,19.46,38.92
30161,11694,14,1,33.96,33.96
30162,11695,45,2,72.4,144.8
30163,11696,34,4,33.15,132.6
30164,11696,26,4,17.23,68.92
30165,11697,40,1,17.51,17.51
30166,11697,31,3,175.55,526.6500000000001
30167,11698,8,2,126.48,252.96
30168,11699,55,2,30.6,61.2
30169,11699,44,1,77.09,77.09
30170,11699,17,3,159.2,477.59999999999997
30171,11700,15,1,56.77,56.77
30172,11700,44,1,75.62,75.62
30173,11701,20,3,13.5,40.5
30174,11702,52,2,22.09,44.18
30175,11702,11,1,43.78,43.78
30176,11703,38,4,77.82,311.28
30177,11703,48,1,104.23,104.23
30178,11703,28,4,67.3,269.2
30179,11704,23,3,103.4,310.20000000000005
30180,11705,7,3,15.91,47.730000000000004
30181,11705,49,1,25.12,25.12
30182,11705,11,4,43.35,173.4
30183,11705,4,3,46.64,139.92000000000002
30184,11705,39,1,31.3,31.3
30185,11706,44,3,72.31,216.93
30186,11707,36,4,28.98,115.92
30187,11707,54,3,23.58,70.74
30188,11707,8,4,121.6,486.4
30189,11708,19,4,18.57,74.28
30190,11708,38,1,74.16,74.16
30191,11709,31,3,189.49,568.47
30192,11709,49,1,26.3,26.3
30193,11709,24,4,19.15,76.6
30194,11710,53,3,41.1,123.30000000000001
30195,11710,17,4,138.65,554.6
30196,11710,13,2,48.06,96.12
30197,11710,39,1,33.53,33.53
30198,11711,28,3,63.9,191.7
30199,11711,3,3,30.16,90.48
30200,11712,15,4,54.25,217.0
30201,11712,40,1,18.5,18.5
30202,11713,47,2,47.24,94.48
30203,11713,1,3,12.88,38.64
30204,11713,20,2,13.58,27.16
30205,11714,35,4,14.81,59.24
30206,11715,35,1,14.72,14.72
30207,11716,21,2,88.64,177.28
30208,11716,20,2,13.81,27.62
30209,11716,13,1,52.28,52.28
30210,11716,36,4,29.84,119.36
30211,11717,47,3,43.24,129.72
30212,11718,51,4,40.09,160.36
30213,11718,49,1,26.71,26.71
30214,11718,15,2,57.2,114.4
30215,11718,30,2,97.15,194.3
30216,11718,14,3,35.22,105.66
30217,11719,32,3,17.55,52.650000000000006
30218,11720,18,3,74.46,223.38
30219,11720,7,4,16.01,64.04
30220,11720,20,1,13.54,13.54
30221,11720,41,1,48.15,48.15
30222,11720,42,2,66.66,133.32
30223,11721,18,2,70.79,141.58
30224,11721,55,1,30.47,30.47
30225,11722,2,4,84.05,336.2
30226,11722,18,1,77.46,77.46
30227,11722,36,2,29.31,58.62
30228,11722,55,1,28.58,28.58
30229,11723,38,2,70.54,141.08
30230,11723,30,2,94.98,189.96
30231,11724,28,4,60.36,241.44
30232,11725,17,3,150.37,451.11
30233,11725,28,3,59.63,178.89000000000001
30234,11725,43,3,94.68,284.04
30235,11726,35,1,14.67,14.67
30236,11726,12,1,71.41,71.41
30237,11726,36,3,30.78,92.34
30238,11726,47,1,45.39,45.39
30239,11727,52,2,21.29,42.58
30240,11727,21,2,85.34,170.68
30241,11727,10,2,17.33,34.66
30242,11728,55,1,32.39,32.39
30243,11728,42,4,62.75,251.0
30244,11728,24,1,20.53,20.53
30245,11729,3,4,27.86,111.44
30246,11729,48,4,97.72,390.88
30247,11729,36,3,29.65,88.94999999999999
30248,11730,22,1,231.16,231.16
30249,11730,53,2,42.41,84.82
30250,11731,47,2,47.81,95.62
30251,11731,51,1,36.8,36.8
30252,11732,5,3,39.42,118.26
30253,11733,49,4,27.23,108.92
30254,11733,27,2,23.37,46.74
30255,11733,40,1,18.19,18.19
30256,11733,26,2,19.62,39.24
30257,11734,34,2,34.08,68.16
30258,11735,10,4,17.89,71.56
30259,11735,53,1,43.18,43.18
30260,11735,48,3,92.59,277.77
30261,11736,32,4,19.55,78.2
30262,11736,53,3,45.19,135.57
30263,11736,3,4,28.47,113.88
30264,11736,35,3,14.68,44.04
30265,11737,2,4,81.4,325.6
30266,11737,34,1,33.95,33.95
30267,11737,38,2,72.24,144.48
30268,11738,36,3,28.03,84.09
30269,11738,51,2,39.87,79.74
30270,11739,55,4,28.88,115.52
30271,11739,31,1,181.56,181.56
30272,11740,27,2,21.31,42.62
30273,11740,21,1,87.09,87.09
30274,11740,20,3,13.55,40.650000000000006
30275,11741,8,3,128.25,384.75
30276,11741,38,1,79.04,79.04
30277,11742,13,4,51.53,206.12
30278,11742,7,4,15.3,61.2
30279,11742,5,3,38.27,114.81
30280,11742,19,3,18.9,56.699999999999996
30281,11742,25,4,29.29,117.16
30282,11743,47,2,48.91,97.82
30283,11743,24,1,20.72,20.72
30284,11744,4,3,43.71,131.13
30285,11745,49,2,25.79,51.58
30286,11745,15,2,54.7,109.4
30287,11745,4,4,45.14,180.56
30288,11745,20,3,15.36,46.08
30289,11745,24,1,21.07,21.07
30290,11746,15,3,54.9,164.7
30291,11746,48,4,102.79,411.16
30292,11746,10,2,17.34,34.68
30293,11746,31,3,189.83,569.49
30294,11746,33,1,47.66,47.66
30295,11747,55,3,29.38,88.14
30296,11747,17,2,145.69,291.38
30297,11747,26,4,18.91,75.64
30298,11748,12,3,65.29,195.87
30299,11748,55,3,28.99,86.97
30300,11748,8,3,115.08,345.24
30301,11748,4,3,43.33,129.99
30302,11749,42,4,67.73,270.92
30303,11750,42,2,62.16,124.32
30304,11751,50,4,14.71,58.84
30305,11751,44,1,71.15,71.15
30306,11751,28,4,67.21,268.84
30307,11751,51,2,40.58,81.16
30308,11752,42,3,68.67,206.01
30309,11752,14,4,36.83,147.32
30310,11752,24,2,21.32,42.64
30311,11752,22,4,233.01,932.04
30312,11753,17,2,148.6,297.2
30313,11753,53,3,42.17,126.51
30314,11754,11,4,41.85,167.4
30315,11754,43,1,89.6,89.6
30316,11754,49,2,23.85,47.7
30317,11755,8,2,127.96,255.92
30318,11755,50,4,16.44,65.76
30319,11755,55,4,29.93,119.72
30320,11755,53,2,46.16,92.32
30321,11755,24,4,19.78,79.12
30322,11756,53,1,42.9,42.9
30323,11756,10,4,17.37,69.48
30324,11756,30,4,94.23,376.92
30325,11757,48,3,94.3,282.9
30326,11758,35,1,14.39,14.39
30327,11759,55,2,29.41,58.82
30328,11760,7,1,15.7,15.7
30329,11760,34,4,30.96,123.84
30330,11760,10,1,17.27,17.27
30331,11761,9,3,53.0,159.0
30332,11761,37,3,53.22,159.66
30333,11762,27,1,23.15,23.15
30334,11763,14,1,35.92,35.92
30335,11763,4,3,48.18,144.54
30336,11763,25,1,29.21,29.21
30337,11764,55,1,32.49,32.49
30338,11764,4,2,46.52,93.04
30339,11764,39,4,30.55,122.2
30340,11764,8,3,127.08,381.24
30341,11765,22,2,241.86,483.72
30342,11766,50,3,15.81,47.43
30343,11766,40,1,18.98,18.98
30344,11766,36,3,30.17,90.51
30345,11767,31,3,189.57,568.71
30346,11767,20,4,13.33,53.32
30347,11768,37,4,53.14,212.56
30348,11768,43,1,88.81,88.81
30349,11768,46,3,54.25,162.75
30350,11769,14,2,37.94,75.88
30351,11769,13,2,47.81,95.62
30352,11770,2,1,91.66,91.66
30353,11770,54,1,21.86,21.86
30354,11770,38,2,74.02,148.04
30355,11771,32,4,17.64,70.56
30356,11771,11,3,40.49,121.47
30357,11771,37,4,53.12,212.48
30358,11772,6,2,22.46,44.92
30359,11772,3,2,28.06,56.12
30360,11772,17,2,156.84,313.68
30361,11773,2,2,84.98,169.96
30362,11773,48,1,97.01,97.01
30363,11773,49,2,24.16,48.32
30364,11773,36,4,29.21,116.84
30365,11774,47,3,43.09,129.27
30366,11774,43,2,90.91,181.82
30367,11774,40,4,17.14,68.56
30368,11774,2,3,85.42,256.26
30369,11774,28,4,67.37,269.48
30370,11775,32,4,18.68,74.72
30371,11775,2,3,80.76,242.28000000000003
30372,11775,21,1,87.07,87.07
30373,11776,16,4,383.37,1533.48
30374,11776,6,3,23.94,71.82000000000001
30375,11776,53,4,41.0,164.0
30376,11777,42,2,65.16,130.32
30377,11777,47,3,45.84,137.52
30378,11777,18,4,70.88,283.52
30379,11777,11,3,40.88,122.64000000000001
30380,11777,50,3,14.37,43.11
30381,11778,6,1,23.62,23.62
30382,11778,7,2,16.11,32.22
30383,11778,15,1,54.99,54.99
30384,11778,30,4,100.04,400.16
30385,11779,2,4,91.87,367.48
30386,11779,14,1,35.49,35.49
30387,11779,31,4,171.09,684.36
30388,11780,6,2,22.45,44.9
30389,11780,8,3,120.79,362.37
30390,11781,43,3,91.5,274.5
30391,11781,53,3,42.55,127.64999999999999
30392,11782,9,2,57.79,115.58
30393,11782,50,2,14.32,28.64
30394,11783,17,4,143.45,573.8
30395,11783,7,4,16.11,64.44
30396,11783,20,3,13.61,40.83
30397,11783,37,3,55.05,165.14999999999998
30398,11784,5,3,36.86,110.58
30399,11785,4,2,48.53,97.06
30400,11785,5,4,36.91,147.64
30401,11785,54,3,23.61,70.83
30402,11786,10,2,18.93,37.86
30403,11786,13,1,48.8,48.8
30404,11787,12,3,68.99,206.96999999999997
30405,11787,55,3,30.52,91.56
30406,11788,40,2,18.76,37.52
30407,11788,6,3,21.32,63.96
30408,11788,39,3,33.96,101.88
30409,11788,24,3,20.55,61.650000000000006
30410,11789,55,1,29.28,29.28
30411,11789,50,4,15.99,63.96
30412,11789,39,2,30.58,61.16
30413,11789,41,1,46.69,46.69
30414,11790,3,2,30.49,60.98
30415,11790,23,1,100.07,100.07
30416,11790,1,2,12.77,25.54
30417,11791,51,2,38.57,77.14
30418,11791,50,4,14.81,59.24
30419,11792,16,2,380.68,761.36
30420,11793,16,3,368.45,1105.35
30421,11794,48,1,91.68,91.68
30422,11794,51,3,40.24,120.72
30423,11794,33,3,47.63,142.89000000000001
30424,11794,52,2,21.63,43.26
30425,11795,22,1,221.99,221.99
30426,11796,33,3,45.85,137.55
30427,11796,4,3,44.87,134.60999999999999
30428,11796,6,1,22.0,22.0
30429,11796,14,1,37.51,37.51
30430,11796,40,1,19.14,19.14
30431,11797,46,1,52.56,52.56
30432,11797,54,3,22.68,68.03999999999999
30433,11797,25,3,26.82,80.46000000000001
30434,11798,36,2,29.84,59.68
30435,11798,1,3,12.74,38.22
30436,11798,54,1,22.47,22.47
30437,11798,19,3,17.88,53.64
30438,11799,10,1,17.62,17.62
30439,11799,42,2,66.6,133.2
30440,11800,1,4,13.16,52.64
30441,11801,1,2,12.76,25.52
30442,11802,6,1,21.7,21.7
30443,11802,18,2,69.39,138.78
30444,11802,30,3,95.21,285.63
30445,11802,21,2,89.05,178.1
30446,11803,5,2,40.48,80.96
30447,11803,7,1,15.96,15.96
30448,11804,25,3,30.55,91.65
30449,11804,45,3,72.42,217.26
30450,11804,18,4,73.23,292.92
30451,11805,11,3,44.81,134.43
30452,11806,37,2,52.58,105.16
30453,11806,20,3,13.36,40.08
30454,11807,25,3,27.45,82.35
30455,11807,33,4,47.27,189.08
30456,11807,44,2,74.64,149.28
30457,11807,19,3,19.31,57.92999999999999
30458,11808,31,2,183.55,367.1
30459,11808,16,2,365.03,730.06
30460,11808,5,3,36.16,108.47999999999999
30461,11809,42,3,68.49,205.46999999999997
30462,11809,40,1,18.1,18.1
30463,11809,50,2,16.0,32.0
30464,11810,54,3,22.27,66.81
30465,11810,16,4,381.21,1524.84
30466,11810,10,4,18.69,74.76
30467,11810,40,3,18.12,54.36
30468,11811,42,2,65.15,130.3
30469,11811,18,1,78.84,78.84
30470,11811,13,1,51.56,51.56
30471,11811,54,1,23.82,23.82
30472,11812,47,1,48.84,48.84
30473,11812,46,2,58.88,117.76
30474,11812,12,4,63.84,255.36
30475,11813,44,3,73.8,221.39999999999998
30476,11813,33,1,45.28,45.28
30477,11814,28,4,67.76,271.04
30478,11815,49,3,27.3,81.9
30479,11816,36,1,29.47,29.47
30480,11817,50,4,15.06,60.24
30481,11817,26,4,19.7,78.8
30482,11817,45,3,66.22,198.66
30483,11817,52,3,23.93,71.78999999999999
30484,11817,4,2,46.42,92.84
30485,11818,21,3,86.81,260.43
30486,11818,41,4,52.28,209.12
30487,11819,50,4,15.94,63.76
30488,11819,26,1,18.17,18.17
30489,11819,21,4,86.19,344.76
30490,11819,6,3,23.85,71.55000000000001
30491,11820,47,4,49.16,196.64
30492,11821,55,4,31.25,125.0
30493,11821,11,2,43.13,86.26
30494,11821,33,2,42.94,85.88
30495,11821,21,1,84.14,84.14
30496,11822,13,4,51.57,206.28
30497,11822,24,4,20.99,83.96
30498,11823,41,1,51.3,51.3
30499,11823,18,1,72.25,72.25
30500,11824,32,2,18.54,37.08
30501,11824,16,2,414.09,828.18
30502,11824,31,2,186.87,373.74
30503,11825,51,4,37.63,150.52
30504,11825,52,4,21.21,84.84
30505,11825,12,4,61.97,247.88
30506,11825,40,4,17.37,69.48
30507,11826,55,2,28.57,57.14
30508,11826,25,1,28.08,28.08
30509,11826,54,3,24.12,72.36
30510,11827,22,2,229.39,458.78
30511,11827,50,1,15.48,15.48
30512,11827,15,4,55.56,222.24
30513,11827,19,2,17.92,35.84
30514,11827,13,3,50.25,150.75
30515,11828,44,2,76.56,153.12
30516,11828,46,2,57.16,114.32
30517,11829,20,1,14.5,14.5
30518,11829,50,2,15.54,31.08
30519,11829,36,1,27.06,27.06
30520,11830,32,1,17.82,17.82
30521,11830,2,2,80.91,161.82
30522,11831,55,1,28.51,28.51
30523,11831,38,2,69.21,138.42
30524,11831,2,3,89.92,269.76
30525,11831,28,1,61.27,61.27
30526,11831,42,2,69.32,138.64
30527,11832,41,1,49.72,49.72
30528,11832,34,2,31.74,63.48
30529,11832,14,1,36.22,36.22
30530,11832,53,1,42.22,42.22
30531,11833,26,4,17.59,70.36
30532,11833,24,3,21.34,64.02
30533,11833,45,2,72.95,145.9
30534,11833,12,3,65.45,196.35000000000002
30535,11833,54,4,22.28,89.12
30536,11834,30,4,100.59,402.36
30537,11834,18,2,73.05,146.1
30538,11835,33,4,49.3,197.2
30539,11835,46,4,52.92,211.68
30540,11835,36,2,26.78,53.56
30541,11835,16,4,372.54,1490.16
30542,11835,2,4,88.8,355.2
30543,11836,51,1,38.57,38.57
30544,11836,33,4,47.48,189.92
30545,11837,5,4,41.03,164.12
30546,11837,25,1,29.36,29.36
30547,11838,44,4,78.9,315.6
30548,11838,32,4,19.34,77.36
30549,11838,46,2,54.4,108.8
30550,11838,45,4,73.83,295.32
30551,11838,52,2,23.42,46.84
30552,11839,47,1,46.1,46.1
30553,11839,51,3,37.45,112.35000000000001
30554,11840,53,2,43.28,86.56
30555,11840,39,2,31.84,63.68
30556,11841,55,2,28.68,57.36
30557,11841,26,1,19.19,19.19
30558,11842,53,4,45.22,180.88
30559,11842,48,4,94.74,378.96
30560,11842,18,4,74.9,299.6
30561,11842,35,2,15.81,31.62
30562,11843,41,3,51.8,155.39999999999998
30563,11843,12,4,66.95,267.8
30564,11843,9,4,59.1,236.4
30565,11844,9,3,53.95,161.85000000000002
30566,11844,33,3,47.03,141.09
30567,11845,14,4,37.83,151.32
30568,11845,8,1,127.62,127.62
30569,11845,51,4,37.81,151.24
30570,11846,42,2,65.12,130.24
30571,11846,43,4,96.0,384.0
30572,11846,37,3,54.91,164.73
30573,11847,25,2,29.35,58.7
30574,11847,49,4,24.49,97.96
30575,11847,34,2,35.03,70.06
30576,11848,24,2,21.72,43.44
30577,11848,33,4,48.23,192.92
30578,11849,41,1,49.52,49.52
30579,11849,55,4,30.25,121.0
30580,11849,42,4,69.48,277.92
30581,11849,43,1,83.71,83.71
30582,11849,44,2,68.54,137.08
30583,11850,18,2,78.41,156.82
30584,11850,13,4,46.48,185.92
30585,11850,26,1,17.83,17.83
30586,11851,12,4,70.79,283.16
30587,11851,14,4,38.35,153.4
30588,11852,4,3,47.39,142.17000000000002
30589,11853,9,3,58.22,174.66
30590,11853,47,1,48.79,48.79
30591,11854,33,1,46.9,46.9
30592,11854,14,2,33.97,67.94
30593,11854,44,1,70.79,70.79
30594,11855,20,3,15.27,45.81
30595,11856,25,1,30.01,30.01
30596,11856,4,4,47.3,189.2
30597,11856,34,1,32.24,32.24
30598,11857,48,4,95.63,382.52
30599,11857,33,3,45.68,137.04
30600,11858,20,2,13.79,27.58
30601,11858,12,1,68.42,68.42
30602,11859,35,3,14.92,44.76
30603,11859,31,3,175.14,525.42
30604,11859,7,1,15.17,15.17
30605,11860,17,4,153.27,613.08
30606,11860,3,3,26.94,80.82000000000001
30607,11861,43,4,93.21,372.84
30608,11862,1,3,13.17,39.51
30609,11863,11,4,43.45,173.8
30610,11863,42,1,64.8,64.8
30611,11863,31,4,177.69,710.76
30612,11863,30,3,92.86,278.58
30613,11864,40,4,18.86,75.44
30614,11865,25,4,29.67,118.68
30615,11865,28,4,67.77,271.08
30616,11865,49,3,27.01,81.03
30617,11865,8,2,125.3,250.6
30618,11866,8,1,129.93,129.93
30619,11866,45,1,64.67,64.67
30620,11867,42,4,63.35,253.4
30621,11868,49,3,24.57,73.71000000000001
30622,11869,4,4,43.52,174.08
30623,11869,28,4,59.02,236.08
30624,11870,50,3,16.2,48.599999999999994
30625,11870,7,3,14.84,44.519999999999996
30626,11871,22,2,223.06,446.12
30627,11872,11,4,41.34,165.36
30628,11872,53,3,43.8,131.39999999999998
30629,11872,2,3,90.61,271.83
30630,11872,21,3,87.56,262.68
30631,11872,22,1,223.29,223.29
30632,11873,19,2,17.61,35.22
30633,11873,12,2,70.32,140.64
30634,11873,31,4,178.29,713.16
30635,11873,53,2,41.47,82.94
30636,11873,8,1,122.55,122.55
30637,11874,52,1,22.52,22.52
30638,11875,45,3,73.5,220.5
30639,11876,27,1,21.51,21.51
30640,11877,37,4,59.71,238.84
30641,11877,48,4,98.34,393.36
30642,11878,39,4,34.02,136.08
30643,11878,53,1,39.92,39.92
30644,11878,50,3,14.3,42.900000000000006
30645,11878,48,2,92.61,185.22
30646,11878,42,4,67.52,270.08
30647,11879,4,3,44.6,133.8
30648,11879,14,3,37.89,113.67
30649,11879,38,1,73.49,73.49
30650,11880,3,4,30.26,121.04
30651,11880,45,4,68.5,274.0
30652,11881,3,3,28.64,85.92
30653,11882,38,1,74.16,74.16
30654,11883,7,1,15.32,15.32
30655,11883,54,3,21.09,63.269999999999996
30656,11883,16,3,413.87,1241.6100000000001
30657,11883,39,2,31.11,62.22
30658,11884,47,3,45.68,137.04
30659,11884,55,2,30.19,60.38
30660,11884,20,4,14.51,58.04
30661,11884,7,3,16.09,48.269999999999996
30662,11884,48,2,100.09,200.18
30663,11885,26,3,18.35,55.050000000000004
30664,11885,24,2,20.61,41.22
30665,11886,55,1,32.12,32.12
30666,11886,36,1,29.47,29.47
30667,11886,37,4,57.94,231.76
30668,11887,43,2,88.73,177.46
30669,11888,42,2,65.42,130.84
30670,11889,8,1,123.02,123.02
30671,11890,53,3,42.94,128.82
30672,11891,27,4,22.18,88.72
30673,11891,13,3,51.76,155.28
30674,11891,47,3,47.51,142.53
30675,11892,52,2,23.4,46.8
30676,11893,9,3,60.32,180.96
30677,11893,26,2,18.94,37.88
30678,11894,30,1,102.74,102.74
30679,11895,12,2,68.2,136.4
30680,11895,29,3,37.1,111.30000000000001
30681,11895,1,3,12.71,38.13
30682,11896,36,4,30.74,122.96
30683,11896,39,2,34.73,69.46
30684,11896,10,4,17.35,69.4
30685,11897,8,2,128.5,257.0
30686,11898,32,1,18.47,18.47
30687,11899,38,2,73.62,147.24
30688,11899,46,4,56.24,224.96
30689,11900,11,1,40.14,40.14
30690,11900,28,1,65.76,65.76
30691,11900,35,2,15.77,31.54
30692,11900,49,3,24.76,74.28
30693,11900,14,1,34.01,34.01
30694,11901,32,3,18.41,55.230000000000004
30695,11901,10,1,18.65,18.65
30696,11901,5,4,40.95,163.8
30697,11902,7,1,15.22,15.22
30698,11903,17,2,157.69,315.38
30699,11903,27,3,22.15,66.44999999999999
30700,11904,40,1,19.12,19.12
30701,11905,47,4,42.93,171.72
30702,11905,35,4,14.72,58.88
30703,11906,4,4,43.48,173.92
30704,11906,50,1,14.99,14.99
30705,11906,32,4,17.13,68.52
30706,11907,54,4,22.65,90.6
30707,11908,39,3,31.58,94.74
30708,11908,1,2,12.53,25.06
30709,11908,35,4,16.3,65.2
30710,11909,45,4,70.64,282.56
30711,11910,44,1,70.36,70.36
30712,11911,6,2,21.26,42.52
30713,11912,53,4,43.5,174.0
30714,11913,10,1,18.79,18.79
30715,11913,49,4,24.67,98.68
30716,11913,24,4,21.96,87.84
30717,11913,46,3,53.71,161.13
30718,11914,13,4,46.77,187.08
30719,11914,40,1,19.69,19.69
30720,11914,18,2,71.65,143.3
30721,11915,23,2,99.78,199.56
30722,11915,16,4,404.61,1618.44
30723,11915,13,2,51.88,103.76
30724,11915,31,3,176.66,529.98
30725,11915,27,4,22.46,89.84
30726,11916,46,4,52.93,211.72
30727,11916,16,3,381.17,1143.51
30728,11916,17,1,158.5,158.5
30729,11916,10,3,18.35,55.050000000000004
30730,11917,26,3,17.86,53.58
30731,11917,5,4,38.89,155.56
30732,11918,14,1,36.22,36.22
30733,11919,55,4,30.92,123.68
30734,11919,53,1,42.03,42.03
30735,11920,5,1,36.81,36.81
30736,11920,4,3,48.01,144.03
30737,11920,42,3,63.66,190.98
30738,11920,37,3,56.76,170.28
30739,11920,7,2,16.43,32.86
30740,11921,16,4,384.8,1539.2
30741,11921,13,2,50.95,101.9
30742,11922,16,3,405.19,1215.57
30743,11922,22,4,237.78,951.12
30744,11922,43,1,96.16,96.16
30745,11923,54,1,23.23,23.23
30746,11923,42,4,70.82,283.28
30747,11923,55,4,32.37,129.48
30748,11924,40,4,18.55,74.2
30749,11925,2,3,90.62,271.86
30750,11925,20,1,14.9,14.9
30751,11926,55,4,30.31,121.24
30752,11926,32,1,17.59,17.59
30753,11926,5,2,37.28,74.56
30754,11926,22,4,231.17,924.68
30755,11926,14,4,38.49,153.96
30756,11927,18,4,72.51,290.04
30757,11927,17,2,148.6,297.2
30758,11927,19,2,17.37,34.74
30759,11927,20,2,14.63,29.26
30760,11927,24,2,19.87,39.74
30761,11928,40,4,19.62,78.48
30762,11928,11,4,44.7,178.8
30763,11928,42,2,67.48,134.96
30764,11928,19,1,18.62,18.62
30765,11929,10,1,17.65,17.65
30766,11929,26,4,17.46,69.84
30767,11929,52,2,23.57,47.14
30768,11930,19,1,18.98,18.98
30769,11930,48,4,103.24,412.96
30770,11930,12,2,70.11,140.22
30771,11931,27,2,23.42,46.84
30772,11931,30,3,95.97,287.90999999999997
30773,11932,40,1,17.88,17.88
30774,11932,6,4,24.16,96.64
30775,11932,18,2,75.02,150.04
30776,11932,15,1,55.02,55.02
30777,11933,53,2,45.19,90.38
30778,11934,21,4,88.57,354.28
30779,11934,28,1,66.69,66.69
30780,11934,34,2,34.16,68.32
30781,11935,48,1,103.12,103.12
30782,11936,20,3,13.88,41.64
30783,11936,52,1,22.54,22.54
30784,11936,51,3,40.75,122.25
30785,11937,32,1,17.71,17.71
30786,11937,31,2,192.94,385.88
30787,11938,9,2,55.83,111.66
30788,11938,6,3,23.64,70.92
30789,11938,34,2,32.51,65.02
30790,11938,17,4,151.01,604.04
30791,11939,17,1,144.91,144.91
30792,11940,29,3,38.14,114.42
30793,11940,47,4,46.62,186.48
30794,11940,12,4,69.86,279.44
30795,11941,48,2,95.1,190.2
30796,11941,25,1,30.43,30.43
30797,11942,15,4,56.15,224.6
30798,11942,28,3,65.24,195.71999999999997
30799,11942,24,3,20.59,61.769999999999996
30800,11943,12,1,62.65,62.65
30801,11943,13,2,46.84,93.68
30802,11943,26,2,17.67,35.34
30803,11943,47,1,48.04,48.04
30804,11943,5,4,38.16,152.64
30805,11944,20,2,14.89,29.78
30806,11944,22,2,209.79,419.58
30807,11944,45,4,68.09,272.36
30808,11945,40,1,17.66,17.66
30809,11945,28,3,62.05,186.14999999999998
30810,11946,52,2,20.91,41.82
30811,11946,20,2,13.32,26.64
30812,11946,31,4,178.48,713.92
30813,11947,47,2,48.73,97.46
30814,11947,36,4,28.39,113.56
30815,11947,29,2,36.84,73.68
30816,11947,14,4,36.53,146.12
30817,11947,13,3,49.52,148.56
30818,11948,12,4,63.9,255.6
30819,11949,28,2,61.94,123.88
30820,11950,35,1,15.19,15.19
30821,11950,49,2,25.94,51.88
30822,11950,25,1,27.57,27.57
30823,11951,2,3,92.83,278.49
30824,11952,37,1,53.69,53.69
30825,11952,1,4,11.97,47.88
30826,11952,33,3,45.79,137.37
30827,11952,44,3,74.08,222.24
30828,11953,53,3,40.81,122.43
30829,11953,18,4,73.01,292.04
30830,11954,10,3,17.24,51.72
30831,11955,43,4,84.59,338.36
30832,11955,38,3,77.93,233.79000000000002
30833,11955,40,1,18.91,18.91
30834,11955,31,4,171.44,685.76
30835,11955,9,4,60.24,240.96
30836,11956,2,2,81.53,163.06
30837,11957,18,1,70.89,70.89
30838,11957,19,2,17.23,34.46
30839,11958,42,2,62.07,124.14
30840,11959,37,3,54.95,164.85000000000002
30841,11959,46,3,54.62,163.85999999999999
30842,11959,34,3,31.85,95.55000000000001
30843,11959,32,4,18.04,72.16
30844,11959,40,3,19.19,57.57000000000001
30845,11960,50,4,14.31,57.24
30846,11960,4,2,45.25,90.5
30847,11961,43,1,94.89,94.89
30848,11961,35,4,15.41,61.64
30849,11961,37,3,59.92,179.76
30850,11961,24,2,20.7,41.4
30851,11962,51,4,39.02,156.08
30852,11962,47,1,47.59,47.59
30853,11962,35,4,15.35,61.4
30854,11963,31,1,179.02,179.02
30855,11963,42,3,70.93,212.79000000000002
30856,11963,1,2,12.18,24.36
30857,11964,13,4,48.77,195.08
30858,11964,47,1,44.53,44.53
30859,11965,15,2,50.46,100.92
30860,11965,19,3,18.04,54.12
30861,11966,37,1,52.53,52.53
30862,11966,35,4,15.31,61.24
30863,11966,27,2,21.52,43.04
30864,11967,9,3,59.93,179.79
30865,11967,39,2,32.59,65.18
30866,11968,30,1,102.75,102.75
30867,11968,46,1,58.93,58.93
30868,11968,24,4,19.75,79.0
30869,11969,38,3,71.42,214.26
30870,11970,44,4,73.24,292.96
30871,11971,11,2,41.55,83.1
30872,11971,1,1,12.77,12.77
30873,11972,2,2,81.43,162.86
30874,11972,29,4,36.18,144.72
30875,11972,15,3,52.56,157.68
30876,11973,12,4,70.99,283.96
30877,11974,18,4,72.28,289.12
30878,11975,45,3,69.64,208.92000000000002
30879,11976,31,4,178.47,713.88
30880,11977,33,1,44.45,44.45
30881,11977,16,3,393.73,1181.19
30882,11978,34,3,32.03,96.09
30883,11978,14,2,34.08,68.16
30884,11978,37,4,58.53,234.12
30885,11979,20,1,14.98,14.98
30886,11980,23,2,91.28,182.56
30887,11980,18,2,73.66,147.32
30888,11981,20,2,14.51,29.02
30889,11982,34,3,32.2,96.60000000000001
30890,11983,29,3,37.69,113.07
30891,11983,32,2,19.6,39.2
30892,11983,55,1,29.37,29.37
30893,11983,46,3,54.69,164.07
30894,11983,17,1,156.56,156.56
30895,11984,27,1,23.29,23.29
30896,11985,52,1,21.89,21.89
30897,11985,25,3,27.85,83.55000000000001
30898,11985,15,4,51.43,205.72
30899,11986,14,3,37.76,113.28
30900,11986,44,3,78.07,234.20999999999998
30901,11986,11,1,41.76,41.76
30902,11987,4,3,48.83,146.49
30903,11987,53,2,42.87,85.74
30904,11987,38,2,71.92,143.84
30905,11988,25,3,27.69,83.07000000000001
30906,11988,50,2,15.62,31.24
30907,11988,2,2,88.29,176.58
30908,11989,52,2,21.02,42.04
30909,11990,31,2,181.95,363.9
30910,11990,52,4,24.1,96.4
30911,11991,2,2,88.23,176.46
30912,11992,26,2,18.02,36.04
30913,11992,36,1,29.0,29.0
30914,11993,13,2,51.3,102.6
30915,11994,47,3,45.5,136.5
30916,11995,18,4,68.43,273.72
30917,11995,17,3,150.55,451.65000000000003
30918,11995,2,2,82.05,164.1
30919,11996,38,2,70.78,141.56
30920,11996,12,3,69.38,208.14
30921,11996,55,3,32.43,97.28999999999999
30922,11997,33,2,43.91,87.82
30923,11997,41,3,46.85,140.55
30924,11997,46,2,56.53,113.06
30925,11998,19,2,19.67,39.34
30926,11999,46,3,52.31,156.93
30927,11999,34,1,33.07,33.07
30928,12000,55,3,28.69,86.07000000000001
